# Multi-exponential function with noise
# Each row corresponds to a time step (n_steps=10000)
# Columns: observables S_n(t) [nm]
# Parameters of each observable: 
# Observable 1: offset=1.7, timescales=[10.0, 1000.0], amplitude=[0.2, 1.0], sigma=0.05
# Observable 2: offset=1.3, timescales=[7.0, 2000.0], amplitude=[1.2, 1.4], sigma=0.04
# Observable 3: offset=1.2, timescales=[8.0, 100.0, 1500.0], amplitude=[0.5, 1.9, 0.9], sigma=0.05
# 
4.467674493789672852e-01 -1.292160153388977051e+00 -2.110443592071533203e+00
3.793310225009918213e-01 -1.076605319976806641e+00 -2.034749269485473633e+00
5.064244866371154785e-01 -9.630288481712341309e-01 -1.954794049263000488e+00
5.516315698623657227e-01 -7.675147652626037598e-01 -1.900717735290527344e+00
5.800898075103759766e-01 -8.200361132621765137e-01 -1.736274719238281250e+00
4.983189702033996582e-01 -7.538094520568847656e-01 -1.839506745338439941e+00
5.435339808464050293e-01 -6.594606637954711914e-01 -1.771809339523315430e+00
5.732831358909606934e-01 -5.845663547515869141e-01 -1.556908607482910156e+00
5.798824429512023926e-01 -4.823606312274932861e-01 -1.657594084739685059e+00
6.125588417053222656e-01 -3.676214218139648438e-01 -1.679155111312866211e+00
6.672234535217285156e-01 -3.735515773296356201e-01 -1.529818415641784668e+00
6.504127383232116699e-01 -3.141211271286010742e-01 -1.590369820594787598e+00
5.806772112846374512e-01 -3.480761647224426270e-01 -1.538122534751892090e+00
5.691126585006713867e-01 -2.969688475131988525e-01 -1.485593557357788086e+00
6.446838378906250000e-01 -2.628376483917236328e-01 -1.415120124816894531e+00
6.730571985244750977e-01 -2.638590335845947266e-01 -1.367676019668579102e+00
5.961140394210815430e-01 -1.503057926893234253e-01 -1.328980207443237305e+00
6.046705842018127441e-01 -1.534489989280700684e-01 -1.323045730590820312e+00
6.676674485206604004e-01 -1.178138479590415955e-01 -1.303470015525817871e+00
7.100788354873657227e-01 -9.443116188049316406e-02 -1.314901232719421387e+00
6.173555850982666016e-01 -1.031689941883087158e-01 -1.355530381202697754e+00
6.644068956375122070e-01 -9.146181493997573853e-02 -1.223375678062438965e+00
7.013140916824340820e-01 -1.503254324197769165e-01 -1.211354494094848633e+00
6.673669815063476562e-01 -1.107265725731849670e-01 -1.219417929649353027e+00
6.957795619964599609e-01 -1.264571994543075562e-01 -1.160777688026428223e+00
7.219697237014770508e-01 -6.586846709251403809e-02 -1.207900643348693848e+00
7.114384174346923828e-01 -1.575933247804641724e-01 -1.161160707473754883e+00
6.521701216697692871e-01 -1.356337666511535645e-01 -1.070450305938720703e+00
6.879432201385498047e-01 -1.029095128178596497e-01 -1.205662250518798828e+00
6.795256733894348145e-01 -1.110776215791702271e-01 -1.082688450813293457e+00
7.425362467765808105e-01 -9.503190219402313232e-02 -1.118615031242370605e+00
7.383369803428649902e-01 -2.078304253518581390e-02 -1.074846744537353516e+00
7.640489935874938965e-01 -2.166577056050300598e-02 -1.023006677627563477e+00
7.304862141609191895e-01 -7.734489440917968750e-02 -1.018245100975036621e+00
7.410386800765991211e-01 -8.030886203050613403e-02 -1.065177559852600098e+00
7.591015696525573730e-01 -5.755719169974327087e-02 -1.035097599029541016e+00
8.179410099983215332e-01 -6.703349947929382324e-02 -1.117576360702514648e+00
7.582138180732727051e-01 -8.079419285058975220e-02 -1.090304970741271973e+00
7.953116297721862793e-01 -4.600830376148223877e-02 -1.004693627357482910e+00
7.230592370033264160e-01 -9.560778737068176270e-02 -7.984724044799804688e-01
7.674112319946289062e-01 -1.130344420671463013e-01 -9.200198054313659668e-01
6.839775443077087402e-01 -9.887956827878952026e-02 -9.002376794815063477e-01
7.462010979652404785e-01 -1.013524606823921204e-01 -8.887930512428283691e-01
7.363834977149963379e-01 -7.679916173219680786e-02 -1.001120448112487793e+00
6.739754080772399902e-01 -9.045275300741195679e-02 -8.851339817047119141e-01
7.664027810096740723e-01 -7.153032720088958740e-02 -8.426590561866760254e-01
6.975641250610351562e-01 -1.135148182511329651e-01 -7.242387533187866211e-01
8.056152462959289551e-01 -4.905566945672035217e-02 -8.337656855583190918e-01
7.590082883834838867e-01 -5.469794198870658875e-02 -8.274095654487609863e-01
7.606011033058166504e-01 1.279727276414632797e-02 -8.844129443168640137e-01
8.141711950302124023e-01 -5.958832055330276489e-02 -8.764057159423828125e-01
6.945238709449768066e-01 1.238130871206521988e-02 -8.246911168098449707e-01
6.631842851638793945e-01 1.115692127496004105e-02 -8.208035826683044434e-01
7.753375768661499023e-01 -8.690938353538513184e-03 -7.271654605865478516e-01
7.305899262428283691e-01 -1.105701103806495667e-01 -7.712494134902954102e-01
6.078931689262390137e-01 -1.017602980136871338e-01 -8.891597986221313477e-01
8.386276364326477051e-01 -5.112483352422714233e-02 -7.655446529388427734e-01
8.378384113311767578e-01 -1.170252785086631775e-01 -6.909165382385253906e-01
6.828269362449645996e-01 -2.527547627687454224e-02 -6.391393542289733887e-01
7.463223338127136230e-01 -7.732697576284408569e-02 -7.128838300704956055e-01
7.852132916450500488e-01 -1.121604815125465393e-02 -7.061096429824829102e-01
7.438814043998718262e-01 -7.510805875062942505e-02 -5.665187835693359375e-01
7.071083188056945801e-01 -1.744408346712589264e-02 -6.621844172477722168e-01
8.326179981231689453e-01 -6.936091184616088867e-02 -6.600738763809204102e-01
7.618376612663269043e-01 -4.810718074440956116e-02 -6.049499511718750000e-01
7.828829288482666016e-01 -8.334434032440185547e-02 -6.665991544723510742e-01
6.945316195487976074e-01 3.222265280783176422e-03 -6.442763805389404297e-01
7.468581795692443848e-01 -6.704304367303848267e-02 -6.532613635063171387e-01
7.449321150779724121e-01 -4.606239497661590576e-02 -6.231814622879028320e-01
7.520676255226135254e-01 -7.735751569271087646e-02 -6.242710947990417480e-01
8.002658486366271973e-01 -5.634004995226860046e-02 -5.602298974990844727e-01
7.646284699440002441e-01 -8.997489511966705322e-02 -6.321198940277099609e-01
8.452801704406738281e-01 -7.929501682519912720e-02 -5.838958024978637695e-01
7.181326746940612793e-01 -8.687652647495269775e-02 -5.479644536972045898e-01
7.581906318664550781e-01 -7.473047822713851929e-02 -5.343399643898010254e-01
8.501512408256530762e-01 -4.196640220470726490e-04 -5.693624615669250488e-01
7.777499556541442871e-01 -7.623594999313354492e-02 -5.178141593933105469e-01
7.342723011970520020e-01 -4.968077316880226135e-02 -5.650904178619384766e-01
7.937878370285034180e-01 -8.062692731618881226e-02 -5.014962553977966309e-01
8.585513234138488770e-01 -7.927396893501281738e-02 -4.612977802753448486e-01
7.970407605171203613e-01 -4.579936712980270386e-02 -4.316049516201019287e-01
8.490048050880432129e-01 -1.951512647792696953e-03 -4.278499186038970947e-01
7.775168418884277344e-01 -1.190521568059921265e-01 -5.473753809928894043e-01
7.838968038558959961e-01 3.643803671002388000e-02 -5.532271265983581543e-01
7.622272372245788574e-01 -6.795423477888107300e-02 -4.498874247074127197e-01
7.413530349731445312e-01 -5.938133597373962402e-02 -4.575743079185485840e-01
7.055636644363403320e-01 -1.028035883791744709e-03 -4.110623896121978760e-01
7.661122679710388184e-01 -9.736389666795730591e-02 -4.988790154457092285e-01
7.783868312835693359e-01 -7.780431210994720459e-02 -4.844475388526916504e-01
8.217539787292480469e-01 -9.456282854080200195e-02 -3.692999482154846191e-01
8.264881968498229980e-01 -4.886772483587265015e-02 -3.856926560401916504e-01
8.229550719261169434e-01 -1.067449897527694702e-02 -3.884955942630767822e-01
7.952023148536682129e-01 -8.138228207826614380e-03 -3.870473802089691162e-01
7.950805425643920898e-01 -3.389459475874900818e-02 -4.821318089962005615e-01
7.406421899795532227e-01 -3.457085415720939636e-02 -3.923006653785705566e-01
7.693220376968383789e-01 -3.746568923816084862e-03 -4.045895934104919434e-01
8.269842267036437988e-01 -4.401554819196462631e-03 -3.609635233879089355e-01
7.779769897460937500e-01 -3.006203100085258484e-02 -4.104554057121276855e-01
8.371082544326782227e-01 -1.063164044171571732e-02 -3.852656781673431396e-01
8.063243031501770020e-01 -1.018936932086944580e-01 -2.354675084352493286e-01
8.666163682937622070e-01 -7.490848004817962646e-02 -3.567442297935485840e-01
8.544663190841674805e-01 3.727454692125320435e-02 -3.237967789173126221e-01
8.800196051597595215e-01 1.108196657150983810e-02 -3.146066665649414062e-01
8.493762016296386719e-01 -5.595868825912475586e-02 -4.120709300041198730e-01
8.441922068595886230e-01 -6.220324337482452393e-02 -3.756847679615020752e-01
7.943831682205200195e-01 -7.633022964000701904e-02 -3.284039795398712158e-01
8.184524178504943848e-01 -3.784476593136787415e-02 -3.427988886833190918e-01
8.353893160820007324e-01 -7.781645655632019043e-02 -3.229818344116210938e-01
8.011170029640197754e-01 -3.923568874597549438e-02 -2.918664813041687012e-01
8.099724650382995605e-01 2.392832189798355103e-02 -2.408849298954010010e-01
8.549999594688415527e-01 1.487962994724512100e-02 -2.921209633350372314e-01
7.636880278587341309e-01 -4.954789951443672180e-02 -2.542596161365509033e-01
7.085968255996704102e-01 3.673949837684631348e-02 -2.839468717575073242e-01
7.018963694572448730e-01 -4.024237021803855896e-02 -2.385964542627334595e-01
7.951160073280334473e-01 7.485287636518478394e-02 -2.619380056858062744e-01
8.434894680976867676e-01 4.189000651240348816e-02 -2.548747658729553223e-01
7.702395319938659668e-01 -6.361283361911773682e-02 -2.308689653873443604e-01
8.584809899330139160e-01 7.096440996974706650e-03 -2.257611602544784546e-01
7.986513376235961914e-01 -2.158045396208763123e-02 -2.566829025745391846e-01
8.332329988479614258e-01 -2.747259475290775299e-02 -2.319643944501876831e-01
8.452765941619873047e-01 -8.768321573734283447e-02 -1.415385901927947998e-01
7.937736511230468750e-01 -1.007708162069320679e-01 -2.517582178115844727e-01
8.378684520721435547e-01 8.813178283162415028e-04 -2.083092778921127319e-01
7.426968216896057129e-01 2.536443248391151428e-02 -1.045506298542022705e-01
9.042183756828308105e-01 -4.951882734894752502e-02 -2.004051953554153442e-01
8.660095334053039551e-01 1.308428868651390076e-02 -1.547189354896545410e-01
8.180305957794189453e-01 4.023253545165061951e-02 -1.316745392978191376e-02
8.317084908485412598e-01 1.800221204757690430e-02 -2.641019821166992188e-01
8.275685906410217285e-01 6.969120004214346409e-04 -1.105622649192810059e-01
8.723173141479492188e-01 -8.516020327806472778e-02 -8.949334174394607544e-02
8.252180814743041992e-01 -2.369841188192367554e-02 -1.066338345408439636e-01
7.662371993064880371e-01 -4.528040066361427307e-02 -1.343097835779190063e-01
8.098737001419067383e-01 -1.990181207656860352e-02 -2.016585022211074829e-01
8.367039561271667480e-01 1.053230557590723038e-02 -1.372242420911788940e-01
8.907996416091918945e-01 6.360308825969696045e-02 -1.387824416160583496e-01
8.374636173248291016e-01 -2.302549593150615692e-02 -1.762488633394241333e-01
8.613272309303283691e-01 5.143050104379653931e-02 -6.493973731994628906e-02
7.875305414199829102e-01 -1.951367594301700592e-02 -5.912506952881813049e-02
7.730077505111694336e-01 7.620029151439666748e-03 -7.822149991989135742e-02
9.290164709091186523e-01 -3.719386085867881775e-02 -1.154257729649543762e-01
8.432769179344177246e-01 -6.065851822495460510e-02 -1.446539610624313354e-01
7.710996866226196289e-01 -6.194229423999786377e-02 -1.433379054069519043e-01
7.691079974174499512e-01 1.383555773645639420e-02 -4.482859373092651367e-02
7.479306459426879883e-01 -5.787438247352838516e-03 -7.637539505958557129e-02
8.687782883644104004e-01 8.936055004596710205e-03 -1.236345898360013962e-02
7.764832377433776855e-01 5.186500027775764465e-02 -3.361471369862556458e-02
8.744568228721618652e-01 5.688003450632095337e-02 -2.560287714004516602e-02
8.599108457565307617e-01 -1.352841686457395554e-02 -1.666198074817657471e-01
8.245972394943237305e-01 4.678596183657646179e-02 -5.228798836469650269e-02
8.571345806121826172e-01 -2.207339368760585785e-02 -3.866256447508931160e-03
7.458217144012451172e-01 -2.438835613429546356e-02 -3.485014289617538452e-02
8.024418950080871582e-01 4.162600263953208923e-03 6.748405098915100098e-02
7.945094108581542969e-01 -2.638320624828338623e-02 -7.618413120508193970e-02
9.083496928215026855e-01 4.661779850721359253e-02 6.633192766457796097e-03
8.782462477684020996e-01 -2.504652179777622223e-02 4.332138632889837027e-04
7.786300182342529297e-01 4.035677388310432434e-02 -6.061254814267158508e-02
8.560255169868469238e-01 1.284206565469503403e-02 -7.186797261238098145e-02
9.238477349281311035e-01 8.147925138473510742e-02 -3.498433157801628113e-02
7.821923494338989258e-01 3.086375072598457336e-02 -4.607933387160301208e-02
8.433946967124938965e-01 1.052626525051891804e-03 -6.708545982837677002e-02
9.624040126800537109e-01 -7.874297350645065308e-02 4.240680485963821411e-02
8.817114233970642090e-01 2.988725528120994568e-02 1.045532803982496262e-02
7.654917240142822266e-01 7.405030727386474609e-02 -1.096671912819147110e-02
8.578046560287475586e-01 5.914147198200225830e-02 1.060400740243494511e-03
9.067862033843994141e-01 2.230462059378623962e-02 1.119732707738876343e-01
8.855667710304260254e-01 -3.708122670650482178e-02 4.018629714846611023e-02
7.851544022560119629e-01 2.437600865960121155e-02 -3.147637471556663513e-02
8.451446890830993652e-01 9.253579191863536835e-03 3.547808527946472168e-02
7.773960828781127930e-01 1.016720477491617203e-02 -7.276993244886398315e-03
8.405879139900207520e-01 -2.610743744298815727e-03 -4.678507149219512939e-02
8.064216971397399902e-01 4.064943641424179077e-03 1.712111569941043854e-02
7.992504835128784180e-01 3.245076537132263184e-02 8.995626121759414673e-02
8.614100217819213867e-01 -3.210890293121337891e-02 -8.238102309405803680e-03
9.633483290672302246e-01 3.245607390999794006e-02 7.593299448490142822e-02
9.482225775718688965e-01 2.725262381136417389e-02 8.928224444389343262e-02
8.687236905097961426e-01 7.124911993741989136e-02 1.764078252017498016e-02
8.683316707611083984e-01 2.165405079722404480e-02 1.370198130607604980e-01
8.685750365257263184e-01 -7.428230345249176025e-02 1.231135949492454529e-01
8.553238511085510254e-01 3.008823469281196594e-02 -8.725498802959918976e-03
8.496633172035217285e-01 1.714067533612251282e-02 6.009285897016525269e-02
7.881841659545898438e-01 3.664943948388099670e-02 1.075963303446769714e-01
8.571916818618774414e-01 4.227893427014350891e-02 8.840028196573257446e-02
8.298891782760620117e-01 -2.064329944550991058e-02 7.934745401144027710e-02
7.816556692123413086e-01 -2.032099291682243347e-02 1.177836880087852478e-01
8.483820557594299316e-01 5.779803171753883362e-02 8.109705895185470581e-02
8.531376123428344727e-01 9.700304828584194183e-03 -1.790021359920501709e-02
9.654963016510009766e-01 6.843913812190294266e-03 6.627025455236434937e-02
1.004346013069152832e+00 5.093596410006284714e-03 9.104333817958831787e-02
8.399596810340881348e-01 6.454661488533020020e-02 1.001600399613380432e-01
8.324973583221435547e-01 2.881524711847305298e-02 1.478609293699264526e-01
8.023594021797180176e-01 -8.967582881450653076e-02 1.053045988082885742e-01
8.845611810684204102e-01 5.077726766467094421e-02 5.243673920631408691e-02
8.792946338653564453e-01 2.410189621150493622e-02 6.359212100505828857e-02
8.154175877571105957e-01 4.619700461626052856e-02 1.772432923316955566e-01
8.743865489959716797e-01 8.148732036352157593e-02 5.064306780695915222e-02
9.263650774955749512e-01 3.767044469714164734e-02 2.212190926074981689e-01
9.237868189811706543e-01 4.074288159608840942e-02 1.503536999225616455e-01
8.060768246650695801e-01 8.087892085313796997e-02 1.484019458293914795e-01
8.598182201385498047e-01 5.527017265558242798e-02 1.636857092380523682e-01
9.346126914024353027e-01 3.770089149475097656e-02 1.694959998130798340e-01
8.617129325866699219e-01 3.299266844987869263e-02 1.431290209293365479e-01
9.315720796585083008e-01 4.017240926623344421e-02 1.351856887340545654e-01
8.957502245903015137e-01 8.140305429697036743e-02 1.002878397703170776e-01
8.718786835670471191e-01 2.399914897978305817e-03 1.338866651058197021e-01
8.340396285057067871e-01 7.273367047309875488e-02 2.329056859016418457e-01
7.936404943466186523e-01 1.537774968892335892e-02 1.737828552722930908e-01
8.135898113250732422e-01 1.039221957325935364e-01 1.796563565731048584e-01
9.277572035789489746e-01 -4.391239583492279053e-02 1.173238456249237061e-01
8.838825225830078125e-01 3.994027152657508850e-02 1.338882446289062500e-01
8.894701600074768066e-01 1.647202670574188232e-02 2.188853174448013306e-01
8.907896280288696289e-01 1.210665777325630188e-01 2.061313688755035400e-01
9.030139446258544922e-01 1.537713594734668732e-02 1.359439641237258911e-01
9.007365703582763672e-01 1.101909205317497253e-01 2.006061077117919922e-01
9.132607579231262207e-01 2.149434015154838562e-02 1.510223150253295898e-01
8.825253844261169434e-01 5.262904614210128784e-02 2.060694694519042969e-01
9.331712722778320312e-01 9.952788800001144409e-02 1.980428397655487061e-01
9.212766289710998535e-01 1.786920614540576935e-02 2.420146167278289795e-01
9.641907215118408203e-01 6.092667207121849060e-02 2.074494957923889160e-01
7.974596023559570312e-01 6.086484342813491821e-02 2.260477989912033081e-01
9.713534116744995117e-01 -1.191850192844867706e-02 2.067903876304626465e-01
9.351891279220581055e-01 7.385442405939102173e-02 1.756663322448730469e-01
8.186861276626586914e-01 1.687815412878990173e-02 2.051377743482589722e-01
8.938314318656921387e-01 1.207644194364547729e-01 2.731383144855499268e-01
1.013896584510803223e+00 4.299743846058845520e-02 1.165346056222915649e-01
9.081706404685974121e-01 4.959423094987869263e-02 2.932502627372741699e-01
8.377436399459838867e-01 -3.205967694520950317e-02 2.230969369411468506e-01
8.902952075004577637e-01 -7.886712998151779175e-02 2.878046631813049316e-01
8.715887069702148438e-01 7.228493690490722656e-02 2.957493960857391357e-01
9.108037352561950684e-01 1.001099869608879089e-02 2.092321813106536865e-01
8.890771269798278809e-01 -9.158954955637454987e-03 2.608681023120880127e-01
8.547211289405822754e-01 5.399423465132713318e-02 2.180987298488616943e-01
1.020306944847106934e+00 1.457790881395339966e-01 3.143404126167297363e-01
9.480494856834411621e-01 5.694161355495452881e-02 2.543608546257019043e-01
9.019269347190856934e-01 6.830374896526336670e-02 2.811866700649261475e-01
8.334087133407592773e-01 1.216928008943796158e-02 2.099637538194656372e-01
8.980048894882202148e-01 7.679946720600128174e-02 2.527961432933807373e-01
8.335207700729370117e-01 2.922933362424373627e-02 2.924781143665313721e-01
8.589279651641845703e-01 8.487023413181304932e-02 3.094156384468078613e-01
9.459816813468933105e-01 2.545730397105216980e-02 2.477703094482421875e-01
9.614279866218566895e-01 4.006044939160346985e-02 1.545336246490478516e-01
1.009717702865600586e+00 1.549689024686813354e-01 2.622962296009063721e-01
9.233636856079101562e-01 8.034228533506393433e-02 2.635704874992370605e-01
9.652764201164245605e-01 6.290361285209655762e-02 2.173262238502502441e-01
8.574036359786987305e-01 2.961770631372928619e-02 3.405320048332214355e-01
9.212430715560913086e-01 1.095865666866302490e-01 2.044768035411834717e-01
1.001006364822387695e+00 3.315183892846107483e-02 2.658910453319549561e-01
8.933610916137695312e-01 -5.777949094772338867e-02 1.752228140830993652e-01
9.464965462684631348e-01 9.808634221553802490e-02 2.999152243137359619e-01
9.695720672607421875e-01 9.627193957567214966e-02 3.318128585815429688e-01
8.850457668304443359e-01 5.909975245594978333e-02 3.107654750347137451e-01
9.143863916397094727e-01 7.758539915084838867e-02 3.052530586719512939e-01
9.708636999130249023e-01 7.930243015289306641e-02 1.839231252670288086e-01
9.518755674362182617e-01 1.100286841392517090e-01 2.199268192052841187e-01
9.865487217903137207e-01 3.022585622966289520e-02 3.163269758224487305e-01
1.022485017776489258e+00 7.216091733425855637e-03 2.989737093448638916e-01
9.764855504035949707e-01 4.812090843915939331e-02 2.576591968536376953e-01
9.278212189674377441e-01 7.081761211156845093e-02 2.339554429054260254e-01
9.861395359039306641e-01 2.004992961883544922e-02 3.484479188919067383e-01
8.389084935188293457e-01 5.268193036317825317e-02 2.429859191179275513e-01
9.308958053588867188e-01 5.305086821317672729e-02 3.350696861743927002e-01
8.809279203414916992e-01 5.550717562437057495e-02 3.032814562320709229e-01
9.277583360671997070e-01 1.111677512526512146e-01 3.211539089679718018e-01
9.243568181991577148e-01 1.193725615739822388e-01 2.549054622650146484e-01
8.379748463630676270e-01 3.372798115015029907e-02 2.553845643997192383e-01
9.063204526901245117e-01 9.842623770236968994e-02 2.383720725774765015e-01
8.502691388130187988e-01 9.615463763475418091e-02 3.003019392490386963e-01
9.585667252540588379e-01 9.241263568401336670e-02 2.498091459274291992e-01
9.926787614822387695e-01 1.272050142288208008e-01 3.146257400512695312e-01
9.538127183914184570e-01 6.098016351461410522e-02 3.234797120094299316e-01
9.660783410072326660e-01 1.187507286667823792e-01 2.426653057336807251e-01
9.507344961166381836e-01 1.029194742441177368e-01 3.520864546298980713e-01
8.783330917358398438e-01 4.475110769271850586e-02 3.051930069923400879e-01
9.251188039779663086e-01 1.072469055652618408e-01 2.714287638664245605e-01
9.733138084411621094e-01 4.491097480058670044e-02 4.092077016830444336e-01
1.044867277145385742e+00 9.939984232187271118e-02 3.471557796001434326e-01
8.916868567466735840e-01 1.121434271335601807e-01 3.525605797767639160e-01
9.461880326271057129e-01 1.173039451241493225e-01 2.908553183078765869e-01
9.449058175086975098e-01 1.284152567386627197e-01 3.784475028514862061e-01
9.645906090736389160e-01 5.617165938019752502e-02 3.313979804515838623e-01
9.480305314064025879e-01 6.871469318866729736e-02 3.123262524604797363e-01
9.942499399185180664e-01 5.791832879185676575e-02 3.446260392665863037e-01
9.401018023490905762e-01 6.989076733589172363e-02 3.263275027275085449e-01
9.640037417411804199e-01 3.693920793011784554e-03 2.922816872596740723e-01
9.094978570938110352e-01 7.317569851875305176e-02 4.105392694473266602e-01
9.880279898643493652e-01 3.449359908699989319e-02 2.689786851406097412e-01
9.644843935966491699e-01 8.053890615701675415e-02 3.146059513092041016e-01
9.266613125801086426e-01 8.394496142864227295e-02 4.162349402904510498e-01
9.626604914665222168e-01 7.858864217996597290e-02 3.128950595855712891e-01
1.002663969993591309e+00 8.144326508045196533e-02 3.811982572078704834e-01
9.181322455406188965e-01 9.511514008045196533e-02 2.652029395103454590e-01
1.036665201187133789e+00 1.171066537499427795e-01 2.951774597167968750e-01
9.480736851692199707e-01 5.385542660951614380e-02 4.027961492538452148e-01
9.796484112739562988e-01 5.046998709440231323e-02 3.021221458911895752e-01
9.521502852439880371e-01 9.486491233110427856e-02 3.129040896892547607e-01
9.531015753746032715e-01 8.053600043058395386e-02 4.319968223571777344e-01
9.497404694557189941e-01 5.243429541587829590e-02 2.967954874038696289e-01
9.540240168571472168e-01 8.064303547143936157e-02 3.783713281154632568e-01
9.115917682647705078e-01 7.015244662761688232e-02 3.281136453151702881e-01
1.012030482292175293e+00 1.247308254241943359e-01 3.394770324230194092e-01
9.803674221038818359e-01 1.216106787323951721e-01 3.786158859729766846e-01
9.594382047653198242e-01 1.150605678558349609e-01 4.480756521224975586e-01
9.471829533576965332e-01 3.727227821946144104e-02 4.271561503410339355e-01
9.677584767341613770e-01 9.563347697257995605e-02 3.585566878318786621e-01
9.643783569335937500e-01 9.164013713598251343e-02 3.851132094860076904e-01
9.488949775695800781e-01 1.639396399259567261e-01 4.045586287975311279e-01
8.870652914047241211e-01 9.434679895639419556e-02 3.607039153575897217e-01
1.006749868392944336e+00 1.183395832777023315e-01 3.885081112384796143e-01
8.740078806877136230e-01 1.488153189420700073e-01 3.321549296379089355e-01
9.621162414550781250e-01 7.008606940507888794e-02 3.793288767337799072e-01
1.009277701377868652e+00 1.242213100194931030e-01 3.987872898578643799e-01
9.119429588317871094e-01 7.185406982898712158e-02 4.186994433403015137e-01
1.029384136199951172e+00 1.350866258144378662e-01 3.304398655891418457e-01
9.985907673835754395e-01 5.627319589257240295e-02 4.329880177974700928e-01
9.528501033782958984e-01 2.135810256004333496e-02 4.245243370532989502e-01
1.076144099235534668e+00 9.157545864582061768e-03 4.065069258213043213e-01
9.514471292495727539e-01 1.202752217650413513e-01 5.284203886985778809e-01
8.622769713401794434e-01 7.305012643337249756e-02 4.245148599147796631e-01
9.994039535522460938e-01 1.368146687746047974e-01 3.172655403614044189e-01
9.747649431228637695e-01 1.220166683197021484e-01 4.032846689224243164e-01
9.952117800712585449e-01 9.454036504030227661e-02 4.682924151420593262e-01
9.558252692222595215e-01 8.517051488161087036e-02 3.152473270893096924e-01
1.016404032707214355e+00 8.962172269821166992e-02 4.378576576709747314e-01
9.889132976531982422e-01 1.430233120918273926e-01 3.791993558406829834e-01
1.050029635429382324e+00 1.554497927427291870e-01 3.769176900386810303e-01
9.525761604309082031e-01 9.499983489513397217e-02 3.374302983283996582e-01
1.056845307350158691e+00 8.569795638322830200e-02 3.906582295894622803e-01
8.468046188354492188e-01 2.881267108023166656e-03 4.210333526134490967e-01
9.079917073249816895e-01 9.655450284481048584e-02 4.453294873237609863e-01
1.036045432090759277e+00 1.290812809020280838e-02 3.935038149356842041e-01
1.005560874938964844e+00 7.925660908222198486e-02 4.352283477783203125e-01
9.657030105590820312e-01 9.176507592201232910e-02 4.174426794052124023e-01
1.003950357437133789e+00 1.363198459148406982e-01 4.494237899780273438e-01
9.492034912109375000e-01 1.644569188356399536e-01 4.404061138629913330e-01
1.046208858489990234e+00 1.314651668071746826e-01 3.380739688873291016e-01
1.074206113815307617e+00 1.693954020738601685e-01 4.415629506111145020e-01
1.002983570098876953e+00 1.484655439853668213e-01 3.968554139137268066e-01
8.878419399261474609e-01 1.209043338894844055e-01 3.621144294738769531e-01
1.011753201484680176e+00 1.207209527492523193e-01 4.854562878608703613e-01
1.001223325729370117e+00 1.099473163485527039e-01 4.488506317138671875e-01
9.815034866333007812e-01 9.095542132854461670e-02 4.238556325435638428e-01
1.090472221374511719e+00 1.100507006049156189e-01 4.155295789241790771e-01
1.011865377426147461e+00 1.762792468070983887e-01 4.348168075084686279e-01
9.692988991737365723e-01 8.144778758287429810e-02 4.041776955127716064e-01
1.048601508140563965e+00 1.442326009273529053e-01 4.356054365634918213e-01
1.120253682136535645e+00 1.507013589143753052e-01 4.271183609962463379e-01
9.480938315391540527e-01 1.777984499931335449e-01 4.189243316650390625e-01
1.067750096321105957e+00 2.082931846380233765e-01 4.059771597385406494e-01
9.611081480979919434e-01 3.446844220161437988e-02 4.827255904674530029e-01
1.068858146667480469e+00 1.148839667439460754e-01 3.831204473972320557e-01
1.005765438079833984e+00 1.579473614692687988e-01 2.908498942852020264e-01
9.877387881278991699e-01 1.430981159210205078e-01 4.002929627895355225e-01
1.041143774986267090e+00 1.233803257346153259e-01 4.393488764762878418e-01
9.776565432548522949e-01 7.443905621767044067e-02 4.407413601875305176e-01
1.085609912872314453e+00 1.876170784235000610e-01 3.785241246223449707e-01
1.030144214630126953e+00 1.954768598079681396e-01 4.968318343162536621e-01
9.897783994674682617e-01 9.397923946380615234e-02 4.398936033248901367e-01
9.989616274833679199e-01 1.155176907777786255e-01 3.443940877914428711e-01
1.010971069335937500e+00 1.826672703027725220e-01 3.836848437786102295e-01
9.960461258888244629e-01 8.660020679235458374e-02 4.328240454196929932e-01
9.880501627922058105e-01 1.169366687536239624e-01 5.236713886260986328e-01
9.505843520164489746e-01 1.159175485372543335e-01 3.843313157558441162e-01
8.877985477447509766e-01 1.705707907676696777e-01 3.711244761943817139e-01
1.011059403419494629e+00 1.259127110242843628e-01 4.294044673442840576e-01
1.019064188003540039e+00 1.636621952056884766e-01 4.480784237384796143e-01
1.068371534347534180e+00 1.204227432608604431e-01 4.966455698013305664e-01
9.871044158935546875e-01 8.586900681257247925e-02 5.389680862426757812e-01
9.933238029479980469e-01 9.327324479818344116e-02 4.124795496463775635e-01
1.016492605209350586e+00 1.385273635387420654e-01 3.959193527698516846e-01
1.006182193756103516e+00 1.232110038399696350e-01 4.630784690380096436e-01
9.486498832702636719e-01 1.075666695833206177e-01 4.519601464271545410e-01
9.907834529876708984e-01 1.694129854440689087e-01 3.682854473590850830e-01
1.015037775039672852e+00 7.882589101791381836e-02 4.624270498752593994e-01
1.071930289268493652e+00 1.649166047573089600e-01 4.051299691200256348e-01
1.035661220550537109e+00 5.106372386217117310e-02 4.724043011665344238e-01
1.037230014801025391e+00 1.788738518953323364e-01 5.108563303947448730e-01
1.034825205802917480e+00 9.321103990077972412e-02 4.070246517658233643e-01
9.698019623756408691e-01 1.469177752733230591e-01 4.454448223114013672e-01
1.100545287132263184e+00 1.280159652233123779e-01 4.408590793609619141e-01
1.024778962135314941e+00 1.938195526599884033e-01 4.030398428440093994e-01
9.929881095886230469e-01 1.300066411495208740e-01 4.695275425910949707e-01
9.919779896736145020e-01 1.402212828397750854e-01 5.237452983856201172e-01
9.729515314102172852e-01 1.644074320793151855e-01 4.476259350776672363e-01
9.199587702751159668e-01 1.270620077848434448e-01 4.440185129642486572e-01
9.238915443420410156e-01 1.190897747874259949e-01 5.249668955802917480e-01
9.658249020576477051e-01 1.188193559646606445e-01 5.105420947074890137e-01
1.119058370590209961e+00 2.006797343492507935e-01 5.283387303352355957e-01
9.954513311386108398e-01 1.884156167507171631e-01 5.014833807945251465e-01
1.070097565650939941e+00 1.708987206220626831e-01 5.461641550064086914e-01
1.026621341705322266e+00 1.440294086933135986e-01 4.707283973693847656e-01
1.080527305603027344e+00 1.098717749118804932e-01 4.414948821067810059e-01
1.069252014160156250e+00 1.601559668779373169e-01 5.173042416572570801e-01
9.765128493309020996e-01 1.753207743167877197e-01 3.633845150470733643e-01
1.018409967422485352e+00 1.048500984907150269e-01 4.520077407360076904e-01
1.028745055198669434e+00 1.530566960573196411e-01 4.330852329730987549e-01
9.535081386566162109e-01 1.689920574426651001e-01 4.898640513420104980e-01
9.175996780395507812e-01 9.242509305477142334e-02 4.851651787757873535e-01
1.023328900337219238e+00 8.597468584775924683e-02 4.502200186252593994e-01
8.670413494110107422e-01 1.850169897079467773e-01 4.979111552238464355e-01
9.334450364112854004e-01 1.581886559724807739e-01 5.631940364837646484e-01
9.520990252494812012e-01 1.540068238973617554e-01 5.834230780601501465e-01
1.010710597038269043e+00 1.031912639737129211e-01 5.784615278244018555e-01
1.045722246170043945e+00 1.366199851036071777e-01 4.310052990913391113e-01
1.106998682022094727e+00 1.069741398096084595e-01 4.533686041831970215e-01
1.080945134162902832e+00 1.616610139608383179e-01 4.793775379657745361e-01
1.019603967666625977e+00 2.422465831041336060e-01 4.954359531402587891e-01
1.005395174026489258e+00 1.758061051368713379e-01 4.295405149459838867e-01
1.077328562736511230e+00 1.912812590599060059e-01 4.184731245040893555e-01
1.013342857360839844e+00 1.789473444223403931e-01 4.956328868865966797e-01
1.056907773017883301e+00 2.329607456922531128e-01 4.903723299503326416e-01
1.033294916152954102e+00 1.686490327119827271e-01 4.511509537696838379e-01
1.027568340301513672e+00 1.375997364521026611e-01 3.951310813426971436e-01
1.077516913414001465e+00 1.186977699398994446e-01 4.437809884548187256e-01
1.086808085441589355e+00 1.497009247541427612e-01 5.828514099121093750e-01
1.036452054977416992e+00 2.068142443895339966e-01 4.091258049011230469e-01
1.012357354164123535e+00 1.986851096153259277e-01 4.651398360729217529e-01
9.916653037071228027e-01 1.625754386186599731e-01 5.600536465644836426e-01
1.101363182067871094e+00 1.455172896385192871e-01 4.995610415935516357e-01
1.108792185783386230e+00 1.209357604384422302e-01 4.586825966835021973e-01
1.086692094802856445e+00 1.570770144462585449e-01 4.849288463592529297e-01
1.132318139076232910e+00 1.371124833822250366e-01 4.700870215892791748e-01
1.111581683158874512e+00 1.428564637899398804e-01 4.119986593723297119e-01
1.063370585441589355e+00 1.725799441337585449e-01 4.490286707878112793e-01
1.116829037666320801e+00 1.867604702711105347e-01 5.317183732986450195e-01
9.969277977943420410e-01 2.175118178129196167e-01 4.779930412769317627e-01
1.024583935737609863e+00 1.617552787065505981e-01 5.632069110870361328e-01
9.583913087844848633e-01 1.056389957666397095e-01 5.418408513069152832e-01
1.011657595634460449e+00 1.896422505378723145e-01 4.735012650489807129e-01
1.009804606437683105e+00 1.869111806154251099e-01 4.273466467857360840e-01
1.106106400489807129e+00 1.990284025669097900e-01 5.674377679824829102e-01
1.057861089706420898e+00 1.644673049449920654e-01 4.731190502643585205e-01
9.868553280830383301e-01 1.598958522081375122e-01 3.683267831802368164e-01
1.041420936584472656e+00 2.267845422029495239e-01 5.752364397048950195e-01
1.125926852226257324e+00 2.103913724422454834e-01 4.459419548511505127e-01
1.062152147293090820e+00 1.533960551023483276e-01 5.004684925079345703e-01
1.024673581123352051e+00 1.734329164028167725e-01 5.172350406646728516e-01
1.070532441139221191e+00 1.799731552600860596e-01 5.394007563591003418e-01
1.037056565284729004e+00 2.065139263868331909e-01 5.327799320220947266e-01
9.824536442756652832e-01 1.623913049697875977e-01 5.207154154777526855e-01
1.024598240852355957e+00 1.510466933250427246e-01 5.327821969985961914e-01
1.113247513771057129e+00 1.760315001010894775e-01 4.858083426952362061e-01
1.009904384613037109e+00 1.329310238361358643e-01 3.494009971618652344e-01
1.056978344917297363e+00 1.791353374719619751e-01 5.116557478904724121e-01
1.063761234283447266e+00 1.762587726116180420e-01 5.495749115943908691e-01
1.159146308898925781e+00 1.516310870647430420e-01 5.399501919746398926e-01
1.019959568977355957e+00 2.165681123733520508e-01 6.522617340087890625e-01
1.151534438133239746e+00 1.348504573106765747e-01 5.739012956619262695e-01
1.013950943946838379e+00 2.036710083484649658e-01 4.546585083007812500e-01
1.046737551689147949e+00 1.744604110717773438e-01 4.591622352600097656e-01
1.009254217147827148e+00 1.374520808458328247e-01 5.548288226127624512e-01
1.055580377578735352e+00 1.499217599630355835e-01 5.255661606788635254e-01
1.013671636581420898e+00 1.977849900722503662e-01 4.527653455734252930e-01
1.154730677604675293e+00 5.548999458551406860e-02 5.051588416099548340e-01
1.151169419288635254e+00 2.421108484268188477e-01 5.624335408210754395e-01
1.003231167793273926e+00 1.925592720508575439e-01 5.202171206474304199e-01
1.163976669311523438e+00 1.747114360332489014e-01 4.936490952968597412e-01
1.072225689888000488e+00 1.930044591426849365e-01 4.865360856056213379e-01
1.142862677574157715e+00 2.053067088127136230e-01 5.683488845825195312e-01
1.021118283271789551e+00 1.679266989231109619e-01 5.505085587501525879e-01
1.113562226295471191e+00 1.911919713020324707e-01 5.175985097885131836e-01
1.003875613212585449e+00 1.769531369209289551e-01 5.261070132255554199e-01
1.055243015289306641e+00 1.428792029619216919e-01 5.691751241683959961e-01
1.090926766395568848e+00 1.682613641023635864e-01 4.702602624893188477e-01
1.072959780693054199e+00 1.484528779983520508e-01 4.926103055477142334e-01
1.136508345603942871e+00 1.733019500970840454e-01 4.967237710952758789e-01
1.079466342926025391e+00 1.208806037902832031e-01 5.729749202728271484e-01
9.799873232841491699e-01 2.107499539852142334e-01 5.810095071792602539e-01
1.045965433120727539e+00 1.289488673210144043e-01 5.133725404739379883e-01
1.103386402130126953e+00 1.373992115259170532e-01 5.964735746383666992e-01
1.062601447105407715e+00 2.571962475776672363e-01 5.021545886993408203e-01
1.032053232192993164e+00 2.295755892992019653e-01 4.878873229026794434e-01
1.059900641441345215e+00 2.835660874843597412e-01 4.046289920806884766e-01
1.116150498390197754e+00 1.862822324037551880e-01 5.246723294258117676e-01
1.012961387634277344e+00 1.507511138916015625e-01 5.320482850074768066e-01
1.108360767364501953e+00 1.903559565544128418e-01 4.975166618824005127e-01
1.068839192390441895e+00 1.785916388034820557e-01 5.155739784240722656e-01
1.089760303497314453e+00 2.295789867639541626e-01 5.347076058387756348e-01
1.117212772369384766e+00 2.476147562265396118e-01 5.526811480522155762e-01
1.077842116355895996e+00 1.985541582107543945e-01 5.763145685195922852e-01
1.058831334114074707e+00 1.171532124280929565e-01 5.865609645843505859e-01
1.119854331016540527e+00 1.487731337547302246e-01 4.508275389671325684e-01
1.080720067024230957e+00 1.817613542079925537e-01 4.869750738143920898e-01
1.013039827346801758e+00 1.869522780179977417e-01 5.774065256118774414e-01
1.146227359771728516e+00 1.910680979490280151e-01 5.619103312492370605e-01
1.138510584831237793e+00 2.390449941158294678e-01 4.952920973300933838e-01
1.082077503204345703e+00 1.674264967441558838e-01 5.216746926307678223e-01
1.099706768989562988e+00 2.564765810966491699e-01 4.758126735687255859e-01
1.121496558189392090e+00 1.862955242395401001e-01 5.898872613906860352e-01
1.028836488723754883e+00 2.272664457559585571e-01 6.040569543838500977e-01
1.067898869514465332e+00 2.124424725770950317e-01 5.165281891822814941e-01
9.835283756256103516e-01 1.721065193414688110e-01 5.235193371772766113e-01
1.088256239891052246e+00 2.059112191200256348e-01 5.403786301612854004e-01
1.068466544151306152e+00 2.764672636985778809e-01 6.529693603515625000e-01
1.052038550376892090e+00 1.768487244844436646e-01 5.976749062538146973e-01
1.121990799903869629e+00 2.333891838788986206e-01 4.944126904010772705e-01
1.155845999717712402e+00 1.476860195398330688e-01 5.678067207336425781e-01
1.110446095466613770e+00 1.534845381975173950e-01 5.123433470726013184e-01
9.815642833709716797e-01 2.416412532329559326e-01 6.348948478698730469e-01
1.074838876724243164e+00 1.732563525438308716e-01 5.305843949317932129e-01
1.088200449943542480e+00 1.690582484006881714e-01 4.795774817466735840e-01
1.111859083175659180e+00 2.497313618659973145e-01 5.544900894165039062e-01
1.106377363204956055e+00 2.511095404624938965e-01 6.112171411514282227e-01
1.044625520706176758e+00 1.897851824760437012e-01 5.641385912895202637e-01
1.074978113174438477e+00 1.660515367984771729e-01 6.234718561172485352e-01
9.958769679069519043e-01 1.911821961402893066e-01 5.869204998016357422e-01
1.031863212585449219e+00 2.558287084102630615e-01 4.522716403007507324e-01
1.107695937156677246e+00 2.279962003231048584e-01 5.375931859016418457e-01
1.060599803924560547e+00 1.801962703466415405e-01 5.264196395874023438e-01
1.029048800468444824e+00 2.610075771808624268e-01 5.775359869003295898e-01
1.165860772132873535e+00 1.871183365583419800e-01 5.068977475166320801e-01
1.135695457458496094e+00 2.179936915636062622e-01 4.850107133388519287e-01
1.092896938323974609e+00 1.907059103250503540e-01 5.188624858856201172e-01
1.106583714485168457e+00 1.914483755826950073e-01 5.877713561058044434e-01
9.919138550758361816e-01 1.804155111312866211e-01 5.689547657966613770e-01
1.129566311836242676e+00 2.106640487909317017e-01 6.455430388450622559e-01
1.187071919441223145e+00 2.278910875320434570e-01 5.221566557884216309e-01
1.081071972846984863e+00 3.174325227737426758e-01 5.617455244064331055e-01
1.068344831466674805e+00 2.452835440635681152e-01 5.665116906166076660e-01
1.084758162498474121e+00 2.605441808700561523e-01 4.760417938232421875e-01
1.099962115287780762e+00 1.550316959619522095e-01 5.787573456764221191e-01
1.110020875930786133e+00 2.111636996269226074e-01 5.338128805160522461e-01
1.166586518287658691e+00 1.663070619106292725e-01 5.605559349060058594e-01
1.136933922767639160e+00 1.624903082847595215e-01 5.411859750747680664e-01
1.083490967750549316e+00 2.097168713808059692e-01 5.106284618377685547e-01
1.145003795623779297e+00 2.609044611454010010e-01 5.618422031402587891e-01
1.144154310226440430e+00 2.440567761659622192e-01 5.414842963218688965e-01
1.060524582862854004e+00 1.974034905433654785e-01 5.984267592430114746e-01
1.099651336669921875e+00 1.911700069904327393e-01 6.113860011100769043e-01
1.140798926353454590e+00 2.232675105333328247e-01 5.852662324905395508e-01
1.117262363433837891e+00 1.680687069892883301e-01 5.034533739089965820e-01
1.113542914390563965e+00 2.062251120805740356e-01 5.517074465751647949e-01
1.122472286224365234e+00 2.641957700252532959e-01 5.011419057846069336e-01
1.051862478256225586e+00 2.079315483570098877e-01 5.838559269905090332e-01
1.013069033622741699e+00 1.851603984832763672e-01 5.819568634033203125e-01
1.055125474929809570e+00 1.889011710882186890e-01 4.796724319458007812e-01
1.120710968971252441e+00 2.222568839788436890e-01 5.865060687065124512e-01
1.097079992294311523e+00 1.320931315422058105e-01 5.734766721725463867e-01
9.953883290290832520e-01 2.020211368799209595e-01 5.935302972793579102e-01
1.098188757896423340e+00 2.458692938089370728e-01 6.124196052551269531e-01
1.121454596519470215e+00 2.509390115737915039e-01 6.476393342018127441e-01
1.056042671203613281e+00 2.520227730274200439e-01 5.482802391052246094e-01
1.076714873313903809e+00 2.135982066392898560e-01 5.160601139068603516e-01
1.165919661521911621e+00 2.480868250131607056e-01 4.729638397693634033e-01
1.179492473602294922e+00 2.738684117794036865e-01 5.507196187973022461e-01
1.013019800186157227e+00 2.664542794227600098e-01 5.995765328407287598e-01
1.105447649955749512e+00 1.986215412616729736e-01 5.619986653327941895e-01
1.135183811187744141e+00 3.631976544857025146e-01 6.089923977851867676e-01
1.115906238555908203e+00 2.369317412376403809e-01 6.707923412322998047e-01
1.150096416473388672e+00 3.172064125537872314e-01 6.085745692253112793e-01
1.198503851890563965e+00 2.434715032577514648e-01 5.532044172286987305e-01
1.223215460777282715e+00 2.539206147193908691e-01 6.064431667327880859e-01
1.122141361236572266e+00 2.249177545309066772e-01 5.354224443435668945e-01
1.110583424568176270e+00 1.981390267610549927e-01 5.867562294006347656e-01
1.142798066139221191e+00 2.471192777156829834e-01 5.845370292663574219e-01
1.127705216407775879e+00 2.633344829082489014e-01 5.584423542022705078e-01
1.058451414108276367e+00 2.230715155601501465e-01 5.364313721656799316e-01
1.172019600868225098e+00 2.099366933107376099e-01 6.725740432739257812e-01
1.071316719055175781e+00 2.484949678182601929e-01 6.215152740478515625e-01
1.122890353202819824e+00 2.906386256217956543e-01 5.098415017127990723e-01
1.156059622764587402e+00 2.058761715888977051e-01 5.728402137756347656e-01
1.071037530899047852e+00 2.075093239545822144e-01 5.645395517349243164e-01
1.145001173019409180e+00 2.572481036186218262e-01 5.591482520103454590e-01
1.115440726280212402e+00 2.169659584760665894e-01 5.888744592666625977e-01
1.158270716667175293e+00 2.459255456924438477e-01 6.310400962829589844e-01
1.082669138908386230e+00 1.610965132713317871e-01 5.275941491127014160e-01
1.199811697006225586e+00 2.678170800209045410e-01 5.530625581741333008e-01
1.167043209075927734e+00 2.722458839416503906e-01 6.653096079826354980e-01
1.189655423164367676e+00 2.106712907552719116e-01 5.356988310813903809e-01
1.193785309791564941e+00 2.039362788200378418e-01 5.938038229942321777e-01
1.229325175285339355e+00 1.873379349708557129e-01 5.912229418754577637e-01
1.184261322021484375e+00 1.767497211694717407e-01 6.650058031082153320e-01
1.110367178916931152e+00 1.659593731164932251e-01 5.716046094894409180e-01
1.195361018180847168e+00 2.278454750776290894e-01 7.189220190048217773e-01
1.115950345993041992e+00 2.574774026870727539e-01 5.126786828041076660e-01
1.169004321098327637e+00 3.157749176025390625e-01 4.972325563430786133e-01
1.140320181846618652e+00 2.245056927204132080e-01 6.332658529281616211e-01
1.175223827362060547e+00 3.185360133647918701e-01 5.772248506546020508e-01
1.154846668243408203e+00 2.598473131656646729e-01 5.804288983345031738e-01
1.203462600708007812e+00 2.709637582302093506e-01 5.439895987510681152e-01
1.257317066192626953e+00 2.549740374088287354e-01 5.780996084213256836e-01
1.069573044776916504e+00 2.381305545568466187e-01 5.617492198944091797e-01
1.112934231758117676e+00 2.280147075653076172e-01 5.020315051078796387e-01
1.110015511512756348e+00 2.482403367757797241e-01 5.774547457695007324e-01
1.131456255912780762e+00 2.462010383605957031e-01 5.485685467720031738e-01
1.079672336578369141e+00 1.744705885648727417e-01 6.673278808593750000e-01
1.094122529029846191e+00 2.738263010978698730e-01 6.217727065086364746e-01
1.093548655509948730e+00 2.658198177814483643e-01 5.923003554344177246e-01
1.084275245666503906e+00 2.448390424251556396e-01 6.197508573532104492e-01
1.111563205718994141e+00 2.724918723106384277e-01 6.286770701408386230e-01
1.147250890731811523e+00 2.824299633502960205e-01 5.866158008575439453e-01
1.093587636947631836e+00 2.501922845840454102e-01 5.269272923469543457e-01
1.133523106575012207e+00 2.348443567752838135e-01 5.476825237274169922e-01
1.136138796806335449e+00 2.934921681880950928e-01 5.801575183868408203e-01
1.113142251968383789e+00 3.129794597625732422e-01 5.807324647903442383e-01
1.111153244972229004e+00 1.469587981700897217e-01 6.046048402786254883e-01
1.084747314453125000e+00 2.581673860549926758e-01 6.396059393882751465e-01
1.153975486755371094e+00 2.807752192020416260e-01 5.288702249526977539e-01
1.118595600128173828e+00 2.876391112804412842e-01 5.118463635444641113e-01
1.120484113693237305e+00 3.245534002780914307e-01 6.039887666702270508e-01
1.085266351699829102e+00 3.372974693775177002e-01 6.147461533546447754e-01
1.211776256561279297e+00 2.532194554805755615e-01 5.274257659912109375e-01
1.221591114997863770e+00 3.106714785099029541e-01 6.398167014122009277e-01
1.127678513526916504e+00 2.948931455612182617e-01 6.118689775466918945e-01
1.193607807159423828e+00 1.925462186336517334e-01 5.943151712417602539e-01
1.164382457733154297e+00 2.718749642372131348e-01 6.138689517974853516e-01
1.135346651077270508e+00 2.539526820182800293e-01 6.480831503868103027e-01
1.247522234916687012e+00 2.374132126569747925e-01 5.869161486625671387e-01
1.075937509536743164e+00 2.263054400682449341e-01 5.306620597839355469e-01
1.199786305427551270e+00 2.690584063529968262e-01 6.091055274009704590e-01
1.199658274650573730e+00 3.234532773494720459e-01 6.917889714241027832e-01
1.152278780937194824e+00 2.153600901365280151e-01 6.139125823974609375e-01
1.071109294891357422e+00 3.183752298355102539e-01 5.068309307098388672e-01
1.071761965751647949e+00 2.784835696220397949e-01 6.620189547538757324e-01
1.133517742156982422e+00 2.693316340446472168e-01 5.217850208282470703e-01
1.136288523674011230e+00 3.081300556659698486e-01 6.588128209114074707e-01
1.090101122856140137e+00 3.148171305656433105e-01 5.818884372711181641e-01
1.099966645240783691e+00 3.120985627174377441e-01 5.363311767578125000e-01
1.208787560462951660e+00 2.781036198139190674e-01 5.580316781997680664e-01
1.174124002456665039e+00 2.573089599609375000e-01 5.967667102813720703e-01
1.157058835029602051e+00 2.231947630643844604e-01 5.632011890411376953e-01
1.116666913032531738e+00 2.986808419227600098e-01 5.624916553497314453e-01
1.138762712478637695e+00 2.918317615985870361e-01 5.212402939796447754e-01
1.175693869590759277e+00 2.998505234718322754e-01 5.295719504356384277e-01
1.088712692260742188e+00 2.826076149940490723e-01 5.966607928276062012e-01
1.171718478202819824e+00 2.564474940299987793e-01 6.552409529685974121e-01
1.215679526329040527e+00 2.626016736030578613e-01 6.047128438949584961e-01
1.139926671981811523e+00 2.760457396507263184e-01 6.523538827896118164e-01
1.253491759300231934e+00 2.994479537010192871e-01 6.255186796188354492e-01
1.157215833663940430e+00 2.219592183828353882e-01 6.204184293746948242e-01
1.185368776321411133e+00 2.497370094060897827e-01 6.952487230300903320e-01
1.161265492439270020e+00 2.425457090139389038e-01 6.156642436981201172e-01
1.201913118362426758e+00 2.612661123275756836e-01 6.082504987716674805e-01
1.211022019386291504e+00 2.741241157054901123e-01 5.945942997932434082e-01
1.126428604125976562e+00 3.204341530799865723e-01 6.816576719284057617e-01
1.110619783401489258e+00 2.886409461498260498e-01 5.954269170761108398e-01
1.114932537078857422e+00 3.623579144477844238e-01 6.628956794738769531e-01
1.186597943305969238e+00 3.190769553184509277e-01 6.378052234649658203e-01
1.184086799621582031e+00 2.271996885538101196e-01 6.299618482589721680e-01
1.164001822471618652e+00 2.961520552635192871e-01 7.105111479759216309e-01
1.171898365020751953e+00 2.092280238866806030e-01 6.187500953674316406e-01
1.159102082252502441e+00 2.570496499538421631e-01 5.416999459266662598e-01
1.097520947456359863e+00 2.696274518966674805e-01 6.224809288978576660e-01
1.203808665275573730e+00 2.353999465703964233e-01 5.136470198631286621e-01
1.105581045150756836e+00 3.977497220039367676e-01 6.095227003097534180e-01
1.169755458831787109e+00 2.803085744380950928e-01 6.368491053581237793e-01
1.152941703796386719e+00 2.801342606544494629e-01 5.654734969139099121e-01
1.182290554046630859e+00 2.628408968448638916e-01 6.802949905395507812e-01
1.198179244995117188e+00 2.998164594173431396e-01 6.166541576385498047e-01
1.179153442382812500e+00 2.800932824611663818e-01 6.561605334281921387e-01
1.156731009483337402e+00 2.275347858667373657e-01 6.702545881271362305e-01
1.273523569107055664e+00 3.087201714515686035e-01 5.795933008193969727e-01
1.217197656631469727e+00 2.969222962856292725e-01 6.186316609382629395e-01
1.111531615257263184e+00 2.610243260860443115e-01 6.596701145172119141e-01
1.130738615989685059e+00 2.901979684829711914e-01 6.449469923973083496e-01
1.180297255516052246e+00 2.833262383937835693e-01 5.509037971496582031e-01
1.217785596847534180e+00 3.171295523643493652e-01 5.993349552154541016e-01
1.143614888191223145e+00 2.481015473604202271e-01 6.318737268447875977e-01
1.168651700019836426e+00 3.365340530872344971e-01 6.305432319641113281e-01
1.160411477088928223e+00 3.305033743381500244e-01 6.684442758560180664e-01
1.160441398620605469e+00 3.549175560474395752e-01 5.881263613700866699e-01
1.147177100181579590e+00 3.711471557617187500e-01 5.614200830459594727e-01
1.074917435646057129e+00 2.593040764331817627e-01 6.839741468429565430e-01
1.239233493804931641e+00 3.403756022453308105e-01 5.468747615814208984e-01
1.173153519630432129e+00 3.245761692523956299e-01 6.106247305870056152e-01
1.048187017440795898e+00 3.917696774005889893e-01 6.219882965087890625e-01
1.164644956588745117e+00 2.972196340560913086e-01 5.505276918411254883e-01
1.079925775527954102e+00 3.246167898178100586e-01 6.618368625640869141e-01
1.127815008163452148e+00 3.153364062309265137e-01 6.797893643379211426e-01
1.190314888954162598e+00 3.072259128093719482e-01 6.487404108047485352e-01
1.255648732185363770e+00 2.926336824893951416e-01 6.013988852500915527e-01
1.264001131057739258e+00 3.764120936393737793e-01 6.158765554428100586e-01
1.172627091407775879e+00 2.548881173133850098e-01 6.014747023582458496e-01
1.106086254119873047e+00 2.746032476425170898e-01 5.909591913223266602e-01
1.184649109840393066e+00 2.816783189773559570e-01 6.277204751968383789e-01
1.137669801712036133e+00 2.602562606334686279e-01 6.011336445808410645e-01
1.138468861579895020e+00 2.737303376197814941e-01 6.518238186836242676e-01
1.031630992889404297e+00 2.117742151021957397e-01 5.627515316009521484e-01
1.233171939849853516e+00 3.334776461124420166e-01 6.816480159759521484e-01
1.183068871498107910e+00 4.006106555461883545e-01 6.086884140968322754e-01
1.177747130393981934e+00 3.058843910694122314e-01 6.395297050476074219e-01
1.095016002655029297e+00 2.511238753795623779e-01 6.442732214927673340e-01
1.192500710487365723e+00 3.272376656532287598e-01 6.844288706779479980e-01
1.097308874130249023e+00 3.760290145874023438e-01 5.869168043136596680e-01
1.207396030426025391e+00 2.634169757366180420e-01 7.170688509941101074e-01
1.188519835472106934e+00 2.732301652431488037e-01 6.094232797622680664e-01
1.345557689666748047e+00 2.956879138946533203e-01 5.757852196693420410e-01
1.263845920562744141e+00 3.092982470989227295e-01 6.208332777023315430e-01
1.210029840469360352e+00 3.312737047672271729e-01 6.582050919532775879e-01
1.211811184883117676e+00 3.203904628753662109e-01 6.012472510337829590e-01
1.221517682075500488e+00 3.316510617733001709e-01 6.302815675735473633e-01
1.210309386253356934e+00 2.961555123329162598e-01 6.475032567977905273e-01
1.262008428573608398e+00 3.536888062953948975e-01 6.726761460304260254e-01
1.073910713195800781e+00 3.419244587421417236e-01 5.955666899681091309e-01
1.219411730766296387e+00 3.249101340770721436e-01 5.947500467300415039e-01
1.160143136978149414e+00 3.633592724800109863e-01 5.527847409248352051e-01
1.204833865165710449e+00 3.533202111721038818e-01 6.248657107353210449e-01
1.298450589179992676e+00 3.496601879596710205e-01 5.443040132522583008e-01
1.158189415931701660e+00 3.198220133781433105e-01 6.188626885414123535e-01
1.151253104209899902e+00 2.815413177013397217e-01 6.271153092384338379e-01
1.208271503448486328e+00 3.401884734630584717e-01 6.170973777770996094e-01
1.251952767372131348e+00 3.785241246223449707e-01 6.872838735580444336e-01
1.239709019660949707e+00 3.452260792255401611e-01 5.307660102844238281e-01
1.244437575340270996e+00 2.892946302890777588e-01 6.337301731109619141e-01
1.231208205223083496e+00 3.246150612831115723e-01 5.637179017066955566e-01
1.144806385040283203e+00 2.481505274772644043e-01 5.182176828384399414e-01
1.161058187484741211e+00 3.354062736034393311e-01 6.658005118370056152e-01
1.185702800750732422e+00 2.967824041843414307e-01 6.783887743949890137e-01
1.251001715660095215e+00 3.271622955799102783e-01 6.859917640686035156e-01
1.144362211227416992e+00 2.833658456802368164e-01 5.995972156524658203e-01
1.172528147697448730e+00 2.969226837158203125e-01 6.442183256149291992e-01
1.171804428100585938e+00 3.436504602432250977e-01 6.451745629310607910e-01
1.185086846351623535e+00 3.105004727840423584e-01 6.319499611854553223e-01
1.185864567756652832e+00 2.980771660804748535e-01 6.327635645866394043e-01
1.257408976554870605e+00 3.506934046745300293e-01 5.899584293365478516e-01
1.182488203048706055e+00 3.791848719120025635e-01 7.312259674072265625e-01
1.300680041313171387e+00 3.380303382873535156e-01 5.624609589576721191e-01
1.221059679985046387e+00 2.894811928272247314e-01 6.776642799377441406e-01
1.163518905639648438e+00 2.851976454257965088e-01 6.412374973297119141e-01
1.292876720428466797e+00 2.884812951087951660e-01 5.692445635795593262e-01
1.183918476104736328e+00 3.350732326507568359e-01 6.877978444099426270e-01
1.205131173133850098e+00 2.669796943664550781e-01 7.231576442718505859e-01
1.206403493881225586e+00 2.727356255054473877e-01 6.441813111305236816e-01
1.192796349525451660e+00 2.796730697154998779e-01 6.576048731803894043e-01
1.267018079757690430e+00 3.407855033874511719e-01 6.577401757240295410e-01
1.234005093574523926e+00 3.044616281986236572e-01 5.882012844085693359e-01
1.218794584274291992e+00 2.705954015254974365e-01 7.234877943992614746e-01
1.213740706443786621e+00 3.313496410846710205e-01 5.900784134864807129e-01
1.257920145988464355e+00 3.763694763183593750e-01 7.274286150932312012e-01
1.162004232406616211e+00 3.506010472774505615e-01 6.760674715042114258e-01
1.213988065719604492e+00 3.240532279014587402e-01 6.442301273345947266e-01
1.295762062072753906e+00 3.319813907146453857e-01 7.194183468818664551e-01
1.252621412277221680e+00 3.017628192901611328e-01 7.143279910087585449e-01
1.116066575050354004e+00 2.907215356826782227e-01 6.741997003555297852e-01
1.288279056549072266e+00 3.572514057159423828e-01 5.978613495826721191e-01
1.223673224449157715e+00 2.983050644397735596e-01 6.083345413208007812e-01
1.236759781837463379e+00 2.932824790477752686e-01 6.235403418540954590e-01
1.218172430992126465e+00 3.628090918064117432e-01 6.270961761474609375e-01
1.283430099487304688e+00 2.642809450626373291e-01 6.280825734138488770e-01
1.246250987052917480e+00 2.904327809810638428e-01 5.888564586639404297e-01
1.107525944709777832e+00 3.223200440406799316e-01 6.852853894233703613e-01
1.300807714462280273e+00 4.320485293865203857e-01 7.318294048309326172e-01
1.248582482337951660e+00 3.088967800140380859e-01 5.857275724411010742e-01
1.201570391654968262e+00 2.775351703166961670e-01 6.547461152076721191e-01
1.161466956138610840e+00 3.584571480751037598e-01 6.405020356178283691e-01
1.288990736007690430e+00 3.792015314102172852e-01 6.769442558288574219e-01
1.186121821403503418e+00 3.665860593318939209e-01 6.271574497222900391e-01
1.172725558280944824e+00 3.296645283699035645e-01 6.740149259567260742e-01
1.269821166992187500e+00 3.781166374683380127e-01 6.023178696632385254e-01
1.196142911911010742e+00 3.969964981079101562e-01 6.547039151191711426e-01
1.271126985549926758e+00 3.612831830978393555e-01 6.870356798171997070e-01
1.347095966339111328e+00 3.513356447219848633e-01 6.625039577484130859e-01
1.165031194686889648e+00 3.001019656658172607e-01 6.208329200744628906e-01
1.203804492950439453e+00 3.596694469451904297e-01 6.339687705039978027e-01
1.175727248191833496e+00 3.348372578620910645e-01 6.512930989265441895e-01
1.141159534454345703e+00 3.782299160957336426e-01 6.366814374923706055e-01
1.231024980545043945e+00 2.596206367015838623e-01 6.573069691658020020e-01
1.204561710357666016e+00 3.152202367782592773e-01 6.577039957046508789e-01
1.179488062858581543e+00 3.661237359046936035e-01 6.508715748786926270e-01
1.281917095184326172e+00 2.794008851051330566e-01 7.361179590225219727e-01
1.315213799476623535e+00 3.563703894615173340e-01 6.421543359756469727e-01
1.306536436080932617e+00 3.139740228652954102e-01 6.145491600036621094e-01
1.223529815673828125e+00 3.828578889369964600e-01 6.344897150993347168e-01
1.312829852104187012e+00 2.641086280345916748e-01 6.917617917060852051e-01
1.182382225990295410e+00 3.060667514801025391e-01 7.230004072189331055e-01
1.336220502853393555e+00 4.045238196849822998e-01 7.010802626609802246e-01
1.338448524475097656e+00 2.833495438098907471e-01 6.277751922607421875e-01
1.116382360458374023e+00 4.479019045829772949e-01 6.300443410873413086e-01
1.237115979194641113e+00 3.729567229747772217e-01 7.468945384025573730e-01
1.276027679443359375e+00 3.557724654674530029e-01 6.863874793052673340e-01
1.366759777069091797e+00 3.482909202575683594e-01 6.815989613533020020e-01
1.263612866401672363e+00 3.210836350917816162e-01 7.204997539520263672e-01
1.199028968811035156e+00 3.284594416618347168e-01 6.247195601463317871e-01
1.284976363182067871e+00 3.223291039466857910e-01 6.246979236602783203e-01
1.250738739967346191e+00 2.840555906295776367e-01 5.822290778160095215e-01
1.205906629562377930e+00 3.496662080287933350e-01 6.696454286575317383e-01
1.222199082374572754e+00 3.218350708484649658e-01 6.235481500625610352e-01
1.273789405822753906e+00 4.281169474124908447e-01 6.059045791625976562e-01
1.250129103660583496e+00 3.432359397411346436e-01 6.814407706260681152e-01
1.273236870765686035e+00 4.265276789665222168e-01 6.851248741149902344e-01
1.301327824592590332e+00 3.986427187919616699e-01 6.577812433242797852e-01
1.203354120254516602e+00 3.072351515293121338e-01 6.552460193634033203e-01
1.221636295318603516e+00 2.903842628002166748e-01 7.111871838569641113e-01
1.241339325904846191e+00 3.365916907787322998e-01 6.460829973220825195e-01
1.262059688568115234e+00 3.103272318840026855e-01 7.003651261329650879e-01
1.202956080436706543e+00 3.440912365913391113e-01 7.016247510910034180e-01
1.197495698928833008e+00 3.183637261390686035e-01 7.251620888710021973e-01
1.249254465103149414e+00 3.683196306228637695e-01 6.233248114585876465e-01
1.237657546997070312e+00 3.515509963035583496e-01 5.661768913269042969e-01
1.237673759460449219e+00 3.024149835109710693e-01 6.700887084007263184e-01
1.254677295684814453e+00 3.880167603492736816e-01 6.223770380020141602e-01
1.284000277519226074e+00 4.534604251384735107e-01 7.610675692558288574e-01
1.299033880233764648e+00 4.391483068466186523e-01 6.595959663391113281e-01
1.311558127403259277e+00 3.231230974197387695e-01 6.999978423118591309e-01
1.256572723388671875e+00 4.023339152336120605e-01 6.678735017776489258e-01
1.285596847534179688e+00 3.993539810180664062e-01 7.171359658241271973e-01
1.215936064720153809e+00 3.293555378913879395e-01 7.526623010635375977e-01
1.265079140663146973e+00 3.852873444557189941e-01 6.866049170494079590e-01
1.217977046966552734e+00 3.224070966243743896e-01 6.748247742652893066e-01
1.175951123237609863e+00 3.468520641326904297e-01 6.720159053802490234e-01
1.233503818511962891e+00 3.871563374996185303e-01 6.071800589561462402e-01
1.338648557662963867e+00 3.347861766815185547e-01 5.904074311256408691e-01
1.247204184532165527e+00 3.966718018054962158e-01 6.473658680915832520e-01
1.283989429473876953e+00 3.539765477180480957e-01 6.741797327995300293e-01
1.278643012046813965e+00 3.271495997905731201e-01 7.745164036750793457e-01
1.330729007720947266e+00 3.963404297828674316e-01 6.227983832359313965e-01
1.193230748176574707e+00 3.953382074832916260e-01 7.344371676445007324e-01
1.242763161659240723e+00 4.074460268020629883e-01 6.815375089645385742e-01
1.324710130691528320e+00 3.936415910720825195e-01 7.218654155731201172e-01
1.231553077697753906e+00 3.537708520889282227e-01 6.118522286415100098e-01
1.223533987998962402e+00 3.596628606319427490e-01 7.198357582092285156e-01
1.290441513061523438e+00 4.288840889930725098e-01 6.580192446708679199e-01
1.236977100372314453e+00 3.371382355690002441e-01 7.467889785766601562e-01
1.155279874801635742e+00 3.049220442771911621e-01 6.781854033470153809e-01
1.234616994857788086e+00 3.827913701534271240e-01 6.790157556533813477e-01
1.227394700050354004e+00 3.894825875759124756e-01 7.313004732131958008e-01
1.288056731224060059e+00 3.766056597232818604e-01 7.541843056678771973e-01
1.244318246841430664e+00 3.574241101741790771e-01 5.978010892868041992e-01
1.322537064552307129e+00 3.036769926548004150e-01 7.006306052207946777e-01
1.262816309928894043e+00 2.783037722110748291e-01 7.416960597038269043e-01
1.269187569618225098e+00 4.832181036472320557e-01 6.557765603065490723e-01
1.247665762901306152e+00 4.032362401485443115e-01 6.209075450897216797e-01
1.361303448677062988e+00 4.578086435794830322e-01 6.209786534309387207e-01
1.236870408058166504e+00 3.485067188739776611e-01 7.016643285751342773e-01
1.293865084648132324e+00 2.980681359767913818e-01 6.504657268524169922e-01
1.261887669563293457e+00 3.885479569435119629e-01 6.329776048660278320e-01
1.220752477645874023e+00 3.267181217670440674e-01 6.980456113815307617e-01
1.294889688491821289e+00 3.319333493709564209e-01 7.146853804588317871e-01
1.269042849540710449e+00 4.321064651012420654e-01 6.985861063003540039e-01
1.237460017204284668e+00 3.189418613910675049e-01 6.688475012779235840e-01
1.320128798484802246e+00 3.648083508014678955e-01 6.941301226615905762e-01
1.262467503547668457e+00 3.864121437072753906e-01 7.722863554954528809e-01
1.299039006233215332e+00 4.122153520584106445e-01 6.247471570968627930e-01
1.260032892227172852e+00 4.447948634624481201e-01 6.512511372566223145e-01
1.277465224266052246e+00 3.253077268600463867e-01 6.845714449882507324e-01
1.361126661300659180e+00 3.663247227668762207e-01 6.798568367958068848e-01
1.231388449668884277e+00 3.932940065860748291e-01 7.221275568008422852e-01
1.247413516044616699e+00 4.079630076885223389e-01 6.434098482131958008e-01
1.212620139122009277e+00 3.998801708221435547e-01 6.962439417839050293e-01
1.306665778160095215e+00 3.536491692066192627e-01 7.236345410346984863e-01
1.239621996879577637e+00 4.649804234504699707e-01 6.655499339103698730e-01
1.297368526458740234e+00 3.866583704948425293e-01 6.421623229980468750e-01
1.289831161499023438e+00 4.241091609001159668e-01 6.044952273368835449e-01
1.252877354621887207e+00 3.186154663562774658e-01 6.445038914680480957e-01
1.244176626205444336e+00 3.272863924503326416e-01 7.462463378906250000e-01
1.267794013023376465e+00 4.401651918888092041e-01 7.449250221252441406e-01
1.290478229522705078e+00 3.999174833297729492e-01 7.453323602676391602e-01
1.270468831062316895e+00 3.683963119983673096e-01 7.029871940612792969e-01
1.356148123741149902e+00 4.275467097759246826e-01 6.650992631912231445e-01
1.323936462402343750e+00 3.336736857891082764e-01 7.376646995544433594e-01
1.303070068359375000e+00 4.275433421134948730e-01 6.684619188308715820e-01
1.319084763526916504e+00 3.089959323406219482e-01 5.609608292579650879e-01
1.208096861839294434e+00 3.750396966934204102e-01 6.535267233848571777e-01
1.231917738914489746e+00 3.291214406490325928e-01 6.550375819206237793e-01
1.357681155204772949e+00 4.004488289356231689e-01 6.069985628128051758e-01
1.270292639732360840e+00 4.258799254894256592e-01 6.080387234687805176e-01
1.232370615005493164e+00 3.538286983966827393e-01 6.873368620872497559e-01
1.182390928268432617e+00 4.052899479866027832e-01 7.155691981315612793e-01
1.256350874900817871e+00 4.088699221611022949e-01 6.777322292327880859e-01
1.291117548942565918e+00 4.143337607383728027e-01 7.403106689453125000e-01
1.274049282073974609e+00 3.894582688808441162e-01 7.095013260841369629e-01
1.268430709838867188e+00 3.446370363235473633e-01 6.341492533683776855e-01
1.248159289360046387e+00 3.692725598812103271e-01 6.051515340805053711e-01
1.285480141639709473e+00 3.396723270416259766e-01 6.475814580917358398e-01
1.217740535736083984e+00 3.544532954692840576e-01 6.487493515014648438e-01
1.226759672164916992e+00 3.909063935279846191e-01 6.661483049392700195e-01
1.321835875511169434e+00 4.044227600097656250e-01 7.676643729209899902e-01
1.344751834869384766e+00 4.169099330902099609e-01 6.982590556144714355e-01
1.242959737777709961e+00 4.294287264347076416e-01 6.901116371154785156e-01
1.291262030601501465e+00 3.372094929218292236e-01 6.376572251319885254e-01
1.170769691467285156e+00 3.430219590663909912e-01 7.670180201530456543e-01
1.257121443748474121e+00 4.073140621185302734e-01 7.037768959999084473e-01
1.286948323249816895e+00 3.639729321002960205e-01 6.238816976547241211e-01
1.327366948127746582e+00 3.409263789653778076e-01 6.928392052650451660e-01
1.260613083839416504e+00 3.857234418392181396e-01 7.283992171287536621e-01
1.224640727043151855e+00 4.260127246379852295e-01 7.007385492324829102e-01
1.339094877243041992e+00 4.194853007793426514e-01 6.970400810241699219e-01
1.182772874832153320e+00 4.265950620174407959e-01 7.502726316452026367e-01
1.287258625030517578e+00 3.487719893455505371e-01 6.485864520072937012e-01
1.248630881309509277e+00 4.310086369514465332e-01 7.578864693641662598e-01
1.340905785560607910e+00 3.176986873149871826e-01 7.067074775695800781e-01
1.347173571586608887e+00 3.954465091228485107e-01 6.793284416198730469e-01
1.239371418952941895e+00 3.720172941684722900e-01 7.479135990142822266e-01
1.314555644989013672e+00 4.101421535015106201e-01 7.618551254272460938e-01
1.331311941146850586e+00 4.015572965145111084e-01 6.500489115715026855e-01
1.285149335861206055e+00 4.327023923397064209e-01 6.996023654937744141e-01
1.313326239585876465e+00 4.721126854419708252e-01 6.491117477416992188e-01
1.270023584365844727e+00 4.033251404762268066e-01 6.623352169990539551e-01
1.210547447204589844e+00 4.379241764545440674e-01 6.997331976890563965e-01
1.355523824691772461e+00 3.546481132507324219e-01 7.849975824356079102e-01
1.327700018882751465e+00 4.605998992919921875e-01 6.704053878784179688e-01
1.397573351860046387e+00 3.613357543945312500e-01 7.798428535461425781e-01
1.317853212356567383e+00 3.779642879962921143e-01 8.017466068267822266e-01
1.273596644401550293e+00 4.227965176105499268e-01 7.592227458953857422e-01
1.286949872970581055e+00 4.218370318412780762e-01 6.151646375656127930e-01
1.298420071601867676e+00 4.400523006916046143e-01 6.461052894592285156e-01
1.267591595649719238e+00 4.295061230659484863e-01 6.539074182510375977e-01
1.341917872428894043e+00 3.806098401546478271e-01 7.531232237815856934e-01
1.347049593925476074e+00 3.577401340007781982e-01 6.909878253936767578e-01
1.240994215011596680e+00 3.473798334598541260e-01 6.886382699012756348e-01
1.313571691513061523e+00 4.660561680793762207e-01 6.842747926712036133e-01
1.282776474952697754e+00 4.552035331726074219e-01 6.566872596740722656e-01
1.326263666152954102e+00 4.279904067516326904e-01 8.428820967674255371e-01
1.303432464599609375e+00 4.584779441356658936e-01 6.937939524650573730e-01
1.288561582565307617e+00 4.399896860122680664e-01 6.986761093139648438e-01
1.244592189788818359e+00 4.154224395751953125e-01 6.824685335159301758e-01
1.240529179573059082e+00 4.093317091464996338e-01 7.482766509056091309e-01
1.366970777511596680e+00 3.451137244701385498e-01 6.111172437667846680e-01
1.356504440307617188e+00 4.109758138656616211e-01 7.856518030166625977e-01
1.227323412895202637e+00 4.672782719135284424e-01 6.693469285964965820e-01
1.320131778717041016e+00 4.361395537853240967e-01 5.829406976699829102e-01
1.361523747444152832e+00 3.743475377559661865e-01 7.154389023780822754e-01
1.307151556015014648e+00 4.198623597621917725e-01 7.293367385864257812e-01
1.346217155456542969e+00 3.930664658546447754e-01 7.073981761932373047e-01
1.293450951576232910e+00 3.569727540016174316e-01 7.616343498229980469e-01
1.306489467620849609e+00 4.293344616889953613e-01 7.206705212593078613e-01
1.205286026000976562e+00 3.191209137439727783e-01 7.107636928558349609e-01
1.198522925376892090e+00 5.024997591972351074e-01 6.738000512123107910e-01
1.322879791259765625e+00 4.297544658184051514e-01 6.380693912506103516e-01
1.373035192489624023e+00 4.452950656414031982e-01 6.722621321678161621e-01
1.292271018028259277e+00 4.370132088661193848e-01 6.520779132843017578e-01
1.282768368721008301e+00 4.236839413642883301e-01 7.239063382148742676e-01
1.360476374626159668e+00 4.261963367462158203e-01 7.001964449882507324e-01
1.316203355789184570e+00 4.303032457828521729e-01 7.106913924217224121e-01
1.308196544647216797e+00 4.082586467266082764e-01 7.246767878532409668e-01
1.268034934997558594e+00 3.886571526527404785e-01 7.422690391540527344e-01
1.316609382629394531e+00 4.375829696655273438e-01 6.882230043411254883e-01
1.217514276504516602e+00 4.242193102836608887e-01 7.248620986938476562e-01
1.327127575874328613e+00 3.865398168563842773e-01 7.853594422340393066e-01
1.323033809661865234e+00 3.817978501319885254e-01 8.318136930465698242e-01
1.266660332679748535e+00 4.307303428649902344e-01 6.688168048858642578e-01
1.344660878181457520e+00 4.108525812625885010e-01 6.995519399642944336e-01
1.352871298789978027e+00 4.328376948833465576e-01 7.081819772720336914e-01
1.383237123489379883e+00 4.402630329132080078e-01 6.954583525657653809e-01
1.270347714424133301e+00 4.675310552120208740e-01 7.551880478858947754e-01
1.280655622482299805e+00 4.835555553436279297e-01 7.681084275245666504e-01
1.239712595939636230e+00 4.542742967605590820e-01 6.861253976821899414e-01
1.246530532836914062e+00 3.938727378845214844e-01 7.551174163818359375e-01
1.272050738334655762e+00 4.250039160251617432e-01 7.062813639640808105e-01
1.261902570724487305e+00 4.839154481887817383e-01 6.659408211708068848e-01
1.327017903327941895e+00 4.404623210430145264e-01 7.238674759864807129e-01
1.344989657402038574e+00 4.405574202537536621e-01 7.476828694343566895e-01
1.316101908683776855e+00 4.095774292945861816e-01 6.952828764915466309e-01
1.249573945999145508e+00 4.536862075328826904e-01 7.473240494728088379e-01
1.316897749900817871e+00 4.174281060695648193e-01 7.634080052375793457e-01
1.238962888717651367e+00 3.861277103424072266e-01 7.946715354919433594e-01
1.273256540298461914e+00 4.538642466068267822e-01 6.448547244071960449e-01
1.346290230751037598e+00 3.573815226554870605e-01 7.171592712402343750e-01
1.375758886337280273e+00 4.920560121536254883e-01 7.476425766944885254e-01
1.354977011680603027e+00 3.923696875572204590e-01 6.860634088516235352e-01
1.335043072700500488e+00 3.973794281482696533e-01 7.306644916534423828e-01
1.297839522361755371e+00 4.631731808185577393e-01 6.780216693878173828e-01
1.305188775062561035e+00 4.820283055305480957e-01 6.836372613906860352e-01
1.305625796318054199e+00 4.351757764816284180e-01 6.862591505050659180e-01
1.298351287841796875e+00 4.379717409610748291e-01 7.419613003730773926e-01
1.308381199836730957e+00 4.209437370300292969e-01 6.929151415824890137e-01
1.272176623344421387e+00 4.439263939857482910e-01 7.232218980789184570e-01
1.358542799949645996e+00 4.288902878761291504e-01 8.067464232444763184e-01
1.286633253097534180e+00 4.130153656005859375e-01 6.933370232582092285e-01
1.322222352027893066e+00 4.469878375530242920e-01 7.115751504898071289e-01
1.359503507614135742e+00 5.104840993881225586e-01 7.300937175750732422e-01
1.334124445915222168e+00 4.204288721084594727e-01 6.957633495330810547e-01
1.337295770645141602e+00 4.592419862747192383e-01 7.051935791969299316e-01
1.308227658271789551e+00 4.592942595481872559e-01 6.147511005401611328e-01
1.368830204010009766e+00 4.360340535640716553e-01 7.176634073257446289e-01
1.318970680236816406e+00 4.117066860198974609e-01 7.031329274177551270e-01
1.359470605850219727e+00 5.003583431243896484e-01 7.647204399108886719e-01
1.327429533004760742e+00 3.907787799835205078e-01 7.112946510314941406e-01
1.338562846183776855e+00 4.288104176521301270e-01 8.065983057022094727e-01
1.293984889984130859e+00 3.962678015232086182e-01 7.241783142089843750e-01
1.324785947799682617e+00 4.204629063606262207e-01 7.673543095588684082e-01
1.314229249954223633e+00 4.399946331977844238e-01 7.749058604240417480e-01
1.408688187599182129e+00 4.455012977123260498e-01 8.362547159194946289e-01
1.241283535957336426e+00 3.804077506065368652e-01 7.376292347908020020e-01
1.335041880607604980e+00 4.356803894042968750e-01 7.025948762893676758e-01
1.364941954612731934e+00 5.109865069389343262e-01 7.570803761482238770e-01
1.371668457984924316e+00 5.333237648010253906e-01 6.863226890563964844e-01
1.292944669723510742e+00 4.490160048007965088e-01 7.375524044036865234e-01
1.365415215492248535e+00 4.087994396686553955e-01 6.673600077629089355e-01
1.342931985855102539e+00 4.400274157524108887e-01 7.109560966491699219e-01
1.317685008049011230e+00 4.604624211788177490e-01 6.402137875556945801e-01
1.386138916015625000e+00 4.003566801548004150e-01 7.834267020225524902e-01
1.212056279182434082e+00 3.991566002368927002e-01 7.274643778800964355e-01
1.386109352111816406e+00 4.831066727638244629e-01 7.225916385650634766e-01
1.355134010314941406e+00 4.658504128456115723e-01 7.427794933319091797e-01
1.284010529518127441e+00 4.593550264835357666e-01 7.576906681060791016e-01
1.302493929862976074e+00 4.329244196414947510e-01 7.908781766891479492e-01
1.241360068321228027e+00 4.912509620189666748e-01 7.158157825469970703e-01
1.343036413192749023e+00 4.162153899669647217e-01 7.450003027915954590e-01
1.279531717300415039e+00 4.010934233665466309e-01 7.454888820648193359e-01
1.257403731346130371e+00 4.750049114227294922e-01 7.561632394790649414e-01
1.321425557136535645e+00 4.896773695945739746e-01 7.168371677398681641e-01
1.249420046806335449e+00 4.626461863517761230e-01 6.754517555236816406e-01
1.302487492561340332e+00 3.372961580753326416e-01 8.213818669319152832e-01
1.291612148284912109e+00 4.114432334899902344e-01 7.730895280838012695e-01
1.280964493751525879e+00 4.792726039886474609e-01 7.354100942611694336e-01
1.331373095512390137e+00 4.414289891719818115e-01 7.916826009750366211e-01
1.334813714027404785e+00 4.567435383796691895e-01 6.215454936027526855e-01
1.248694777488708496e+00 5.019528865814208984e-01 7.937607765197753906e-01
1.377575993537902832e+00 3.990859389305114746e-01 7.565827369689941406e-01
1.325610280036926270e+00 4.010024070739746094e-01 6.915406584739685059e-01
1.361036419868469238e+00 4.883393347263336182e-01 7.890887856483459473e-01
1.307822465896606445e+00 4.865512549877166748e-01 7.325549125671386719e-01
1.312414884567260742e+00 3.981998860836029053e-01 7.816439867019653320e-01
1.383870720863342285e+00 4.072223305702209473e-01 7.888991236686706543e-01
1.380708456039428711e+00 5.484968423843383789e-01 7.490990161895751953e-01
1.359598755836486816e+00 4.758490324020385742e-01 7.226925492286682129e-01
1.386098384857177734e+00 3.625790476799011230e-01 8.049148321151733398e-01
1.312548756599426270e+00 3.742026686668395996e-01 8.004586696624755859e-01
1.333093523979187012e+00 4.381665289402008057e-01 7.761070132255554199e-01
1.286867618560791016e+00 4.897930026054382324e-01 7.241080403327941895e-01
1.409238696098327637e+00 4.535186290740966797e-01 7.117180824279785156e-01
1.384962677955627441e+00 4.301320910453796387e-01 7.440358996391296387e-01
1.289093375205993652e+00 4.749680161476135254e-01 8.327795863151550293e-01
1.358843564987182617e+00 4.115563035011291504e-01 6.141561865806579590e-01
1.263040661811828613e+00 4.268154203891754150e-01 7.249168157577514648e-01
1.364203572273254395e+00 5.284964442253112793e-01 7.360773682594299316e-01
1.367565393447875977e+00 5.021670460700988770e-01 7.212197780609130859e-01
1.370797276496887207e+00 4.504312574863433838e-01 7.752526402473449707e-01
1.317191839218139648e+00 4.277944564819335938e-01 7.400265336036682129e-01
1.295709490776062012e+00 4.949167966842651367e-01 7.985771894454956055e-01
1.294456720352172852e+00 4.113562405109405518e-01 7.381790280342102051e-01
1.416099429130554199e+00 4.934895336627960205e-01 8.041125535964965820e-01
1.290552020072937012e+00 4.216647446155548096e-01 7.052084207534790039e-01
1.319004535675048828e+00 3.820783793926239014e-01 7.695171236991882324e-01
1.314371824264526367e+00 4.546465873718261719e-01 7.133547663688659668e-01
1.371406793594360352e+00 4.487729072570800781e-01 7.922003865242004395e-01
1.308797597885131836e+00 4.844221472740173340e-01 8.825670480728149414e-01
1.331900000572204590e+00 4.407334327697753906e-01 6.674410700798034668e-01
1.341511130332946777e+00 4.202998876571655273e-01 8.062262535095214844e-01
1.358642458915710449e+00 4.882984459400177002e-01 7.561496496200561523e-01
1.307687163352966309e+00 4.453691542148590088e-01 7.375672459602355957e-01
1.311205506324768066e+00 4.627090990543365479e-01 7.430878877639770508e-01
1.359205484390258789e+00 4.486615061759948730e-01 5.940302610397338867e-01
1.279548048973083496e+00 4.847588539123535156e-01 7.822033762931823730e-01
1.318025350570678711e+00 4.282248020172119141e-01 7.676644921302795410e-01
1.273179292678833008e+00 4.305198788642883301e-01 7.101293206214904785e-01
1.350126147270202637e+00 3.615278303623199463e-01 7.640948891639709473e-01
1.358636498451232910e+00 5.034157037734985352e-01 7.707682847976684570e-01
1.382264018058776855e+00 4.631316959857940674e-01 7.387096285820007324e-01
1.435174584388732910e+00 5.254279375076293945e-01 7.886858582496643066e-01
1.313589572906494141e+00 4.619786739349365234e-01 8.077427744865417480e-01
1.420294642448425293e+00 4.770700633525848389e-01 7.866767048835754395e-01
1.269286274909973145e+00 5.014986991882324219e-01 7.919133901596069336e-01
1.251775145530700684e+00 4.890878796577453613e-01 7.519516944885253906e-01
1.324033498764038086e+00 4.442808032035827637e-01 7.544292211532592773e-01
1.284242153167724609e+00 4.385941922664642334e-01 6.969322562217712402e-01
1.368162751197814941e+00 4.632124602794647217e-01 7.854884862899780273e-01
1.417612314224243164e+00 4.948831796646118164e-01 7.344745993614196777e-01
1.396567225456237793e+00 4.507246911525726318e-01 7.406271100044250488e-01
1.316234350204467773e+00 5.401563048362731934e-01 7.695531249046325684e-01
1.288108110427856445e+00 5.575668215751647949e-01 7.429726719856262207e-01
1.435472965240478516e+00 4.359721243381500244e-01 8.058165311813354492e-01
1.426091074943542480e+00 4.731883406639099121e-01 7.036232352256774902e-01
1.346413493156433105e+00 4.501392841339111328e-01 7.681801319122314453e-01
1.362615585327148438e+00 4.178265333175659180e-01 8.130791187286376953e-01
1.406179308891296387e+00 5.081998109817504883e-01 8.054561614990234375e-01
1.357911348342895508e+00 5.206120014190673828e-01 7.426750063896179199e-01
1.415450453758239746e+00 4.782276749610900879e-01 7.166590094566345215e-01
1.329826235771179199e+00 5.526754856109619141e-01 8.142092823982238770e-01
1.380444049835205078e+00 4.015451967716217041e-01 7.596075534820556641e-01
1.367161154747009277e+00 4.942153394222259521e-01 7.921298146247863770e-01
1.401812195777893066e+00 5.727183818817138672e-01 7.856703400611877441e-01
1.387678146362304688e+00 4.400827884674072266e-01 7.162554264068603516e-01
1.313984513282775879e+00 4.992789328098297119e-01 8.442996144294738770e-01
1.286365985870361328e+00 4.860188663005828857e-01 7.211166024208068848e-01
1.366086006164550781e+00 5.393081903457641602e-01 6.932276487350463867e-01
1.277365446090698242e+00 5.608973503112792969e-01 6.931688785552978516e-01
1.342737913131713867e+00 4.902011156082153320e-01 6.984008550643920898e-01
1.401783943176269531e+00 4.809291362762451172e-01 8.089485168457031250e-01
1.352334260940551758e+00 4.773291051387786865e-01 7.181602120399475098e-01
1.330470561981201172e+00 4.874410927295684814e-01 7.430076003074645996e-01
1.420269131660461426e+00 3.955954909324645996e-01 7.693133354187011719e-01
1.376739621162414551e+00 5.287192463874816895e-01 8.322456479072570801e-01
1.434334754943847656e+00 4.342261552810668945e-01 6.855834126472473145e-01
1.310197114944458008e+00 4.569199383258819580e-01 8.116062879562377930e-01
1.359171390533447266e+00 4.746699333190917969e-01 7.578465342521667480e-01
1.243437409400939941e+00 5.207167267799377441e-01 7.410264611244201660e-01
1.372460603713989258e+00 5.092316865921020508e-01 7.268822193145751953e-01
1.290354013442993164e+00 5.420306324958801270e-01 7.044123411178588867e-01
1.356770515441894531e+00 4.982436299324035645e-01 7.666406631469726562e-01
1.381183862686157227e+00 5.491213202476501465e-01 7.356851100921630859e-01
1.407024860382080078e+00 4.735852777957916260e-01 7.569087147712707520e-01
1.406382560729980469e+00 4.939909577369689941e-01 7.470221519470214844e-01
1.344636440277099609e+00 4.751674830913543701e-01 7.505654096603393555e-01
1.359750151634216309e+00 5.507041811943054199e-01 7.894045114517211914e-01
1.390437364578247070e+00 4.587373435497283936e-01 7.900872826576232910e-01
1.240489602088928223e+00 5.062755346298217773e-01 8.237628936767578125e-01
1.278918743133544922e+00 3.685432076454162598e-01 7.395068407058715820e-01
1.397613644599914551e+00 4.485837817192077637e-01 7.902438044548034668e-01
1.368798732757568359e+00 5.721920728683471680e-01 7.868646979331970215e-01
1.347666263580322266e+00 5.300263762474060059e-01 7.394734621047973633e-01
1.333271265029907227e+00 4.741770029067993164e-01 7.930501103401184082e-01
1.413616061210632324e+00 4.266613125801086426e-01 7.847875356674194336e-01
1.355667591094970703e+00 4.387075304985046387e-01 8.030617237091064453e-01
1.361338019371032715e+00 4.717179834842681885e-01 8.508006334304809570e-01
1.377306699752807617e+00 5.016651153564453125e-01 8.414147496223449707e-01
1.282572031021118164e+00 5.158825516700744629e-01 7.645055651664733887e-01
1.359793901443481445e+00 5.371572375297546387e-01 8.226243853569030762e-01
1.396075487136840820e+00 4.457429349422454834e-01 7.570624351501464844e-01
1.308378577232360840e+00 4.326707422733306885e-01 7.600358724594116211e-01
1.363047242164611816e+00 4.623315036296844482e-01 7.381134033203125000e-01
1.432273387908935547e+00 5.074295401573181152e-01 7.706389427185058594e-01
1.320605278015136719e+00 5.072246193885803223e-01 7.811759710311889648e-01
1.394826650619506836e+00 4.632982313632965088e-01 7.946570515632629395e-01
1.335123538970947266e+00 4.666763246059417725e-01 7.659946084022521973e-01
1.353441357612609863e+00 5.002274513244628906e-01 7.331748008728027344e-01
1.361957788467407227e+00 4.920997321605682373e-01 6.878265142440795898e-01
1.367607951164245605e+00 4.786656796932220459e-01 8.126044273376464844e-01
1.370631337165832520e+00 4.502786695957183838e-01 6.483343243598937988e-01
1.418500900268554688e+00 4.895015358924865723e-01 7.617107033729553223e-01
1.296335697174072266e+00 5.398372411727905273e-01 7.775842547416687012e-01
1.444115042686462402e+00 4.866774082183837891e-01 7.004455924034118652e-01
1.347710371017456055e+00 4.911193847656250000e-01 8.207083344459533691e-01
1.378082513809204102e+00 4.732141196727752686e-01 7.078551054000854492e-01
1.398285865783691406e+00 5.086583495140075684e-01 7.517327070236206055e-01
1.285634994506835938e+00 4.537784755229949951e-01 7.637197971343994141e-01
1.353404402732849121e+00 4.992702305316925049e-01 7.814649939537048340e-01
1.423524737358093262e+00 4.377681314945220947e-01 8.109737038612365723e-01
1.252178907394409180e+00 5.032237172126770020e-01 7.266170978546142578e-01
1.337402582168579102e+00 4.431560933589935303e-01 7.734077572822570801e-01
1.350437641143798828e+00 6.453729867935180664e-01 7.697309851646423340e-01
1.336400508880615234e+00 5.378501415252685547e-01 8.038967251777648926e-01
1.405196428298950195e+00 5.101770758628845215e-01 7.335000038146972656e-01
1.391213893890380859e+00 5.427709221839904785e-01 8.415921926498413086e-01
1.431284785270690918e+00 6.188108325004577637e-01 8.502038121223449707e-01
1.478323936462402344e+00 5.246663093566894531e-01 8.225255608558654785e-01
1.360201597213745117e+00 4.652050137519836426e-01 7.158166766166687012e-01
1.436257123947143555e+00 5.434579849243164062e-01 7.598024606704711914e-01
1.521683096885681152e+00 4.844591319561004639e-01 7.637135982513427734e-01
1.331293344497680664e+00 4.792601764202117920e-01 6.409536004066467285e-01
1.396939635276794434e+00 5.902120471000671387e-01 6.910717487335205078e-01
1.417366266250610352e+00 3.964656591415405273e-01 7.404959201812744141e-01
1.398184657096862793e+00 4.830821454524993896e-01 8.046854734420776367e-01
1.292590618133544922e+00 5.239683985710144043e-01 7.911044359207153320e-01
1.469008326530456543e+00 5.286822319030761719e-01 7.458725571632385254e-01
1.368955731391906738e+00 4.965760707855224609e-01 8.209037184715270996e-01
1.373736381530761719e+00 4.886913299560546875e-01 7.610271573066711426e-01
1.349915385246276855e+00 5.025778412818908691e-01 7.566991448402404785e-01
1.352630376815795898e+00 5.467666983604431152e-01 7.488381862640380859e-01
1.280168533325195312e+00 4.963909685611724854e-01 7.951447963714599609e-01
1.428897857666015625e+00 5.159739851951599121e-01 7.775120735168457031e-01
1.444051623344421387e+00 4.933041036128997803e-01 7.943231463432312012e-01
1.412791967391967773e+00 4.989493787288665771e-01 7.843271493911743164e-01
1.346451640129089355e+00 4.760651588439941406e-01 8.045439720153808594e-01
1.455316543579101562e+00 5.889808535575866699e-01 7.993467450141906738e-01
1.429067969322204590e+00 4.673827290534973145e-01 7.898841500282287598e-01
1.455313920974731445e+00 4.723511934280395508e-01 7.306040525436401367e-01
1.439749836921691895e+00 4.839568138122558594e-01 7.615812420845031738e-01
1.416589856147766113e+00 5.070682764053344727e-01 8.186123967170715332e-01
1.415768384933471680e+00 4.392780661582946777e-01 8.336877226829528809e-01
1.381008267402648926e+00 5.227929353713989258e-01 8.424746394157409668e-01
1.414136052131652832e+00 4.951373934745788574e-01 7.959154248237609863e-01
1.361664056777954102e+00 4.747114479541778564e-01 7.472447752952575684e-01
1.355771780014038086e+00 5.515145063400268555e-01 7.396412491798400879e-01
1.320849061012268066e+00 4.789038002490997314e-01 7.531375288963317871e-01
1.337460875511169434e+00 4.754412472248077393e-01 7.567038536071777344e-01
1.322975277900695801e+00 5.371357202529907227e-01 7.953171133995056152e-01
1.389102816581726074e+00 5.064270496368408203e-01 7.514050602912902832e-01
1.424526453018188477e+00 5.007027983665466309e-01 7.363924980163574219e-01
1.413786888122558594e+00 5.553929805755615234e-01 7.743056416511535645e-01
1.422080397605895996e+00 5.081239938735961914e-01 8.375319242477416992e-01
1.337707161903381348e+00 6.061551570892333984e-01 7.817713022232055664e-01
1.424980044364929199e+00 4.802837669849395752e-01 8.223723173141479492e-01
1.355697512626647949e+00 5.666494965553283691e-01 8.143962621688842773e-01
1.362010478973388672e+00 5.726156830787658691e-01 7.914094924926757812e-01
1.408176779747009277e+00 5.423833131790161133e-01 7.834533452987670898e-01
1.444499373435974121e+00 4.913607835769653320e-01 7.527591586112976074e-01
1.359576702117919922e+00 5.352185964584350586e-01 8.882354497909545898e-01
1.428611755371093750e+00 4.998928606510162354e-01 7.900908589363098145e-01
1.342654466629028320e+00 5.732734799385070801e-01 7.786734104156494141e-01
1.368719935417175293e+00 5.132566094398498535e-01 7.493392229080200195e-01
1.438554644584655762e+00 5.019931197166442871e-01 7.613433599472045898e-01
1.437598943710327148e+00 5.276229977607727051e-01 7.478583455085754395e-01
1.347014069557189941e+00 4.713464975357055664e-01 7.768592834472656250e-01
1.380980730056762695e+00 4.740335345268249512e-01 8.197532892227172852e-01
1.294968366622924805e+00 5.446723103523254395e-01 8.667653799057006836e-01
1.386251330375671387e+00 4.748217463493347168e-01 7.450360655784606934e-01
1.392437458038330078e+00 5.668113827705383301e-01 7.599474191665649414e-01
1.382066607475280762e+00 5.415751934051513672e-01 7.833757400512695312e-01
1.395512580871582031e+00 4.797355830669403076e-01 8.135917186737060547e-01
1.363730788230895996e+00 5.749477148056030273e-01 8.402446508407592773e-01
1.372248172760009766e+00 5.180866718292236328e-01 7.389545440673828125e-01
1.486822485923767090e+00 4.682297408580780029e-01 7.813888788223266602e-01
1.344654679298400879e+00 4.645710587501525879e-01 7.972176671028137207e-01
1.401961326599121094e+00 5.589475035667419434e-01 8.302743434906005859e-01
1.428743720054626465e+00 5.237293243408203125e-01 8.573534488677978516e-01
1.396733999252319336e+00 5.841888189315795898e-01 6.703092455863952637e-01
1.421394824981689453e+00 5.257862806320190430e-01 7.112999558448791504e-01
1.393012404441833496e+00 5.270580649375915527e-01 8.227846622467041016e-01
1.388870477676391602e+00 5.100865960121154785e-01 7.690383195877075195e-01
1.386900186538696289e+00 5.049129128456115723e-01 7.490738034248352051e-01
1.323314666748046875e+00 5.875524878501892090e-01 8.523890972137451172e-01
1.380848646163940430e+00 5.536963343620300293e-01 7.544236183166503906e-01
1.371255874633789062e+00 5.514891743659973145e-01 8.147101998329162598e-01
1.411268591880798340e+00 5.184142589569091797e-01 8.574376106262207031e-01
1.307247281074523926e+00 5.952844619750976562e-01 7.680720090866088867e-01
1.396163105964660645e+00 5.689190626144409180e-01 8.428421616554260254e-01
1.493945956230163574e+00 5.484396815299987793e-01 8.613574504852294922e-01
1.430526137351989746e+00 5.963742136955261230e-01 8.983014225959777832e-01
1.449700951576232910e+00 5.355112552642822266e-01 8.421517610549926758e-01
1.363666534423828125e+00 5.487960577011108398e-01 8.473230004310607910e-01
1.465855836868286133e+00 4.991804361343383789e-01 8.638156652450561523e-01
1.428169131278991699e+00 5.987074971199035645e-01 8.483774662017822266e-01
1.460194706916809082e+00 5.736064910888671875e-01 8.506014347076416016e-01
1.382020592689514160e+00 5.335509181022644043e-01 7.268355488777160645e-01
1.427220582962036133e+00 5.824005603790283203e-01 7.848986983299255371e-01
1.353446841239929199e+00 5.622497797012329102e-01 8.162043094635009766e-01
1.386142730712890625e+00 4.813272953033447266e-01 7.937096953392028809e-01
1.373130083084106445e+00 5.177181959152221680e-01 9.019747376441955566e-01
1.415874600410461426e+00 5.152087211608886719e-01 8.038221001625061035e-01
1.512906432151794434e+00 5.466032028198242188e-01 7.668451070785522461e-01
1.438317537307739258e+00 5.602185726165771484e-01 7.625708580017089844e-01
1.315737605094909668e+00 5.521223545074462891e-01 8.699305057525634766e-01
1.446576237678527832e+00 5.022729039192199707e-01 8.586874604225158691e-01
1.427080273628234863e+00 5.735772848129272461e-01 8.424313664436340332e-01
1.444694638252258301e+00 6.073173880577087402e-01 7.835691571235656738e-01
1.415580987930297852e+00 5.233256816864013672e-01 8.347548842430114746e-01
1.387183785438537598e+00 5.625539422035217285e-01 7.760604023933410645e-01
1.423899054527282715e+00 5.008015036582946777e-01 8.068901896476745605e-01
1.429379463195800781e+00 4.730666279792785645e-01 7.397837638854980469e-01
1.395107150077819824e+00 5.457487702369689941e-01 7.634266614913940430e-01
1.423512220382690430e+00 5.968464016914367676e-01 7.289688587188720703e-01
1.408745765686035156e+00 5.898179411888122559e-01 7.584452629089355469e-01
1.405194163322448730e+00 5.581535696983337402e-01 7.969695925712585449e-01
1.452896356582641602e+00 5.254463553428649902e-01 8.753889799118041992e-01
1.323055744171142578e+00 6.396898031234741211e-01 8.097530007362365723e-01
1.415567278861999512e+00 5.669429898262023926e-01 7.461949586868286133e-01
1.414996266365051270e+00 5.446297526359558105e-01 8.363226652145385742e-01
1.360434770584106445e+00 5.472673177719116211e-01 7.908470034599304199e-01
1.426500916481018066e+00 5.827921032905578613e-01 8.036623597145080566e-01
1.507771849632263184e+00 6.207474470138549805e-01 8.877196311950683594e-01
1.466756463050842285e+00 5.587351322174072266e-01 8.060456514358520508e-01
1.400927066802978516e+00 5.202959179878234863e-01 8.009338378906250000e-01
1.363469958305358887e+00 6.190834045410156250e-01 7.498639822006225586e-01
1.415167450904846191e+00 4.984382092952728271e-01 8.084701895713806152e-01
1.434620380401611328e+00 4.945951402187347412e-01 7.958059310913085938e-01
1.404888272285461426e+00 6.155142784118652344e-01 8.325019478797912598e-01
1.441898226737976074e+00 5.254808664321899414e-01 7.792394161224365234e-01
1.398452997207641602e+00 5.128676295280456543e-01 8.383954167366027832e-01
1.390746474266052246e+00 5.398470163345336914e-01 8.683944344520568848e-01
1.308328390121459961e+00 4.809538424015045166e-01 8.450150489807128906e-01
1.394082665443420410e+00 5.285948514938354492e-01 7.639678716659545898e-01
1.381573915481567383e+00 5.238188505172729492e-01 7.548936009407043457e-01
1.300161480903625488e+00 5.491735339164733887e-01 7.102459669113159180e-01
1.347294449806213379e+00 5.574583411216735840e-01 7.956976294517517090e-01
1.360309243202209473e+00 5.603628158569335938e-01 7.710052728652954102e-01
1.452347159385681152e+00 5.504421591758728027e-01 8.094842433929443359e-01
1.400788068771362305e+00 5.244002342224121094e-01 8.270649909973144531e-01
1.437463879585266113e+00 4.993825852870941162e-01 8.226464986801147461e-01
1.431229352951049805e+00 4.810445606708526611e-01 8.154817819595336914e-01
1.419714450836181641e+00 5.303293466567993164e-01 8.201335072517395020e-01
1.343606114387512207e+00 5.788405537605285645e-01 7.647907137870788574e-01
1.379619359970092773e+00 4.922105371952056885e-01 7.987950444221496582e-01
1.460990905761718750e+00 4.904042482376098633e-01 8.146120309829711914e-01
1.463299989700317383e+00 4.904735386371612549e-01 8.105889558792114258e-01
1.455272316932678223e+00 5.247924923896789551e-01 8.408322334289550781e-01
1.368622064590454102e+00 5.574183464050292969e-01 8.028440475463867188e-01
1.489932656288146973e+00 4.935973286628723145e-01 8.987089991569519043e-01
1.498520255088806152e+00 5.672317147254943848e-01 8.841232061386108398e-01
1.405497550964355469e+00 5.265531539916992188e-01 8.116369843482971191e-01
1.452033758163452148e+00 5.311409235000610352e-01 7.869626283645629883e-01
1.407339692115783691e+00 5.232270359992980957e-01 8.714719414710998535e-01
1.443297147750854492e+00 5.070816874504089355e-01 8.468609452247619629e-01
1.453382849693298340e+00 6.130998134613037109e-01 8.344138860702514648e-01
1.355981349945068359e+00 4.735360741615295410e-01 8.323748707771301270e-01
1.403470039367675781e+00 4.844173789024353027e-01 8.998430967330932617e-01
1.368572831153869629e+00 5.101873874664306641e-01 8.524345159530639648e-01
1.510110139846801758e+00 5.142940878868103027e-01 8.191874623298645020e-01
1.435051202774047852e+00 5.601326823234558105e-01 7.956939339637756348e-01
1.341042637825012207e+00 5.641440153121948242e-01 8.018793463706970215e-01
1.499489784240722656e+00 6.176570653915405273e-01 7.873537540435791016e-01
1.449470639228820801e+00 5.863031148910522461e-01 8.500638604164123535e-01
1.439127206802368164e+00 5.445882081985473633e-01 9.158253073692321777e-01
1.472871184349060059e+00 5.719910860061645508e-01 8.392199873924255371e-01
1.351254820823669434e+00 5.100729465484619141e-01 7.840889096260070801e-01
1.534920096397399902e+00 5.891841650009155273e-01 7.456814050674438477e-01
1.442686676979064941e+00 5.694935917854309082e-01 7.400885224342346191e-01
1.266726255416870117e+00 5.650337934494018555e-01 8.001068234443664551e-01
1.379163384437561035e+00 6.067496538162231445e-01 7.560400962829589844e-01
1.459073781967163086e+00 6.441772580146789551e-01 8.775069713592529297e-01
1.455394744873046875e+00 5.965777635574340820e-01 8.608984351158142090e-01
1.381249666213989258e+00 5.399570465087890625e-01 8.442195653915405273e-01
1.396028518676757812e+00 5.882404446601867676e-01 7.891061902046203613e-01
1.421759366989135742e+00 5.509455800056457520e-01 8.382784724235534668e-01
1.415493011474609375e+00 5.675581097602844238e-01 9.129547476768493652e-01
1.401951074600219727e+00 5.010561943054199219e-01 8.382734656333923340e-01
1.420350193977355957e+00 5.931668281555175781e-01 8.722920417785644531e-01
1.382930397987365723e+00 6.058080792427062988e-01 8.451831936836242676e-01
1.452015995979309082e+00 5.661458969116210938e-01 8.015543222427368164e-01
1.347945928573608398e+00 5.423527359962463379e-01 8.151645660400390625e-01
1.462501883506774902e+00 5.759973526000976562e-01 7.942008376121520996e-01
1.419541358947753906e+00 5.573160648345947266e-01 8.086655139923095703e-01
1.446369767189025879e+00 6.009653806686401367e-01 8.778634071350097656e-01
1.385568857192993164e+00 5.824074745178222656e-01 7.418620586395263672e-01
1.406723260879516602e+00 6.135490536689758301e-01 8.600941896438598633e-01
1.485084414482116699e+00 5.845111012458801270e-01 8.172107934951782227e-01
1.425601840019226074e+00 6.121428012847900391e-01 8.417339324951171875e-01
1.378105878829956055e+00 5.251150131225585938e-01 8.809011578559875488e-01
1.482406854629516602e+00 5.462536215782165527e-01 8.056376576423645020e-01
1.344838023185729980e+00 5.269582867622375488e-01 7.698114514350891113e-01
1.328021883964538574e+00 5.833225250244140625e-01 8.170717954635620117e-01
1.517026901245117188e+00 5.687387585639953613e-01 7.477558255195617676e-01
1.403042674064636230e+00 5.484874248504638672e-01 7.895515561103820801e-01
1.417647242546081543e+00 5.497370958328247070e-01 8.181897401809692383e-01
1.411176800727844238e+00 5.639812350273132324e-01 8.362332582473754883e-01
1.489506006240844727e+00 6.629009246826171875e-01 7.553579807281494141e-01
1.444827437400817871e+00 5.886635780334472656e-01 8.696636557579040527e-01
1.334193706512451172e+00 5.331518054008483887e-01 8.206917643547058105e-01
1.432265758514404297e+00 5.600316524505615234e-01 8.502136468887329102e-01
1.349548459053039551e+00 6.009296178817749023e-01 8.902371525764465332e-01
1.411903142929077148e+00 5.495861768722534180e-01 8.533371686935424805e-01
1.319802999496459961e+00 5.642743110656738281e-01 7.911147475242614746e-01
1.414598464965820312e+00 5.999181270599365234e-01 7.563121914863586426e-01
1.514635920524597168e+00 5.782832503318786621e-01 7.559150457382202148e-01
1.419247150421142578e+00 5.517268180847167969e-01 7.465096116065979004e-01
1.363983988761901855e+00 5.671499967575073242e-01 7.475470304489135742e-01
1.436860799789428711e+00 5.254105329513549805e-01 7.513574361801147461e-01
1.499805927276611328e+00 6.233381032943725586e-01 8.200795054435729980e-01
1.454616427421569824e+00 5.596134066581726074e-01 8.503695726394653320e-01
1.450065135955810547e+00 5.287957191467285156e-01 9.280185103416442871e-01
1.377695322036743164e+00 5.166285634040832520e-01 8.071290850639343262e-01
1.449270963668823242e+00 6.013004183769226074e-01 8.102596402168273926e-01
1.457397460937500000e+00 5.172132849693298340e-01 8.583129048347473145e-01
1.471143245697021484e+00 5.208958387374877930e-01 8.536470532417297363e-01
1.391661643981933594e+00 6.186445951461791992e-01 8.194502592086791992e-01
1.415472388267517090e+00 5.388371348381042480e-01 8.924220800399780273e-01
1.471300363540649414e+00 5.923755764961242676e-01 7.141489386558532715e-01
1.449642539024353027e+00 5.813381075859069824e-01 7.798699736595153809e-01
1.344845533370971680e+00 6.099867820739746094e-01 8.113724589347839355e-01
1.445557832717895508e+00 5.569400191307067871e-01 8.284488916397094727e-01
1.508600354194641113e+00 5.384658575057983398e-01 8.539037108421325684e-01
1.384935021400451660e+00 5.535479784011840820e-01 7.786969542503356934e-01
1.323017716407775879e+00 5.402297377586364746e-01 8.482959270477294922e-01
1.456684708595275879e+00 6.213463544845581055e-01 7.713071107864379883e-01
1.430785179138183594e+00 5.874853134155273438e-01 8.244252204895019531e-01
1.475630640983581543e+00 5.780060887336730957e-01 8.267569541931152344e-01
1.460695266723632812e+00 5.267063975334167480e-01 7.811374664306640625e-01
1.409871816635131836e+00 6.409539580345153809e-01 8.416209220886230469e-01
1.419782876968383789e+00 6.121178269386291504e-01 7.391278147697448730e-01
1.409243345260620117e+00 6.283141970634460449e-01 7.998548150062561035e-01
1.484364390373229980e+00 6.612409353256225586e-01 9.139672517776489258e-01
1.438670516014099121e+00 5.153505206108093262e-01 9.868776202201843262e-01
1.359106063842773438e+00 5.687873959541320801e-01 8.534305095672607422e-01
1.393095254898071289e+00 6.155427098274230957e-01 8.451020121574401855e-01
1.403067588806152344e+00 6.617277860641479492e-01 7.960059046745300293e-01
1.468324184417724609e+00 6.184188723564147949e-01 8.729433417320251465e-01
1.504588603973388672e+00 6.205033063888549805e-01 8.150702714920043945e-01
1.436995267868041992e+00 5.943458676338195801e-01 8.008280396461486816e-01
1.483019471168518066e+00 6.651328802108764648e-01 8.242583870887756348e-01
1.409403085708618164e+00 5.439348220825195312e-01 9.369972348213195801e-01
1.460731863975524902e+00 5.676528215408325195e-01 7.998044490814208984e-01
1.365511417388916016e+00 6.632291674613952637e-01 8.075539469718933105e-01
1.477155566215515137e+00 5.432108044624328613e-01 8.215556144714355469e-01
1.436344385147094727e+00 6.173648238182067871e-01 9.578574895858764648e-01
1.459876060485839844e+00 5.713756084442138672e-01 8.345215916633605957e-01
1.417541027069091797e+00 6.044527292251586914e-01 8.433658480644226074e-01
1.443777084350585938e+00 6.057184934616088867e-01 8.096570372581481934e-01
1.483594417572021484e+00 5.533954501152038574e-01 7.887521386146545410e-01
1.444282293319702148e+00 5.934359431266784668e-01 6.945372223854064941e-01
1.409966945648193359e+00 6.017202734947204590e-01 8.914158344268798828e-01
1.310819387435913086e+00 6.198139786720275879e-01 8.296051621437072754e-01
1.498338103294372559e+00 6.184269785881042480e-01 8.186205029487609863e-01
1.447675943374633789e+00 5.894411206245422363e-01 8.950248360633850098e-01
1.476260781288146973e+00 5.914624929428100586e-01 7.989746928215026855e-01
1.459324240684509277e+00 5.510702729225158691e-01 7.698752880096435547e-01
1.419411778450012207e+00 5.837057232856750488e-01 8.173735737800598145e-01
1.494562506675720215e+00 5.346679687500000000e-01 7.592017650604248047e-01
1.481934905052185059e+00 6.480308771133422852e-01 8.767882585525512695e-01
1.458986520767211914e+00 5.954032540321350098e-01 8.638488054275512695e-01
1.475828051567077637e+00 6.414885520935058594e-01 8.089778423309326172e-01
1.421304821968078613e+00 6.138662695884704590e-01 8.797926306724548340e-01
1.464092493057250977e+00 5.754480361938476562e-01 8.314477205276489258e-01
1.471150159835815430e+00 6.129291057586669922e-01 8.652138710021972656e-01
1.438637733459472656e+00 6.150642037391662598e-01 8.563168644905090332e-01
1.356759667396545410e+00 6.837326884269714355e-01 8.396492600440979004e-01
1.386290550231933594e+00 5.800119042396545410e-01 7.930660247802734375e-01
1.513570785522460938e+00 6.101368069648742676e-01 8.554146885871887207e-01
1.488828539848327637e+00 6.240766644477844238e-01 8.617202043533325195e-01
1.406078934669494629e+00 5.955018997192382812e-01 8.839625120162963867e-01
1.433339953422546387e+00 6.304743289947509766e-01 8.307458758354187012e-01
1.502184510231018066e+00 5.480321645736694336e-01 8.347194194793701172e-01
1.460486531257629395e+00 5.994303226470947266e-01 8.101631402969360352e-01
1.386195778846740723e+00 5.437181591987609863e-01 7.941841483116149902e-01
1.361753940582275391e+00 5.906742215156555176e-01 9.143482446670532227e-01
1.414981126785278320e+00 5.902371406555175781e-01 8.280751109123229980e-01
1.446894288063049316e+00 5.519728064537048340e-01 7.659911513328552246e-01
1.426485061645507812e+00 6.282102465629577637e-01 8.185647726058959961e-01
1.466140747070312500e+00 6.516363024711608887e-01 8.245904445648193359e-01
1.527784585952758789e+00 5.380225777626037598e-01 7.981840968132019043e-01
1.539808392524719238e+00 6.470624804496765137e-01 7.638249993324279785e-01
1.393797278404235840e+00 6.895407438278198242e-01 8.283621072769165039e-01
1.399551987648010254e+00 6.701519489288330078e-01 8.699072599411010742e-01
1.352463364601135254e+00 5.530462861061096191e-01 7.088120579719543457e-01
1.459610939025878906e+00 5.033224225044250488e-01 8.008800745010375977e-01
1.516292452812194824e+00 6.168013215065002441e-01 8.316792845726013184e-01
1.505886912345886230e+00 5.653769969940185547e-01 8.740723729133605957e-01
1.513061642646789551e+00 6.571537256240844727e-01 8.572767376899719238e-01
1.430834650993347168e+00 6.932889223098754883e-01 9.580160975456237793e-01
1.395086169242858887e+00 6.501345634460449219e-01 7.569007873535156250e-01
1.510451197624206543e+00 6.346682310104370117e-01 8.546223044395446777e-01
1.507038831710815430e+00 6.307629942893981934e-01 8.516016006469726562e-01
1.444256544113159180e+00 5.637389421463012695e-01 7.955020070075988770e-01
1.428305506706237793e+00 6.299734711647033691e-01 8.331611752510070801e-01
1.447206735610961914e+00 6.263524293899536133e-01 8.881489634513854980e-01
1.467824578285217285e+00 6.264373064041137695e-01 8.564609289169311523e-01
1.494853734970092773e+00 5.766287446022033691e-01 8.482830524444580078e-01
1.451944708824157715e+00 6.361026763916015625e-01 8.880031704902648926e-01
1.488912224769592285e+00 5.753567814826965332e-01 8.729782104492187500e-01
1.492372751235961914e+00 6.531815528869628906e-01 7.697244882583618164e-01
1.463664412498474121e+00 5.981895327568054199e-01 9.200049638748168945e-01
1.441022992134094238e+00 5.603392124176025391e-01 9.189376235008239746e-01
1.383610129356384277e+00 6.369836330413818359e-01 9.535711407661437988e-01
1.467532753944396973e+00 6.611919403076171875e-01 8.805748820304870605e-01
1.454865097999572754e+00 5.567309260368347168e-01 8.281289339065551758e-01
1.459765791893005371e+00 6.329630017280578613e-01 8.398717045783996582e-01
1.526641011238098145e+00 6.987645030021667480e-01 7.918417453765869141e-01
1.407971739768981934e+00 6.921322941780090332e-01 8.393884301185607910e-01
1.438430309295654297e+00 6.268895864486694336e-01 7.680930495262145996e-01
1.344983458518981934e+00 6.449991464614868164e-01 8.251550793647766113e-01
1.343985557556152344e+00 6.463410854339599609e-01 8.315011262893676758e-01
1.461386442184448242e+00 7.005804181098937988e-01 8.396086692810058594e-01
1.478563904762268066e+00 6.045489907264709473e-01 9.246106743812561035e-01
1.482940673828125000e+00 5.378252863883972168e-01 9.152209162712097168e-01
1.444643974304199219e+00 6.337686777114868164e-01 9.096409678459167480e-01
1.486995339393615723e+00 5.426877737045288086e-01 8.052710890769958496e-01
1.432330965995788574e+00 5.882504582405090332e-01 8.815497159957885742e-01
1.435802817344665527e+00 6.275775432586669922e-01 8.308894634246826172e-01
1.448135852813720703e+00 5.303922891616821289e-01 8.248217105865478516e-01
1.510756134986877441e+00 5.997831821441650391e-01 8.173615932464599609e-01
1.532178878784179688e+00 5.955066680908203125e-01 8.184603452682495117e-01
1.396875023841857910e+00 5.958913564682006836e-01 8.530747294425964355e-01
1.608005523681640625e+00 6.061350703239440918e-01 7.814272046089172363e-01
1.378353834152221680e+00 6.016063094139099121e-01 8.339303135871887207e-01
1.422029972076416016e+00 5.797057151794433594e-01 8.352954983711242676e-01
1.490879297256469727e+00 5.694562792778015137e-01 9.025406241416931152e-01
1.481708526611328125e+00 6.036492586135864258e-01 9.123128056526184082e-01
1.399816155433654785e+00 6.284032464027404785e-01 7.968775033950805664e-01
1.498386263847351074e+00 6.405757069587707520e-01 9.040433168411254883e-01
1.450731158256530762e+00 6.726868152618408203e-01 8.288220763206481934e-01
1.399098634719848633e+00 6.012932658195495605e-01 7.738860249519348145e-01
1.407716870307922363e+00 6.511915326118469238e-01 8.823708295822143555e-01
1.468481898307800293e+00 6.143104434013366699e-01 9.432907104492187500e-01
1.369782447814941406e+00 6.059623360633850098e-01 8.096039295196533203e-01
1.418567776679992676e+00 6.499319076538085938e-01 9.048103690147399902e-01
1.492758989334106445e+00 5.743318200111389160e-01 8.814069628715515137e-01
1.484234809875488281e+00 6.450045108795166016e-01 7.951155304908752441e-01
1.542303204536437988e+00 6.309224963188171387e-01 8.979704380035400391e-01
1.516621470451354980e+00 5.906934142112731934e-01 7.946595549583435059e-01
1.530356168746948242e+00 6.412442922592163086e-01 8.953903913497924805e-01
1.435487627983093262e+00 6.114734411239624023e-01 9.029151797294616699e-01
1.442968010902404785e+00 6.104453206062316895e-01 8.218640685081481934e-01
1.495571255683898926e+00 6.729318499565124512e-01 8.726376295089721680e-01
1.430922389030456543e+00 6.075080633163452148e-01 8.198025226593017578e-01
1.413691997528076172e+00 6.451211571693420410e-01 9.022177457809448242e-01
1.413049101829528809e+00 6.168208122253417969e-01 8.824475407600402832e-01
1.502994775772094727e+00 6.153457164764404297e-01 8.575214147567749023e-01
1.544754385948181152e+00 6.531168222427368164e-01 7.966787815093994141e-01
1.447690486907958984e+00 5.698490142822265625e-01 8.835186958312988281e-01
1.511278986930847168e+00 6.100851893424987793e-01 9.039348959922790527e-01
1.396928429603576660e+00 6.442789435386657715e-01 9.573029875755310059e-01
1.469676256179809570e+00 5.993601679801940918e-01 8.092764019966125488e-01
1.461984753608703613e+00 6.860536336898803711e-01 9.173681139945983887e-01
1.438572168350219727e+00 6.303594708442687988e-01 8.794819712638854980e-01
1.394297122955322266e+00 5.523023605346679688e-01 9.156583547592163086e-01
1.433744549751281738e+00 6.473286151885986328e-01 8.563734292984008789e-01
1.428979396820068359e+00 6.251635551452636719e-01 8.446513414382934570e-01
1.554305553436279297e+00 6.542391180992126465e-01 8.910082578659057617e-01
1.451810002326965332e+00 6.569193005561828613e-01 9.337530136108398438e-01
1.480789422988891602e+00 6.685475707054138184e-01 8.844220638275146484e-01
1.512795209884643555e+00 5.737459659576416016e-01 8.596322536468505859e-01
1.477823734283447266e+00 6.154622435569763184e-01 8.433276414871215820e-01
1.552895903587341309e+00 6.035334467887878418e-01 7.869364023208618164e-01
1.480999469757080078e+00 5.891187787055969238e-01 8.594857454299926758e-01
1.493493199348449707e+00 6.349780559539794922e-01 7.972062826156616211e-01
1.513056516647338867e+00 6.758518218994140625e-01 9.312221407890319824e-01
1.489514350891113281e+00 6.314975023269653320e-01 8.785400390625000000e-01
1.426344513893127441e+00 6.224469542503356934e-01 8.796173334121704102e-01
1.417804241180419922e+00 6.876264810562133789e-01 8.074979782104492188e-01
1.501227259635925293e+00 6.760497689247131348e-01 9.093905091285705566e-01
1.508290886878967285e+00 6.634279489517211914e-01 8.078123927116394043e-01
1.441191673278808594e+00 5.338485836982727051e-01 8.388688564300537109e-01
1.503978133201599121e+00 6.667978763580322266e-01 8.718124628067016602e-01
1.481008768081665039e+00 6.396359205245971680e-01 8.779520392417907715e-01
1.453718066215515137e+00 6.810869574546813965e-01 9.099702835083007812e-01
1.378951191902160645e+00 5.694239735603332520e-01 8.532133102416992188e-01
1.481526732444763184e+00 5.733251571655273438e-01 8.390895128250122070e-01
1.467434644699096680e+00 6.098145246505737305e-01 8.107181787490844727e-01
1.378864169120788574e+00 5.917490720748901367e-01 8.579195141792297363e-01
1.446125030517578125e+00 5.470466017723083496e-01 9.058045744895935059e-01
1.452442049980163574e+00 6.096115708351135254e-01 8.987343907356262207e-01
1.433620452880859375e+00 7.140226960182189941e-01 8.010585308074951172e-01
1.516271948814392090e+00 6.333242654800415039e-01 8.381077051162719727e-01
1.519097924232482910e+00 6.381624341011047363e-01 8.877269029617309570e-01
1.467854380607604980e+00 6.365685462951660156e-01 8.815242648124694824e-01
1.483196735382080078e+00 6.140206456184387207e-01 9.354655146598815918e-01
1.457503557205200195e+00 6.330921649932861328e-01 7.861995697021484375e-01
1.438188195228576660e+00 6.027569174766540527e-01 8.809453248977661133e-01
1.457841277122497559e+00 5.612601041793823242e-01 8.434013128280639648e-01
1.552661299705505371e+00 5.322167873382568359e-01 8.424640893936157227e-01
1.389130711555480957e+00 6.023998260498046875e-01 8.750933408737182617e-01
1.493386507034301758e+00 6.683993339538574219e-01 8.974115848541259766e-01
1.536187887191772461e+00 6.077966094017028809e-01 8.211852908134460449e-01
1.480500698089599609e+00 6.548668742179870605e-01 8.731697201728820801e-01
1.538217902183532715e+00 6.177112460136413574e-01 8.905935287475585938e-01
1.508889079093933105e+00 7.154991626739501953e-01 8.096483945846557617e-01
1.554863095283508301e+00 6.569603681564331055e-01 8.774855136871337891e-01
1.461821198463439941e+00 6.243031024932861328e-01 8.689780235290527344e-01
1.516244530677795410e+00 6.316688656806945801e-01 8.743629455566406250e-01
1.410207390785217285e+00 6.202047467231750488e-01 8.527920246124267578e-01
1.466013550758361816e+00 6.214384436607360840e-01 8.812375068664550781e-01
1.482606172561645508e+00 6.233130097389221191e-01 9.189568758010864258e-01
1.489025592803955078e+00 6.914201378822326660e-01 8.430863022804260254e-01
1.435262441635131836e+00 5.792751908302307129e-01 8.587085604667663574e-01
1.463669300079345703e+00 5.747606158256530762e-01 8.844435214996337891e-01
1.493496417999267578e+00 6.217791438102722168e-01 9.452089667320251465e-01
1.517532348632812500e+00 6.439962983131408691e-01 8.647996187210083008e-01
1.483759164810180664e+00 6.540275216102600098e-01 8.362992405891418457e-01
1.483727931976318359e+00 6.460345387458801270e-01 8.676156401634216309e-01
1.507242918014526367e+00 6.565077900886535645e-01 8.405165672302246094e-01
1.488362073898315430e+00 6.674652099609375000e-01 9.132641553878784180e-01
1.482452750205993652e+00 6.032431125640869141e-01 9.033062458038330078e-01
1.456586837768554688e+00 6.714177727699279785e-01 8.386098146438598633e-01
1.506632089614868164e+00 6.315450668334960938e-01 8.594323992729187012e-01
1.445105314254760742e+00 7.157773375511169434e-01 8.758540749549865723e-01
1.510657668113708496e+00 7.041987180709838867e-01 8.977481722831726074e-01
1.392947673797607422e+00 6.806207299232482910e-01 8.729637861251831055e-01
1.430476069450378418e+00 7.022880911827087402e-01 8.884394764900207520e-01
1.406132102012634277e+00 6.780321598052978516e-01 8.806394338607788086e-01
1.513619184494018555e+00 5.858617424964904785e-01 8.655596375465393066e-01
1.388632893562316895e+00 6.885949969291687012e-01 9.046254158020019531e-01
1.464006900787353516e+00 6.381863355636596680e-01 8.855439424514770508e-01
1.389201045036315918e+00 6.470871567726135254e-01 9.067115187644958496e-01
1.523669362068176270e+00 6.810005307197570801e-01 9.207574725151062012e-01
1.402225017547607422e+00 6.606810688972473145e-01 8.369335532188415527e-01
1.527620434761047363e+00 6.226558685302734375e-01 8.391472101211547852e-01
1.515056967735290527e+00 6.258356571197509766e-01 8.153164386749267578e-01
1.537876486778259277e+00 6.613759398460388184e-01 8.077734708786010742e-01
1.498142480850219727e+00 6.611378788948059082e-01 1.017044186592102051e+00
1.483636379241943359e+00 6.519248485565185547e-01 8.495479822158813477e-01
1.509362697601318359e+00 5.911256670951843262e-01 8.282145857810974121e-01
1.522959232330322266e+00 6.184383034706115723e-01 8.345395326614379883e-01
1.513965249061584473e+00 6.614066362380981445e-01 8.988935351371765137e-01
1.416905999183654785e+00 6.533758640289306641e-01 9.270549416542053223e-01
1.446786403656005859e+00 6.867439746856689453e-01 9.097937941551208496e-01
1.419138669967651367e+00 6.571460366249084473e-01 7.620543837547302246e-01
1.528708934783935547e+00 6.961741447448730469e-01 8.048847913742065430e-01
1.478565692901611328e+00 6.535093188285827637e-01 8.096285462379455566e-01
1.492757320404052734e+00 6.405082345008850098e-01 8.294207453727722168e-01
1.408021092414855957e+00 6.141774654388427734e-01 8.961467146873474121e-01
1.517393350601196289e+00 6.926045417785644531e-01 8.147320747375488281e-01
1.461556553840637207e+00 6.629843711853027344e-01 8.979871869087219238e-01
1.462293744087219238e+00 7.108427286148071289e-01 7.783880829811096191e-01
1.640963912010192871e+00 6.351206898689270020e-01 8.763123750686645508e-01
1.507062435150146484e+00 6.215743422508239746e-01 8.572167754173278809e-01
1.383893489837646484e+00 6.017360687255859375e-01 9.653675556182861328e-01
1.458470702171325684e+00 6.736814975738525391e-01 8.922260999679565430e-01
1.550003647804260254e+00 7.280228137969970703e-01 9.992534518241882324e-01
1.540071368217468262e+00 6.583358645439147949e-01 8.461437225341796875e-01
1.433192133903503418e+00 6.699661016464233398e-01 8.788456916809082031e-01
1.504434943199157715e+00 5.826758146286010742e-01 9.442839622497558594e-01
1.580769062042236328e+00 6.940183639526367188e-01 8.050448298454284668e-01
1.549919247627258301e+00 7.021160721778869629e-01 9.261138439178466797e-01
1.421916007995605469e+00 6.711864471435546875e-01 9.395242929458618164e-01
1.563475251197814941e+00 7.281652092933654785e-01 9.019560813903808594e-01
1.456322073936462402e+00 6.309625506401062012e-01 8.130798339843750000e-01
1.493711948394775391e+00 6.691558957099914551e-01 9.497076869010925293e-01
1.523451089859008789e+00 7.031469345092773438e-01 8.894805312156677246e-01
1.526279091835021973e+00 6.565982699394226074e-01 8.215978741645812988e-01
1.472323656082153320e+00 6.159775257110595703e-01 8.038509488105773926e-01
1.519784331321716309e+00 6.409273743629455566e-01 8.549026846885681152e-01
1.470762133598327637e+00 6.182477474212646484e-01 8.363687396049499512e-01
1.403772711753845215e+00 5.946785807609558105e-01 7.885175943374633789e-01
1.571186542510986328e+00 6.443028450012207031e-01 9.869294166564941406e-01
1.469561219215393066e+00 6.373741626739501953e-01 8.598705530166625977e-01
1.419271230697631836e+00 6.372685432434082031e-01 9.379576444625854492e-01
1.460592031478881836e+00 6.203736662864685059e-01 8.412592411041259766e-01
1.512856125831604004e+00 7.041651010513305664e-01 8.632450103759765625e-01
1.550456643104553223e+00 7.440201044082641602e-01 1.027981042861938477e+00
1.444690823554992676e+00 6.753989458084106445e-01 8.050637841224670410e-01
1.471473813056945801e+00 6.841760873794555664e-01 8.911435008049011230e-01
1.417956829071044922e+00 6.421679258346557617e-01 8.280085325241088867e-01
1.532722353935241699e+00 6.367273926734924316e-01 9.018299579620361328e-01
1.505139231681823730e+00 5.353875160217285156e-01 8.641246557235717773e-01
1.411178827285766602e+00 6.932662129402160645e-01 8.708316087722778320e-01
1.532653450965881348e+00 7.235774993896484375e-01 8.756697773933410645e-01
1.506177067756652832e+00 6.358397006988525391e-01 8.436121940612792969e-01
1.525921463966369629e+00 7.006427645683288574e-01 9.568808078765869141e-01
1.461233735084533691e+00 6.869536638259887695e-01 1.015236020088195801e+00
1.483762502670288086e+00 7.293351292610168457e-01 9.650264382362365723e-01
1.459871768951416016e+00 6.726917624473571777e-01 8.101006746292114258e-01
1.482968330383300781e+00 7.231641411781311035e-01 9.194521307945251465e-01
1.546193838119506836e+00 6.731521487236022949e-01 9.373030066490173340e-01
1.573605537414550781e+00 6.805974245071411133e-01 7.916777133941650391e-01
1.487644076347351074e+00 6.572238206863403320e-01 8.743318319320678711e-01
1.455831646919250488e+00 7.271159291267395020e-01 9.737088680267333984e-01
1.506836771965026855e+00 6.907934546470642090e-01 9.301418662071228027e-01
1.524073243141174316e+00 6.364221572875976562e-01 9.183878898620605469e-01
1.448110818862915039e+00 7.419192194938659668e-01 9.716618061065673828e-01
1.452984333038330078e+00 7.244579195976257324e-01 8.962510824203491211e-01
1.494085907936096191e+00 7.017741799354553223e-01 8.698229789733886719e-01
1.470916867256164551e+00 6.954618692398071289e-01 7.858070731163024902e-01
1.390489935874938965e+00 6.557187438011169434e-01 8.292872309684753418e-01
1.564877152442932129e+00 6.645391583442687988e-01 9.446077346801757812e-01
1.573756694793701172e+00 6.410060524940490723e-01 8.183696269989013672e-01
1.613532304763793945e+00 6.529766917228698730e-01 9.394085407257080078e-01
1.576330184936523438e+00 7.275355458259582520e-01 8.724384903907775879e-01
1.488332271575927734e+00 7.055878043174743652e-01 8.480234146118164062e-01
1.480020880699157715e+00 6.558433771133422852e-01 8.959224820137023926e-01
1.475131869316101074e+00 6.924704909324645996e-01 7.951002120971679688e-01
1.454031467437744141e+00 7.175235152244567871e-01 8.717435598373413086e-01
1.494750022888183594e+00 6.525687575340270996e-01 9.284495711326599121e-01
1.443580150604248047e+00 6.926676630973815918e-01 8.521891236305236816e-01
1.564688086509704590e+00 6.510363817214965820e-01 9.689660668373107910e-01
1.524323225021362305e+00 6.567919850349426270e-01 9.122570157051086426e-01
1.543040633201599121e+00 6.719685196876525879e-01 8.850079774856567383e-01
1.476029515266418457e+00 6.886464357376098633e-01 8.670061230659484863e-01
1.484085202217102051e+00 7.088223099708557129e-01 9.095396399497985840e-01
1.455906510353088379e+00 7.441493272781372070e-01 8.416599035263061523e-01
1.477641701698303223e+00 6.360279321670532227e-01 9.260506629943847656e-01
1.436900496482849121e+00 6.677168011665344238e-01 9.506708383560180664e-01
1.433534502983093262e+00 7.140055894851684570e-01 9.133232235908508301e-01
1.527933955192565918e+00 7.246986627578735352e-01 9.511613249778747559e-01
1.505772471427917480e+00 6.978113651275634766e-01 9.436441063880920410e-01
1.464042186737060547e+00 6.757723689079284668e-01 9.072749614715576172e-01
1.515545964241027832e+00 6.632414460182189941e-01 9.149578213691711426e-01
1.471066951751708984e+00 6.801043152809143066e-01 8.639159798622131348e-01
1.590170621871948242e+00 5.986583232879638672e-01 8.674594163894653320e-01
1.512818574905395508e+00 6.362655758857727051e-01 9.126032590866088867e-01
1.460344076156616211e+00 6.573410034179687500e-01 8.556964993476867676e-01
1.404596686363220215e+00 7.160448431968688965e-01 8.414197564125061035e-01
1.552667617797851562e+00 6.989393830299377441e-01 8.973719477653503418e-01
1.417926430702209473e+00 7.220186591148376465e-01 9.905850291252136230e-01
1.504276633262634277e+00 7.584130764007568359e-01 9.489793777465820312e-01
1.448948860168457031e+00 6.398887038230895996e-01 8.122817873954772949e-01
1.500467538833618164e+00 6.347974538803100586e-01 9.182559847831726074e-01
1.407982826232910156e+00 7.754719257354736328e-01 9.542821049690246582e-01
1.529241442680358887e+00 6.268712282180786133e-01 8.831319808959960938e-01
1.503788471221923828e+00 7.050130963325500488e-01 9.340259432792663574e-01
1.568781495094299316e+00 6.666745543479919434e-01 8.703792691230773926e-01
1.560957312583923340e+00 5.994627475738525391e-01 8.431335687637329102e-01
1.543075084686279297e+00 7.069916129112243652e-01 8.192380666732788086e-01
1.484131455421447754e+00 6.499521732330322266e-01 8.518767356872558594e-01
1.516444087028503418e+00 6.815654635429382324e-01 8.223388791084289551e-01
1.501237392425537109e+00 6.711884737014770508e-01 8.677449822425842285e-01
1.575211286544799805e+00 7.148182392120361328e-01 9.449335336685180664e-01
1.449551582336425781e+00 7.096408009529113770e-01 1.033995747566223145e+00
1.523066520690917969e+00 7.030261158943176270e-01 9.182296991348266602e-01
1.448416471481323242e+00 6.715798377990722656e-01 9.382029771804809570e-01
1.448391556739807129e+00 6.915722489356994629e-01 8.494338393211364746e-01
1.516154527664184570e+00 6.406809091567993164e-01 8.846037387847900391e-01
1.500745773315429688e+00 6.700021624565124512e-01 9.641739130020141602e-01
1.446975231170654297e+00 7.243137359619140625e-01 1.000289201736450195e+00
1.464081645011901855e+00 7.122813463211059570e-01 9.071615934371948242e-01
1.576766610145568848e+00 7.512869834899902344e-01 9.314048886299133301e-01
1.476065754890441895e+00 7.019553184509277344e-01 8.283910155296325684e-01
1.465341329574584961e+00 6.997414231300354004e-01 9.727165699005126953e-01
1.552055239677429199e+00 6.818925738334655762e-01 8.790193796157836914e-01
1.470922112464904785e+00 6.932971477508544922e-01 9.241805076599121094e-01
1.529568314552307129e+00 7.009865641593933105e-01 8.482056856155395508e-01
1.537006258964538574e+00 6.890161037445068359e-01 9.187741875648498535e-01
1.600368380546569824e+00 7.240633964538574219e-01 9.027718901634216309e-01
1.452848672866821289e+00 7.400134801864624023e-01 8.042516112327575684e-01
1.416459679603576660e+00 6.336477994918823242e-01 9.582178592681884766e-01
1.520100831985473633e+00 7.014058232307434082e-01 9.135820865631103516e-01
1.517969250679016113e+00 6.560863256454467773e-01 9.035922288894653320e-01
1.509094119071960449e+00 7.118548750877380371e-01 8.532471656799316406e-01
1.456096172332763672e+00 7.182924151420593262e-01 9.413949847221374512e-01
1.468140840530395508e+00 7.944695353507995605e-01 9.447830319404602051e-01
1.550154924392700195e+00 7.559242248535156250e-01 8.637319207191467285e-01
1.508179545402526855e+00 7.035323977470397949e-01 9.230782389640808105e-01
1.618656396865844727e+00 6.618642210960388184e-01 9.653486609458923340e-01
1.434667825698852539e+00 7.618296146392822266e-01 9.358819723129272461e-01
1.589765191078186035e+00 7.308520078659057617e-01 9.600902795791625977e-01
1.427126049995422363e+00 7.725555300712585449e-01 8.270511031150817871e-01
1.578255295753479004e+00 6.509805321693420410e-01 9.252274036407470703e-01
1.528593420982360840e+00 7.187919020652770996e-01 8.371943235397338867e-01
1.585919857025146484e+00 7.496269941329956055e-01 9.280067682266235352e-01
1.524756431579589844e+00 6.440111994743347168e-01 9.739525318145751953e-01
1.584322690963745117e+00 7.165182232856750488e-01 9.443475604057312012e-01
1.540283441543579102e+00 7.020595073699951172e-01 9.814929962158203125e-01
1.487833738327026367e+00 7.003921866416931152e-01 8.361976146697998047e-01
1.550689458847045898e+00 6.967057585716247559e-01 9.451275467872619629e-01
1.592686295509338379e+00 6.727347373962402344e-01 9.654043912887573242e-01
1.522700190544128418e+00 6.543983221054077148e-01 8.477426171302795410e-01
1.534072160720825195e+00 7.383686304092407227e-01 1.017249703407287598e+00
1.414218187332153320e+00 6.277059912681579590e-01 8.891183137893676758e-01
1.510525345802307129e+00 7.457289695739746094e-01 9.486349225044250488e-01
1.507589459419250488e+00 6.551176905632019043e-01 9.303176403045654297e-01
1.509988427162170410e+00 6.425259113311767578e-01 9.397141933441162109e-01
1.504881501197814941e+00 7.605704665184020996e-01 9.468661546707153320e-01
1.536423206329345703e+00 7.525267601013183594e-01 9.947313666343688965e-01
1.480462670326232910e+00 7.491955161094665527e-01 8.987843990325927734e-01
1.520369768142700195e+00 7.192569375038146973e-01 9.508905410766601562e-01
1.443871617317199707e+00 6.446706056594848633e-01 9.714882373809814453e-01
1.550111055374145508e+00 6.994397640228271484e-01 8.476631045341491699e-01
1.492977738380432129e+00 7.467585206031799316e-01 9.246526360511779785e-01
1.527353763580322266e+00 6.916273832321166992e-01 8.595353960990905762e-01
1.453718662261962891e+00 7.155618071556091309e-01 8.410601615905761719e-01
1.502941370010375977e+00 6.714071631431579590e-01 1.000449180603027344e+00
1.477075099945068359e+00 6.971153616905212402e-01 8.999040722846984863e-01
1.465432643890380859e+00 6.932693123817443848e-01 9.734366536140441895e-01
1.540843248367309570e+00 6.831610798835754395e-01 9.513060450553894043e-01
1.615169525146484375e+00 6.488162875175476074e-01 1.017206192016601562e+00
1.567675590515136719e+00 7.217406630516052246e-01 8.814915418624877930e-01
1.470382094383239746e+00 6.532717943191528320e-01 9.893930554389953613e-01
1.486757516860961914e+00 7.418519854545593262e-01 9.595980048179626465e-01
1.450616478919982910e+00 7.071268558502197266e-01 9.143006205558776855e-01
1.515028595924377441e+00 6.637743115425109863e-01 8.562050461769104004e-01
1.525703430175781250e+00 7.525967359542846680e-01 8.695948719978332520e-01
1.499155998229980469e+00 7.145844697952270508e-01 8.966295123100280762e-01
1.447437286376953125e+00 7.739496827125549316e-01 9.406862258911132812e-01
1.511914253234863281e+00 7.133416533470153809e-01 8.482969999313354492e-01
1.487535238265991211e+00 7.291420102119445801e-01 8.527709841728210449e-01
1.477455973625183105e+00 6.514950394630432129e-01 8.784332275390625000e-01
1.498295187950134277e+00 6.964310407638549805e-01 1.014314174652099609e+00
1.584412097930908203e+00 7.253940105438232422e-01 9.276554584503173828e-01
1.578630208969116211e+00 7.661294937133789062e-01 9.349829554557800293e-01
1.579682111740112305e+00 7.257736921310424805e-01 8.650658130645751953e-01
1.483650207519531250e+00 7.279879450798034668e-01 8.926475048065185547e-01
1.504289746284484863e+00 6.728498935699462891e-01 9.432167410850524902e-01
1.567886590957641602e+00 7.786440253257751465e-01 9.668536186218261719e-01
1.575928688049316406e+00 7.068070173263549805e-01 9.583283662796020508e-01
1.505256175994873047e+00 7.096943855285644531e-01 9.661919474601745605e-01
1.526293873786926270e+00 6.635896563529968262e-01 9.139572978019714355e-01
1.484037518501281738e+00 7.248340845108032227e-01 9.845350384712219238e-01
1.557301878929138184e+00 6.870521903038024902e-01 9.331693053245544434e-01
1.548996329307556152e+00 6.668935418128967285e-01 9.518035650253295898e-01
1.492019891738891602e+00 8.373798131942749023e-01 8.787305355072021484e-01
1.518590450286865234e+00 7.215543389320373535e-01 1.038836956024169922e+00
1.634029984474182129e+00 6.922764182090759277e-01 8.904402852058410645e-01
1.493984937667846680e+00 6.865807175636291504e-01 8.786306977272033691e-01
1.487858533859252930e+00 7.451796531677246094e-01 8.938696980476379395e-01
1.589570403099060059e+00 6.744047999382019043e-01 8.380065560340881348e-01
1.485003948211669922e+00 7.030206322669982910e-01 8.462126255035400391e-01
1.460644483566284180e+00 6.799303889274597168e-01 9.146342277526855469e-01
1.592527985572814941e+00 6.648811101913452148e-01 9.584022164344787598e-01
1.598744511604309082e+00 6.841955184936523438e-01 9.829986095428466797e-01
1.578510046005249023e+00 6.928923726081848145e-01 9.063124656677246094e-01
1.555501580238342285e+00 6.603574752807617188e-01 8.650489449501037598e-01
1.446414589881896973e+00 7.682436108589172363e-01 8.843787908554077148e-01
1.460957169532775879e+00 7.024590373039245605e-01 9.566275477409362793e-01
1.614015221595764160e+00 7.209225296974182129e-01 9.737609624862670898e-01
1.440546274185180664e+00 7.456384897232055664e-01 9.317448139190673828e-01
1.553633213043212891e+00 7.281329035758972168e-01 9.162968993186950684e-01
1.534513473510742188e+00 7.096645236015319824e-01 9.683447480201721191e-01
1.525901675224304199e+00 7.303459644317626953e-01 9.936898350715637207e-01
1.447522521018981934e+00 6.523981094360351562e-01 9.429979324340820312e-01
1.548156380653381348e+00 7.120912671089172363e-01 8.870618343353271484e-01
1.540492057800292969e+00 6.937582492828369141e-01 8.497613668441772461e-01
1.503133773803710938e+00 6.935397386550903320e-01 9.084462523460388184e-01
1.486858844757080078e+00 6.770673990249633789e-01 9.071867465972900391e-01
1.434202194213867188e+00 6.089574694633483887e-01 7.765464186668395996e-01
1.555021882057189941e+00 7.007062435150146484e-01 9.778136014938354492e-01
1.515586137771606445e+00 7.657661437988281250e-01 8.934010863304138184e-01
1.530044674873352051e+00 7.002252936363220215e-01 9.405507445335388184e-01
1.435183644294738770e+00 7.413523197174072266e-01 8.906413316726684570e-01
1.494098544120788574e+00 7.622305154800415039e-01 1.006879210472106934e+00
1.525569081306457520e+00 6.890392899513244629e-01 9.379062056541442871e-01
1.586978077888488770e+00 7.045321464538574219e-01 8.027196526527404785e-01
1.545034408569335938e+00 7.773929834365844727e-01 9.590247273445129395e-01
1.534609675407409668e+00 6.563686728477478027e-01 1.057511806488037109e+00
1.521153926849365234e+00 7.519225478172302246e-01 8.134621381759643555e-01
1.600171327590942383e+00 6.644694209098815918e-01 8.006054759025573730e-01
1.474517822265625000e+00 7.442958354949951172e-01 9.231008291244506836e-01
1.515930652618408203e+00 6.497488021850585938e-01 9.222252368927001953e-01
1.446406722068786621e+00 7.293603420257568359e-01 8.955551385879516602e-01
1.381488800048828125e+00 7.583591938018798828e-01 9.394785761833190918e-01
1.585772752761840820e+00 7.455088496208190918e-01 9.564231634140014648e-01
1.564153194427490234e+00 7.477216124534606934e-01 9.247161149978637695e-01
1.490001082420349121e+00 7.098750472068786621e-01 1.031423926353454590e+00
1.457705020904541016e+00 6.798779964447021484e-01 9.611209630966186523e-01
1.461216807365417480e+00 7.235927581787109375e-01 9.739960432052612305e-01
1.556836009025573730e+00 6.975067257881164551e-01 9.330995678901672363e-01
1.546443104743957520e+00 8.358429074287414551e-01 8.326163291931152344e-01
1.527085304260253906e+00 7.218836545944213867e-01 8.827423453330993652e-01
1.468462824821472168e+00 7.032888531684875488e-01 9.276480078697204590e-01
1.524660825729370117e+00 7.260102033615112305e-01 9.028227925300598145e-01
1.534594416618347168e+00 6.658667922019958496e-01 8.649234771728515625e-01
1.548201918601989746e+00 7.761816978454589844e-01 9.230775833129882812e-01
1.528590917587280273e+00 7.793418765068054199e-01 9.479936361312866211e-01
1.467989444732666016e+00 7.520292401313781738e-01 9.897140860557556152e-01
1.498344302177429199e+00 7.370677590370178223e-01 9.228658080101013184e-01
1.505461573600769043e+00 7.405946850776672363e-01 1.046393990516662598e+00
1.469746470451354980e+00 7.174126505851745605e-01 8.171728253364562988e-01
1.483663797378540039e+00 7.036104202270507812e-01 8.961594700813293457e-01
1.496495246887207031e+00 8.134667873382568359e-01 8.894971609115600586e-01
1.459444642066955566e+00 7.315834760665893555e-01 9.164571166038513184e-01
1.485275745391845703e+00 7.150211334228515625e-01 8.858162760734558105e-01
1.442808508872985840e+00 7.523932456970214844e-01 9.096409678459167480e-01
1.569005250930786133e+00 6.611935496330261230e-01 8.911856412887573242e-01
1.555299043655395508e+00 7.792043685913085938e-01 8.684959411621093750e-01
1.552314281463623047e+00 6.787356138229370117e-01 9.449964165687561035e-01
1.536935925483703613e+00 6.639778614044189453e-01 8.802254796028137207e-01
1.534505605697631836e+00 7.613573074340820312e-01 9.250957965850830078e-01
1.655298709869384766e+00 7.593794465065002441e-01 8.686460256576538086e-01
1.566091775894165039e+00 7.342901229858398438e-01 8.968381285667419434e-01
1.473144650459289551e+00 6.920466423034667969e-01 9.371413588523864746e-01
1.587499618530273438e+00 7.317234873771667480e-01 9.816671013832092285e-01
1.553104043006896973e+00 7.182388901710510254e-01 9.594382047653198242e-01
1.570880413055419922e+00 7.522161006927490234e-01 9.399403333663940430e-01
1.481985926628112793e+00 7.913416624069213867e-01 8.624415397644042969e-01
1.571508288383483887e+00 8.126183152198791504e-01 9.804987311363220215e-01
1.594999670982360840e+00 7.495452761650085449e-01 8.477741479873657227e-01
1.469796061515808105e+00 7.656705975532531738e-01 8.618365526199340820e-01
1.482563376426696777e+00 6.829912662506103516e-01 9.054699540138244629e-01
1.569061398506164551e+00 7.400085926055908203e-01 9.348608255386352539e-01
1.513917803764343262e+00 7.412250041961669922e-01 9.492139220237731934e-01
1.532567143440246582e+00 7.829515337944030762e-01 8.186259865760803223e-01
1.547627568244934082e+00 6.854846477508544922e-01 9.399701952934265137e-01
1.622355699539184570e+00 7.041098475456237793e-01 9.184276461601257324e-01
1.600783348083496094e+00 6.251594424247741699e-01 8.676491379737854004e-01
1.506755471229553223e+00 7.884383797645568848e-01 9.124716520309448242e-01
1.579232215881347656e+00 7.665805816650390625e-01 9.198091626167297363e-01
1.636762261390686035e+00 7.290630936622619629e-01 8.866825103759765625e-01
1.483738780021667480e+00 7.764037251472473145e-01 8.672548532485961914e-01
1.599556088447570801e+00 7.394750714302062988e-01 9.665251970291137695e-01
1.525619983673095703e+00 7.983405590057373047e-01 9.848634004592895508e-01
1.494421362876892090e+00 6.818624138832092285e-01 9.256413578987121582e-01
1.581091523170471191e+00 7.093885540962219238e-01 8.821514248847961426e-01
1.480220079421997070e+00 7.133681774139404297e-01 9.787973761558532715e-01
1.495507359504699707e+00 6.514386534690856934e-01 9.573115110397338867e-01
1.518533587455749512e+00 7.648454308509826660e-01 9.591357707977294922e-01
1.621563196182250977e+00 8.112919926643371582e-01 9.627540707588195801e-01
1.554811835289001465e+00 7.447615265846252441e-01 8.770460486412048340e-01
1.593325257301330566e+00 7.033214569091796875e-01 9.726306796073913574e-01
1.498829841613769531e+00 7.350817918777465820e-01 9.064348936080932617e-01
1.579676151275634766e+00 7.240473628044128418e-01 8.924339413642883301e-01
1.573844313621520996e+00 7.716150283813476562e-01 8.618315458297729492e-01
1.513731837272644043e+00 7.459282279014587402e-01 9.515845179557800293e-01
1.627668261528015137e+00 7.692037224769592285e-01 9.522156119346618652e-01
1.496250987052917480e+00 7.246295809745788574e-01 9.823866486549377441e-01
1.454173684120178223e+00 7.385042309761047363e-01 9.122712016105651855e-01
1.555129647254943848e+00 7.284114956855773926e-01 9.038839936256408691e-01
1.487998962402343750e+00 7.483674287796020508e-01 9.497209787368774414e-01
1.537064194679260254e+00 8.427490592002868652e-01 8.930774331092834473e-01
1.655686497688293457e+00 8.028269410133361816e-01 9.425387978553771973e-01
1.573503494262695312e+00 7.489742040634155273e-01 9.882184267044067383e-01
1.567019104957580566e+00 7.420020103454589844e-01 9.904462099075317383e-01
1.582272529602050781e+00 7.856819033622741699e-01 9.911441802978515625e-01
1.481166362762451172e+00 7.402880191802978516e-01 8.954703807830810547e-01
1.578553318977355957e+00 7.653431892395019531e-01 9.849701523780822754e-01
1.567021369934082031e+00 7.589882612228393555e-01 8.495960831642150879e-01
1.521653294563293457e+00 7.137506008148193359e-01 9.893127679824829102e-01
1.548686981201171875e+00 7.509489059448242188e-01 9.220899939537048340e-01
1.544078707695007324e+00 7.791432738304138184e-01 9.361037611961364746e-01
1.526679396629333496e+00 7.038877010345458984e-01 1.014898896217346191e+00
1.454965949058532715e+00 7.567412257194519043e-01 1.087785243988037109e+00
1.556783914566040039e+00 7.534230351448059082e-01 8.983485102653503418e-01
1.542156577110290527e+00 7.487616539001464844e-01 9.822473526000976562e-01
1.530150651931762695e+00 7.201465368270874023e-01 9.032267332077026367e-01
1.540014147758483887e+00 6.832615733146667480e-01 9.248969554901123047e-01
1.578769326210021973e+00 7.031893134117126465e-01 1.038727879524230957e+00
1.570345878601074219e+00 7.801154851913452148e-01 1.065264105796813965e+00
1.566051363945007324e+00 7.849511504173278809e-01 1.007863759994506836e+00
1.530111312866210938e+00 7.092182636260986328e-01 8.719424605369567871e-01
1.509982824325561523e+00 6.965793371200561523e-01 9.250792860984802246e-01
1.476534724235534668e+00 7.515721321105957031e-01 9.607111215591430664e-01
1.549291610717773438e+00 7.427322864532470703e-01 9.203094840049743652e-01
1.506649136543273926e+00 7.492848634719848633e-01 9.581423997879028320e-01
1.564070105552673340e+00 7.511113882064819336e-01 8.993249535560607910e-01
1.524819850921630859e+00 7.031431794166564941e-01 8.967971801757812500e-01
1.540062665939331055e+00 7.360333800315856934e-01 9.058279991149902344e-01
1.472658753395080566e+00 7.164688110351562500e-01 1.010450005531311035e+00
1.497345805168151855e+00 8.627899885177612305e-01 8.852517604827880859e-01
1.534027457237243652e+00 7.554793953895568848e-01 9.174692630767822266e-01
1.538048148155212402e+00 6.963972449302673340e-01 9.932256340980529785e-01
1.537831187248229980e+00 7.557714581489562988e-01 1.003427267074584961e+00
1.418752908706665039e+00 7.287981510162353516e-01 1.060358047485351562e+00
1.567354798316955566e+00 6.837599277496337891e-01 9.455485343933105469e-01
1.510395288467407227e+00 7.886690497398376465e-01 9.584197998046875000e-01
1.605312705039978027e+00 7.446843981742858887e-01 9.788379073143005371e-01
1.518405199050903320e+00 7.712303996086120605e-01 8.713674545288085938e-01
1.556405901908874512e+00 7.847603559494018555e-01 9.766630530357360840e-01
1.561941146850585938e+00 7.810667753219604492e-01 9.404351711273193359e-01
1.511068701744079590e+00 7.811501026153564453e-01 9.225983023643493652e-01
1.489130258560180664e+00 6.981583237648010254e-01 9.083094596862792969e-01
1.675455331802368164e+00 6.977907419204711914e-01 9.321699142456054688e-01
1.523278355598449707e+00 7.592815160751342773e-01 9.919668436050415039e-01
1.502959847450256348e+00 7.617937326431274414e-01 9.771692156791687012e-01
1.617944002151489258e+00 7.395063042640686035e-01 1.009518504142761230e+00
1.566143870353698730e+00 7.508324384689331055e-01 9.572589993476867676e-01
1.488789200782775879e+00 7.921821475028991699e-01 9.581096172332763672e-01
1.543851613998413086e+00 7.798791527748107910e-01 8.768339753150939941e-01
1.492502331733703613e+00 7.409647703170776367e-01 9.624691009521484375e-01
1.599669814109802246e+00 7.936992049217224121e-01 9.478098750114440918e-01
1.540599584579467773e+00 7.759397625923156738e-01 9.031257033348083496e-01
1.463326573371887207e+00 6.986964941024780273e-01 9.063564538955688477e-01
1.555691242218017578e+00 7.316251993179321289e-01 1.019973516464233398e+00
1.459250569343566895e+00 8.229757547378540039e-01 9.146592617034912109e-01
1.599051117897033691e+00 7.396706938743591309e-01 9.268752932548522949e-01
1.545655369758605957e+00 7.579535841941833496e-01 9.214422702789306641e-01
1.548157572746276855e+00 7.166759967803955078e-01 9.660220146179199219e-01
1.540833830833435059e+00 7.960618138313293457e-01 1.087348103523254395e+00
1.598994851112365723e+00 6.815150976181030273e-01 8.606562018394470215e-01
1.599901199340820312e+00 7.117480635643005371e-01 9.208652377128601074e-01
1.696833968162536621e+00 7.415678501129150391e-01 8.422569632530212402e-01
1.573326230049133301e+00 7.859467864036560059e-01 8.266279697418212891e-01
1.487194299697875977e+00 7.886311411857604980e-01 9.596855640411376953e-01
1.523250341415405273e+00 7.188746929168701172e-01 8.821156620979309082e-01
1.560840845108032227e+00 7.488447427749633789e-01 9.145901799201965332e-01
1.631526470184326172e+00 7.681737542152404785e-01 9.776430726051330566e-01
1.519248247146606445e+00 6.958944797515869141e-01 9.427973628044128418e-01
1.540324687957763672e+00 7.386350035667419434e-01 9.833104610443115234e-01
1.585401892662048340e+00 7.695766687393188477e-01 9.310708045959472656e-01
1.547152996063232422e+00 7.102613449096679688e-01 9.700384736061096191e-01
1.624968647956848145e+00 7.825765609741210938e-01 9.802465438842773438e-01
1.655897259712219238e+00 7.134339213371276855e-01 9.404337406158447266e-01
1.581840157508850098e+00 7.329186797142028809e-01 9.692574143409729004e-01
1.506899356842041016e+00 6.831645369529724121e-01 9.944345951080322266e-01
1.562275767326354980e+00 7.978645563125610352e-01 8.546685576438903809e-01
1.571924924850463867e+00 7.925773262977600098e-01 9.856427907943725586e-01
1.526983022689819336e+00 7.400800585746765137e-01 9.333980679512023926e-01
1.540879130363464355e+00 7.507112622261047363e-01 9.796614050865173340e-01
1.479963541030883789e+00 7.944809794425964355e-01 9.920783638954162598e-01
1.488286733627319336e+00 6.963624358177185059e-01 9.928157329559326172e-01
1.573083162307739258e+00 7.887655496597290039e-01 9.014266133308410645e-01
1.494245409965515137e+00 7.096568346023559570e-01 9.554855823516845703e-01
1.605400919914245605e+00 7.913711071014404297e-01 9.125862717628479004e-01
1.594304680824279785e+00 7.677531838417053223e-01 8.547831177711486816e-01
1.614147186279296875e+00 6.994516253471374512e-01 9.029592871665954590e-01
1.477730393409729004e+00 7.448976635932922363e-01 9.758013486862182617e-01
1.526827931404113770e+00 7.664597034454345703e-01 8.608456850051879883e-01
1.565658807754516602e+00 7.920844554901123047e-01 1.005264878273010254e+00
1.568158745765686035e+00 7.368896007537841797e-01 9.394158124923706055e-01
1.521719932556152344e+00 7.723781466484069824e-01 9.163210391998291016e-01
1.592240095138549805e+00 7.714509963989257812e-01 9.260406494140625000e-01
1.453837752342224121e+00 8.498545289039611816e-01 8.973234891891479492e-01
1.466958999633789062e+00 8.018416762351989746e-01 8.956561684608459473e-01
1.564703226089477539e+00 8.444362878799438477e-01 1.061601042747497559e+00
1.550455093383789062e+00 7.855480909347534180e-01 9.924718141555786133e-01
1.601557612419128418e+00 7.442917823791503906e-01 9.272876977920532227e-01
1.513813972473144531e+00 7.603147625923156738e-01 9.087104201316833496e-01
1.476828575134277344e+00 7.653970122337341309e-01 1.002167344093322754e+00
1.591640472412109375e+00 7.602890133857727051e-01 1.004504203796386719e+00
1.591099739074707031e+00 8.173921704292297363e-01 1.026247978210449219e+00
1.556523442268371582e+00 7.133415341377258301e-01 9.364485144615173340e-01
1.497893452644348145e+00 7.689301371574401855e-01 8.825032114982604980e-01
1.532653570175170898e+00 7.350613474845886230e-01 9.347462058067321777e-01
1.565480113029479980e+00 7.599667906761169434e-01 9.086156487464904785e-01
1.550076723098754883e+00 7.348617911338806152e-01 9.889624714851379395e-01
1.581459164619445801e+00 7.748900651931762695e-01 9.807419180870056152e-01
1.604679346084594727e+00 8.407385349273681641e-01 9.503079652786254883e-01
1.421789884567260742e+00 8.564489483833312988e-01 9.884337782859802246e-01
1.472547054290771484e+00 7.583099007606506348e-01 9.589215517044067383e-01
1.504643321037292480e+00 7.396963834762573242e-01 9.237092137336730957e-01
1.481358647346496582e+00 7.618837356567382812e-01 9.443768262863159180e-01
1.486226320266723633e+00 7.829002737998962402e-01 9.316871166229248047e-01
1.512897491455078125e+00 7.284235358238220215e-01 9.401825070381164551e-01
1.516120433807373047e+00 7.822206020355224609e-01 9.656385779380798340e-01
1.562041640281677246e+00 7.685315012931823730e-01 1.021095037460327148e+00
1.521592020988464355e+00 8.133905529975891113e-01 1.047625541687011719e+00
1.543469667434692383e+00 8.374294042587280273e-01 9.003105759620666504e-01
1.614138245582580566e+00 7.627332210540771484e-01 1.005651473999023438e+00
1.488283872604370117e+00 7.469205856323242188e-01 9.193401932716369629e-01
1.491826176643371582e+00 7.843839526176452637e-01 9.761302471160888672e-01
1.526377677917480469e+00 6.862415671348571777e-01 9.531089663505554199e-01
1.482605934143066406e+00 7.321772575378417969e-01 8.694561123847961426e-01
1.647819995880126953e+00 8.354767560958862305e-01 8.927065134048461914e-01
1.537802815437316895e+00 7.614527344703674316e-01 9.585829377174377441e-01
1.517725944519042969e+00 7.582758069038391113e-01 9.096671938896179199e-01
1.640797019004821777e+00 7.894693017005920410e-01 9.429957270622253418e-01
1.602905750274658203e+00 7.580584883689880371e-01 9.379504919052124023e-01
1.599022388458251953e+00 6.768320798873901367e-01 9.873492121696472168e-01
1.566303372383117676e+00 7.343731522560119629e-01 8.723897337913513184e-01
1.583537578582763672e+00 7.638978362083435059e-01 9.450886845588684082e-01
1.558216810226440430e+00 8.141416907310485840e-01 1.007294893264770508e+00
1.434647560119628906e+00 8.489474654197692871e-01 8.842021822929382324e-01
1.548931717872619629e+00 7.490524053573608398e-01 9.272038340568542480e-01
1.524515628814697266e+00 8.214976191520690918e-01 9.835459589958190918e-01
1.608111023902893066e+00 7.847865819931030273e-01 9.522587656974792480e-01
1.589326381683349609e+00 8.072922825813293457e-01 9.096718430519104004e-01
1.528743743896484375e+00 7.409821748733520508e-01 1.001838326454162598e+00
1.558261156082153320e+00 7.323915362358093262e-01 9.834339618682861328e-01
1.518909931182861328e+00 8.475401997566223145e-01 9.602248668670654297e-01
1.647605657577514648e+00 7.496182918548583984e-01 9.802120327949523926e-01
1.574763655662536621e+00 7.566885948181152344e-01 9.142079949378967285e-01
1.635035872459411621e+00 7.929975390434265137e-01 8.875591158866882324e-01
1.567984580993652344e+00 8.418872952461242676e-01 1.026730060577392578e+00
1.480768799781799316e+00 7.469310760498046875e-01 8.918766975402832031e-01
1.511992335319519043e+00 7.658365964889526367e-01 9.088694453239440918e-01
1.541792392730712891e+00 7.877200245857238770e-01 1.015365958213806152e+00
1.653749704360961914e+00 8.024656176567077637e-01 1.004110693931579590e+00
1.607601881027221680e+00 7.156985402107238770e-01 9.768076539039611816e-01
1.519708395004272461e+00 7.622506022453308105e-01 9.067330360412597656e-01
1.601535439491271973e+00 7.388712167739868164e-01 8.922530412673950195e-01
1.517073988914489746e+00 7.641147375106811523e-01 1.040069222450256348e+00
1.487385511398315430e+00 6.644823551177978516e-01 9.707608222961425781e-01
1.510909795761108398e+00 7.898232340812683105e-01 9.385917782783508301e-01
1.633607625961303711e+00 6.748960614204406738e-01 9.737791419029235840e-01
1.591595649719238281e+00 8.855423927307128906e-01 1.022365331649780273e+00
1.565019726753234863e+00 7.998914718627929688e-01 9.184704422950744629e-01
1.522014617919921875e+00 7.489880919456481934e-01 9.314925670623779297e-01
1.599952816963195801e+00 8.140258193016052246e-01 9.528399109840393066e-01
1.599052190780639648e+00 7.106807827949523926e-01 9.654809832572937012e-01
1.533588528633117676e+00 7.763792276382446289e-01 1.042510509490966797e+00
1.555413007736206055e+00 8.174748420715332031e-01 1.041871547698974609e+00
1.518211245536804199e+00 7.563203573226928711e-01 1.005442857742309570e+00
1.576794862747192383e+00 8.519541621208190918e-01 9.351823329925537109e-01
1.594920277595520020e+00 7.840216159820556641e-01 8.504030704498291016e-01
1.608885884284973145e+00 8.213331699371337891e-01 9.387345314025878906e-01
1.534044027328491211e+00 7.868906855583190918e-01 1.005740404129028320e+00
1.656509876251220703e+00 6.890084147453308105e-01 8.964774012565612793e-01
1.490742921829223633e+00 7.777715921401977539e-01 8.478281497955322266e-01
1.536147356033325195e+00 9.299132227897644043e-01 9.538459181785583496e-01
1.579896330833435059e+00 7.665621638298034668e-01 9.132309556007385254e-01
1.529778361320495605e+00 7.695149779319763184e-01 1.018199324607849121e+00
1.557974815368652344e+00 8.154593706130981445e-01 9.543172121047973633e-01
1.596856117248535156e+00 8.194284439086914062e-01 1.000144362449645996e+00
1.622033238410949707e+00 7.457352876663208008e-01 9.493501782417297363e-01
1.531521677970886230e+00 7.678925395011901855e-01 9.297815561294555664e-01
1.514162421226501465e+00 7.789426445960998535e-01 9.928115010261535645e-01
1.554944515228271484e+00 6.805363893508911133e-01 9.293215870857238770e-01
1.527753233909606934e+00 8.643347620964050293e-01 9.419915676116943359e-01
1.489616870880126953e+00 7.867667675018310547e-01 9.599972367286682129e-01
1.610352873802185059e+00 8.051891326904296875e-01 9.599037766456604004e-01
1.586053133010864258e+00 8.069335818290710449e-01 1.025507450103759766e+00
1.550503730773925781e+00 8.351481556892395020e-01 8.857417106628417969e-01
1.556752920150756836e+00 7.892326116561889648e-01 9.169608354568481445e-01
1.668908715248107910e+00 7.451739311218261719e-01 1.050057530403137207e+00
1.645599603652954102e+00 7.661634683609008789e-01 9.639707803726196289e-01
1.530369400978088379e+00 7.732290029525756836e-01 9.983491301536560059e-01
1.607342720031738281e+00 7.558982968330383301e-01 9.600098133087158203e-01
1.640257120132446289e+00 8.354653716087341309e-01 9.973762631416320801e-01
1.586071491241455078e+00 8.154032826423645020e-01 9.323061108589172363e-01
1.637662768363952637e+00 7.674986720085144043e-01 1.073518395423889160e+00
1.653155326843261719e+00 8.384188413619995117e-01 9.138451218605041504e-01
1.537163972854614258e+00 8.001904487609863281e-01 9.770008921623229980e-01
1.557737350463867188e+00 7.699514031410217285e-01 9.626719951629638672e-01
1.504950165748596191e+00 8.056539893150329590e-01 1.081584453582763672e+00
1.612229108810424805e+00 8.080983161926269531e-01 9.000614881515502930e-01
1.561660647392272949e+00 8.859133720397949219e-01 9.456272721290588379e-01
1.616860866546630859e+00 8.261343836784362793e-01 9.511922001838684082e-01
1.499233007431030273e+00 8.210338950157165527e-01 9.763428568840026855e-01
1.529633760452270508e+00 8.630124330520629883e-01 9.834389686584472656e-01
1.573783636093139648e+00 7.868500947952270508e-01 8.980292081832885742e-01
1.509702801704406738e+00 7.798644304275512695e-01 1.020190238952636719e+00
1.608593940734863281e+00 8.270313739776611328e-01 9.307272434234619141e-01
1.558663010597229004e+00 7.058707475662231445e-01 1.006791234016418457e+00
1.568709611892700195e+00 7.895538210868835449e-01 9.934334158897399902e-01
1.596022963523864746e+00 7.876158356666564941e-01 9.892241358757019043e-01
1.496359467506408691e+00 7.725115418434143066e-01 9.346253871917724609e-01
1.605122923851013184e+00 7.261649370193481445e-01 9.213023185729980469e-01
1.592913031578063965e+00 8.105912208557128906e-01 1.040161371231079102e+00
1.589065790176391602e+00 8.295546770095825195e-01 1.027408480644226074e+00
1.495822429656982422e+00 7.910525798797607422e-01 9.854636192321777344e-01
1.558089375495910645e+00 7.952135205268859863e-01 1.002504348754882812e+00
1.593111634254455566e+00 7.341764569282531738e-01 1.044352889060974121e+00
1.650355339050292969e+00 8.560544252395629883e-01 1.020546197891235352e+00
1.535267829895019531e+00 7.642504572868347168e-01 9.907730817794799805e-01
1.602974295616149902e+00 7.935114502906799316e-01 9.457726478576660156e-01
1.593904376029968262e+00 7.465698122978210449e-01 9.860847592353820801e-01
1.624397873878479004e+00 8.065133094787597656e-01 9.752900004386901855e-01
1.615560650825500488e+00 7.502470016479492188e-01 1.018385171890258789e+00
1.593691110610961914e+00 7.355133891105651855e-01 9.703888297080993652e-01
1.578665852546691895e+00 7.764309048652648926e-01 9.551151394844055176e-01
1.554874777793884277e+00 7.479720115661621094e-01 9.175687432289123535e-01
1.483140587806701660e+00 8.077955842018127441e-01 9.366524219512939453e-01
1.711889863014221191e+00 7.884858846664428711e-01 9.599840641021728516e-01
1.503388524055480957e+00 7.711884975433349609e-01 9.140271544456481934e-01
1.539332032203674316e+00 7.114511728286743164e-01 1.050224304199218750e+00
1.515410065650939941e+00 7.905627489089965820e-01 9.560722708702087402e-01
1.424974083900451660e+00 8.098658919334411621e-01 9.928155541419982910e-01
1.570595979690551758e+00 7.355614304542541504e-01 9.716841578483581543e-01
1.625483036041259766e+00 7.996023297309875488e-01 9.795041084289550781e-01
1.599754571914672852e+00 7.803521752357482910e-01 9.903775453567504883e-01
1.626551270484924316e+00 8.650725483894348145e-01 1.017537355422973633e+00
1.549844384193420410e+00 8.242523074150085449e-01 1.046159386634826660e+00
1.636496186256408691e+00 7.987340092658996582e-01 9.437782764434814453e-01
1.575760483741760254e+00 7.597660422325134277e-01 9.731664061546325684e-01
1.527694582939147949e+00 7.521406412124633789e-01 9.610722661018371582e-01
1.522054076194763184e+00 8.593083024024963379e-01 1.042377114295959473e+00
1.546600699424743652e+00 7.731788754463195801e-01 9.095571637153625488e-01
1.552290797233581543e+00 7.874124050140380859e-01 9.454053640365600586e-01
1.632721900939941406e+00 7.676702141761779785e-01 9.942690134048461914e-01
1.551050186157226562e+00 8.130847811698913574e-01 9.086604118347167969e-01
1.551073074340820312e+00 8.702820539474487305e-01 9.732108712196350098e-01
1.647261023521423340e+00 8.212426900863647461e-01 9.505870342254638672e-01
1.577482223510742188e+00 7.926429510116577148e-01 9.936670064926147461e-01
1.545884013175964355e+00 7.849985361099243164e-01 9.762083292007446289e-01
1.590723633766174316e+00 8.601388335227966309e-01 1.008006215095520020e+00
1.659610748291015625e+00 7.448428273200988770e-01 9.821428656578063965e-01
1.622122526168823242e+00 7.915220856666564941e-01 9.517202973365783691e-01
1.535968422889709473e+00 9.151815176010131836e-01 9.894447922706604004e-01
1.584604859352111816e+00 8.581553101539611816e-01 9.629052281379699707e-01
1.538991808891296387e+00 8.713605403900146484e-01 8.850150704383850098e-01
1.607642769813537598e+00 8.038396239280700684e-01 9.958628416061401367e-01
1.528094530105590820e+00 7.319995760917663574e-01 1.039290904998779297e+00
1.642107248306274414e+00 8.090769052505493164e-01 1.041949510574340820e+00
1.566187858581542969e+00 7.549502253532409668e-01 1.034555792808532715e+00
1.626386404037475586e+00 7.549973130226135254e-01 1.020841479301452637e+00
1.587911844253540039e+00 7.685921192169189453e-01 1.005620241165161133e+00
1.632713437080383301e+00 7.678271532058715820e-01 1.017597079277038574e+00
1.523232936859130859e+00 8.151512742042541504e-01 9.698745012283325195e-01
1.536209940910339355e+00 8.769150972366333008e-01 1.039028286933898926e+00
1.566433906555175781e+00 8.221109509468078613e-01 9.554001092910766602e-01
1.587550759315490723e+00 7.911710739135742188e-01 8.658022880554199219e-01
1.623161077499389648e+00 8.065436482429504395e-01 9.757948517799377441e-01
1.482723236083984375e+00 8.065830469131469727e-01 9.954889416694641113e-01
1.512963056564331055e+00 7.888501286506652832e-01 9.248335361480712891e-01
1.556028842926025391e+00 8.323918581008911133e-01 1.005221962928771973e+00
1.619343161582946777e+00 7.431304454803466797e-01 1.026991367340087891e+00
1.624507904052734375e+00 8.234936594963073730e-01 1.031384468078613281e+00
1.664441823959350586e+00 8.169577717781066895e-01 9.996612071990966797e-01
1.596119165420532227e+00 8.626784682273864746e-01 1.010865449905395508e+00
1.580169796943664551e+00 7.986797094345092773e-01 1.041774153709411621e+00
1.591797471046447754e+00 7.933338880538940430e-01 9.221147298812866211e-01
1.562954902648925781e+00 8.828096389770507812e-01 9.345185160636901855e-01
1.566491603851318359e+00 7.996153235435485840e-01 8.898513913154602051e-01
1.532535552978515625e+00 8.413283824920654297e-01 9.791954755783081055e-01
1.547368407249450684e+00 8.692689538002014160e-01 1.045165896415710449e+00
1.597393274307250977e+00 7.958702445030212402e-01 8.288730978965759277e-01
1.563709139823913574e+00 8.230636119842529297e-01 9.829214215278625488e-01
1.575709700584411621e+00 8.255259990692138672e-01 9.683292508125305176e-01
1.609729886054992676e+00 8.856913447380065918e-01 1.003035068511962891e+00
1.612594366073608398e+00 8.668192625045776367e-01 9.961971044540405273e-01
1.501232743263244629e+00 8.158305287361145020e-01 9.744135141372680664e-01
1.588910818099975586e+00 8.327695131301879883e-01 9.548652768135070801e-01
1.588441610336303711e+00 8.315979838371276855e-01 8.660469651222229004e-01
1.563261032104492188e+00 8.106598854064941406e-01 9.649142026901245117e-01
1.507061362266540527e+00 7.812674641609191895e-01 9.538264274597167969e-01
1.633937954902648926e+00 8.073195219039916992e-01 1.016710400581359863e+00
1.599541783332824707e+00 7.656795382499694824e-01 9.874194264411926270e-01
1.563420772552490234e+00 8.196347951889038086e-01 8.790718913078308105e-01
1.584068059921264648e+00 8.059354424476623535e-01 9.902347326278686523e-01
1.556140661239624023e+00 7.929055690765380859e-01 9.929449558258056641e-01
1.577652573585510254e+00 7.829113602638244629e-01 1.036658287048339844e+00
1.561394572257995605e+00 8.068849444389343262e-01 1.037435054779052734e+00
1.583620071411132812e+00 8.704496622085571289e-01 1.003653883934020996e+00
1.591955900192260742e+00 7.865406870841979980e-01 9.756513237953186035e-01
1.694054722785949707e+00 8.126259446144104004e-01 1.014726400375366211e+00
1.552809357643127441e+00 8.444504737854003906e-01 9.985007643699645996e-01
1.623395919799804688e+00 7.504962682723999023e-01 9.979208707809448242e-01
1.570580601692199707e+00 8.514604568481445312e-01 1.037690401077270508e+00
1.662779450416564941e+00 8.198070526123046875e-01 1.073653101921081543e+00
1.543440818786621094e+00 8.759053349494934082e-01 1.035926222801208496e+00
1.515264272689819336e+00 8.159508109092712402e-01 9.860918521881103516e-01
1.565340399742126465e+00 8.088635802268981934e-01 1.008844733238220215e+00
1.576067686080932617e+00 7.881186604499816895e-01 9.882323145866394043e-01
1.560013890266418457e+00 8.400598764419555664e-01 1.005958080291748047e+00
1.607648372650146484e+00 7.962586879730224609e-01 9.516897201538085938e-01
1.569354414939880371e+00 7.322214245796203613e-01 9.184685945510864258e-01
1.554605841636657715e+00 8.387612104415893555e-01 9.561897516250610352e-01
1.555669784545898438e+00 8.362662196159362793e-01 1.049099922180175781e+00
1.607318997383117676e+00 7.637403011322021484e-01 1.027288198471069336e+00
1.552713155746459961e+00 8.164447546005249023e-01 1.070908188819885254e+00
1.601245045661926270e+00 8.638541698455810547e-01 9.682285785675048828e-01
1.585917711257934570e+00 8.157052397727966309e-01 9.795327186584472656e-01
1.574385523796081543e+00 8.951588273048400879e-01 9.983527660369873047e-01
1.543610453605651855e+00 8.562523126602172852e-01 9.398862719535827637e-01
1.564205050468444824e+00 7.694939970970153809e-01 1.009904742240905762e+00
1.657124876976013184e+00 7.674152255058288574e-01 9.939344525337219238e-01
1.569031596183776855e+00 8.282685279846191406e-01 9.767820239067077637e-01
1.618054628372192383e+00 7.646716237068176270e-01 1.032815694808959961e+00
1.586401343345642090e+00 8.362205028533935547e-01 9.715676307678222656e-01
1.518039941787719727e+00 7.833170890808105469e-01 8.917263150215148926e-01
1.581808924674987793e+00 8.631154298782348633e-01 9.973411560058593750e-01
1.582201123237609863e+00 8.398605585098266602e-01 1.097442626953125000e+00
1.528307437896728516e+00 8.310429453849792480e-01 9.328343868255615234e-01
1.617961645126342773e+00 7.585642933845520020e-01 9.663661122322082520e-01
1.521707892417907715e+00 7.949702143669128418e-01 1.006594657897949219e+00
1.647093534469604492e+00 7.984441518783569336e-01 1.018895745277404785e+00
1.666830897331237793e+00 7.990140914916992188e-01 9.238425493240356445e-01
1.615242838859558105e+00 7.559495568275451660e-01 1.053341746330261230e+00
1.579060673713684082e+00 8.156544566154479980e-01 1.039910554885864258e+00
1.620783805847167969e+00 7.960954308509826660e-01 1.107128620147705078e+00
1.570722341537475586e+00 8.706887960433959961e-01 9.801033139228820801e-01
1.531173229217529297e+00 8.159736394882202148e-01 1.009880304336547852e+00
1.603829503059387207e+00 8.656238317489624023e-01 9.022935032844543457e-01
1.557376742362976074e+00 8.228946924209594727e-01 9.800108671188354492e-01
1.595873355865478516e+00 8.522090911865234375e-01 1.037272214889526367e+00
1.573283910751342773e+00 8.332026600837707520e-01 9.419403672218322754e-01
1.632043004035949707e+00 8.519364595413208008e-01 9.572283625602722168e-01
1.620391607284545898e+00 7.547175288200378418e-01 1.074907064437866211e+00
1.571660518646240234e+00 8.626417517662048340e-01 1.027379751205444336e+00
1.619004130363464355e+00 8.015375733375549316e-01 9.433758854866027832e-01
1.637850642204284668e+00 7.631921768188476562e-01 9.828525185585021973e-01
1.557395339012145996e+00 8.826687335968017578e-01 1.062901139259338379e+00
1.641360044479370117e+00 8.318962454795837402e-01 9.667472243309020996e-01
1.587071657180786133e+00 7.907435894012451172e-01 1.039553046226501465e+00
1.541166782379150391e+00 8.275178074836730957e-01 9.520407915115356445e-01
1.535329103469848633e+00 8.504058718681335449e-01 9.711385369300842285e-01
1.707622051239013672e+00 8.026564121246337891e-01 1.042396664619445801e+00
1.533597111701965332e+00 9.236008524894714355e-01 9.362184405326843262e-01
1.693409681320190430e+00 8.160336017608642578e-01 9.711847305297851562e-01
1.598180174827575684e+00 8.639970421791076660e-01 9.993359446525573730e-01
1.563882827758789062e+00 8.005632758140563965e-01 9.663243889808654785e-01
1.577520132064819336e+00 8.092920780181884766e-01 1.010551214218139648e+00
1.586529731750488281e+00 8.505740761756896973e-01 1.038894414901733398e+00
1.522931456565856934e+00 8.786442875862121582e-01 9.982505440711975098e-01
1.526842355728149414e+00 7.839865088462829590e-01 8.903146386146545410e-01
1.566043972969055176e+00 7.957290410995483398e-01 9.765297174453735352e-01
1.624405145645141602e+00 8.265584111213684082e-01 9.474663138389587402e-01
1.524238944053649902e+00 8.093189597129821777e-01 1.026643395423889160e+00
1.597776055335998535e+00 8.667969107627868652e-01 9.888091087341308594e-01
1.535934209823608398e+00 8.675071001052856445e-01 1.002618789672851562e+00
1.611179232597351074e+00 7.723804712295532227e-01 8.991618156433105469e-01
1.548399448394775391e+00 9.014848470687866211e-01 9.769149422645568848e-01
1.647485256195068359e+00 8.678573966026306152e-01 9.715011715888977051e-01
1.578540563583374023e+00 8.166437745094299316e-01 9.158263802528381348e-01
1.564901590347290039e+00 8.673557043075561523e-01 1.006884813308715820e+00
1.506465077400207520e+00 7.923308610916137695e-01 9.574095606803894043e-01
1.662752509117126465e+00 8.228497505187988281e-01 9.821157455444335938e-01
1.660587668418884277e+00 8.234623670578002930e-01 9.889327883720397949e-01
1.530160903930664062e+00 7.758175134658813477e-01 9.803107380867004395e-01
1.652066707611083984e+00 8.542606234550476074e-01 9.536296725273132324e-01
1.587866902351379395e+00 8.186228871345520020e-01 1.007552623748779297e+00
1.583604454994201660e+00 8.014090061187744141e-01 9.725143909454345703e-01
1.575953006744384766e+00 8.564562797546386719e-01 1.059309005737304688e+00
1.538841843605041504e+00 8.303504586219787598e-01 9.930059313774108887e-01
1.522078752517700195e+00 8.822448253631591797e-01 9.888616800308227539e-01
1.486254215240478516e+00 8.432272672653198242e-01 9.931880831718444824e-01
1.610632181167602539e+00 8.115779161453247070e-01 1.035010814666748047e+00
1.588861942291259766e+00 9.075649976730346680e-01 1.081800818443298340e+00
1.576062917709350586e+00 8.030343055725097656e-01 1.031328082084655762e+00
1.544028997421264648e+00 8.084041476249694824e-01 1.019879460334777832e+00
1.593779444694519043e+00 8.612025976181030273e-01 1.001014709472656250e+00
1.539098739624023438e+00 8.333415389060974121e-01 1.019579172134399414e+00
1.703726172447204590e+00 8.491804003715515137e-01 1.009789586067199707e+00
1.603559732437133789e+00 7.600268125534057617e-01 9.994337558746337891e-01
1.520892024040222168e+00 8.829261064529418945e-01 1.024913430213928223e+00
1.623060703277587891e+00 8.167850375175476074e-01 9.643205404281616211e-01
1.619164705276489258e+00 8.507741093635559082e-01 8.881416320800781250e-01
1.683959126472473145e+00 8.618257641792297363e-01 1.024194717407226562e+00
1.638189792633056641e+00 8.247590065002441406e-01 9.930755496025085449e-01
1.658419966697692871e+00 8.539692163467407227e-01 1.037731409072875977e+00
1.567739367485046387e+00 8.681944012641906738e-01 9.264860153198242188e-01
1.608297705650329590e+00 8.816756606101989746e-01 9.434257149696350098e-01
1.681137204170227051e+00 8.258742690086364746e-01 1.020155549049377441e+00
1.630146622657775879e+00 8.817015886306762695e-01 9.700751900672912598e-01
1.543337821960449219e+00 8.706794977188110352e-01 9.921337962150573730e-01
1.624605655670166016e+00 8.085275888442993164e-01 9.128989577293395996e-01
1.611298084259033203e+00 8.705601692199707031e-01 9.249590039253234863e-01
1.595407485961914062e+00 8.544626235961914062e-01 1.014585852622985840e+00
1.551815748214721680e+00 8.157356381416320801e-01 1.005090475082397461e+00
1.622811079025268555e+00 8.499570488929748535e-01 9.717961549758911133e-01
1.615782499313354492e+00 7.433130741119384766e-01 9.962129592895507812e-01
1.605789422988891602e+00 8.567665219306945801e-01 8.913387060165405273e-01
1.543572187423706055e+00 8.289909958839416504e-01 9.795436263084411621e-01
1.616706609725952148e+00 8.155110478401184082e-01 9.032878279685974121e-01
1.642312169075012207e+00 8.470344543457031250e-01 1.098324775695800781e+00
1.655529856681823730e+00 7.663115262985229492e-01 1.037172198295593262e+00
1.628558874130249023e+00 8.632633686065673828e-01 9.692322015762329102e-01
1.632050633430480957e+00 8.938158154487609863e-01 1.035730838775634766e+00
1.642618656158447266e+00 8.933328986167907715e-01 1.057168245315551758e+00
1.581225752830505371e+00 8.578609824180603027e-01 1.015613317489624023e+00
1.625330090522766113e+00 7.998319268226623535e-01 1.093320727348327637e+00
1.586938261985778809e+00 7.922756075859069824e-01 1.004011750221252441e+00
1.579957246780395508e+00 8.886356949806213379e-01 1.071137070655822754e+00
1.591544628143310547e+00 8.384555578231811523e-01 1.058880090713500977e+00
1.608667254447937012e+00 8.753005266189575195e-01 9.470145106315612793e-01
1.519587516784667969e+00 8.740656375885009766e-01 8.915061354637145996e-01
1.544839859008789062e+00 8.845634460449218750e-01 1.114746451377868652e+00
1.585461616516113281e+00 8.515092730522155762e-01 1.023759841918945312e+00
1.619112372398376465e+00 8.908342123031616211e-01 9.663096666336059570e-01
1.668744206428527832e+00 8.933905363082885742e-01 1.000599980354309082e+00
1.738822937011718750e+00 8.359720706939697266e-01 9.229297041893005371e-01
1.618576884269714355e+00 8.189117312431335449e-01 9.986541271209716797e-01
1.606351256370544434e+00 8.696580529212951660e-01 1.038722157478332520e+00
1.533627510070800781e+00 8.365647792816162109e-01 1.004270553588867188e+00
1.623138785362243652e+00 8.222262263298034668e-01 9.466123580932617188e-01
1.571231842041015625e+00 8.311233520507812500e-01 9.851329922676086426e-01
1.596274733543395996e+00 9.486891627311706543e-01 1.020173072814941406e+00
1.639203429222106934e+00 8.497327566146850586e-01 1.049407958984375000e+00
1.543950557708740234e+00 8.368467092514038086e-01 1.016470789909362793e+00
1.568679571151733398e+00 8.414071798324584961e-01 1.007397651672363281e+00
1.579907894134521484e+00 8.196796178817749023e-01 1.024339079856872559e+00
1.561770319938659668e+00 7.813740372657775879e-01 9.364901781082153320e-01
1.550172328948974609e+00 8.634912371635437012e-01 9.611569046974182129e-01
1.643306136131286621e+00 8.896240592002868652e-01 9.889633655548095703e-01
1.567361354827880859e+00 9.122812747955322266e-01 1.009308815002441406e+00
1.636585593223571777e+00 9.055102467536926270e-01 1.037435412406921387e+00
1.519436001777648926e+00 8.678422570228576660e-01 9.124317169189453125e-01
1.642491459846496582e+00 8.647791147232055664e-01 9.865127205848693848e-01
1.565694451332092285e+00 8.489690423011779785e-01 1.027846574783325195e+00
1.593030095100402832e+00 9.043710827827453613e-01 1.113932013511657715e+00
1.652021884918212891e+00 8.474851846694946289e-01 1.062048912048339844e+00
1.641017317771911621e+00 8.320186734199523926e-01 9.650695919990539551e-01
1.564091444015502930e+00 8.731908798217773438e-01 1.044777631759643555e+00
1.508495450019836426e+00 8.516169190406799316e-01 1.029636502265930176e+00
1.636758446693420410e+00 7.334480881690979004e-01 1.054254412651062012e+00
1.663611769676208496e+00 8.568989038467407227e-01 1.018996477127075195e+00
1.666022419929504395e+00 8.703636527061462402e-01 9.492338299751281738e-01
1.635410070419311523e+00 7.859909534454345703e-01 1.077736854553222656e+00
1.585952401161193848e+00 8.322169184684753418e-01 1.085542440414428711e+00
1.612339496612548828e+00 8.076892495155334473e-01 1.021513462066650391e+00
1.561350345611572266e+00 8.040431737899780273e-01 1.020539283752441406e+00
1.611774802207946777e+00 8.840023875236511230e-01 1.132673740386962891e+00
1.571429967880249023e+00 8.137001395225524902e-01 1.018384456634521484e+00
1.682803034782409668e+00 8.354212641716003418e-01 1.006019949913024902e+00
1.612673282623291016e+00 8.128347396850585938e-01 9.907660484313964844e-01
1.652244925498962402e+00 9.342367053031921387e-01 1.017655849456787109e+00
1.657611012458801270e+00 8.818112015724182129e-01 9.460427761077880859e-01
1.636074900627136230e+00 8.288182020187377930e-01 1.005994558334350586e+00
1.696337223052978516e+00 7.923853993415832520e-01 1.045646190643310547e+00
1.550315380096435547e+00 9.131948351860046387e-01 1.029014348983764648e+00
1.589498043060302734e+00 8.758859634399414062e-01 1.061120867729187012e+00
1.650555610656738281e+00 8.817669749259948730e-01 9.278577566146850586e-01
1.592626810073852539e+00 8.753731250762939453e-01 1.014946937561035156e+00
1.651470541954040527e+00 8.258025050163269043e-01 9.961751699447631836e-01
1.511015415191650391e+00 8.278891444206237793e-01 1.130422592163085938e+00
1.522950530052185059e+00 8.230399489402770996e-01 1.029531598091125488e+00
1.606337666511535645e+00 9.009678363800048828e-01 1.040286302566528320e+00
1.565656781196594238e+00 8.502117395401000977e-01 9.573321938514709473e-01
1.642810702323913574e+00 8.889997601509094238e-01 1.079208731651306152e+00
1.652224063873291016e+00 9.154039025306701660e-01 1.033983588218688965e+00
1.540021300315856934e+00 8.686749935150146484e-01 1.005171298980712891e+00
1.583936214447021484e+00 8.814773559570312500e-01 9.496709704399108887e-01
1.552856445312500000e+00 8.970552682876586914e-01 1.012458682060241699e+00
1.529223084449768066e+00 8.230704665184020996e-01 1.015790939331054688e+00
1.618688821792602539e+00 8.433865308761596680e-01 1.039303421974182129e+00
1.675188660621643066e+00 8.716725707054138184e-01 1.056871414184570312e+00
1.623445153236389160e+00 8.704656958580017090e-01 1.014118075370788574e+00
1.704081416130065918e+00 8.661676645278930664e-01 1.115185379981994629e+00
1.619106888771057129e+00 7.826768755912780762e-01 1.082418203353881836e+00
1.607422828674316406e+00 8.980534076690673828e-01 9.545692205429077148e-01
1.613025307655334473e+00 8.965460062026977539e-01 9.325338006019592285e-01
1.585519433021545410e+00 8.068884015083312988e-01 1.052741885185241699e+00
1.643225312232971191e+00 8.432039022445678711e-01 1.009012818336486816e+00
1.554187417030334473e+00 8.528561592102050781e-01 1.029421091079711914e+00
1.567519187927246094e+00 8.564878702163696289e-01 1.010113596916198730e+00
1.593774795532226562e+00 8.302072882652282715e-01 1.040585875511169434e+00
1.623024702072143555e+00 9.321633577346801758e-01 9.593055248260498047e-01
1.686234593391418457e+00 8.303885459899902344e-01 9.412235617637634277e-01
1.570839047431945801e+00 8.347429037094116211e-01 9.795778989791870117e-01
1.689199447631835938e+00 8.737332820892333984e-01 1.022152781486511230e+00
1.589771270751953125e+00 8.381572961807250977e-01 9.769607186317443848e-01
1.618770956993103027e+00 8.872717618942260742e-01 1.107972741127014160e+00
1.622161626815795898e+00 8.989930152893066406e-01 9.753065109252929688e-01
1.564438819885253906e+00 8.885047435760498047e-01 9.290574193000793457e-01
1.628962874412536621e+00 8.803902268409729004e-01 9.765242934226989746e-01
1.570019006729125977e+00 8.490885496139526367e-01 1.041811227798461914e+00
1.579317688941955566e+00 8.503725528717041016e-01 9.769877791404724121e-01
1.621371626853942871e+00 8.968687653541564941e-01 1.050202369689941406e+00
1.536398768424987793e+00 8.623238205909729004e-01 1.041214346885681152e+00
1.710778236389160156e+00 8.719054460525512695e-01 1.039829134941101074e+00
1.629523277282714844e+00 8.207775950431823730e-01 1.063194870948791504e+00
1.569240689277648926e+00 8.622838258743286133e-01 9.758578538894653320e-01
1.611539006233215332e+00 8.286568522453308105e-01 1.101847171783447266e+00
1.550388813018798828e+00 8.869776129722595215e-01 1.039514303207397461e+00
1.572914719581604004e+00 8.847805261611938477e-01 8.903192877769470215e-01
1.626444220542907715e+00 8.496754765510559082e-01 9.296300411224365234e-01
1.710211873054504395e+00 8.699685931205749512e-01 9.908621311187744141e-01
1.740930795669555664e+00 8.119294047355651855e-01 1.040970563888549805e+00
1.644311189651489258e+00 8.126964569091796875e-01 1.122617959976196289e+00
1.656768679618835449e+00 8.543145060539245605e-01 9.899842143058776855e-01
1.621113300323486328e+00 8.474454879760742188e-01 1.061664462089538574e+00
1.654091477394104004e+00 9.081614017486572266e-01 9.685567021369934082e-01
1.595222473144531250e+00 8.747406601905822754e-01 1.098727464675903320e+00
1.625765562057495117e+00 9.004645943641662598e-01 1.001275658607482910e+00
1.577065229415893555e+00 9.661028981208801270e-01 1.043908715248107910e+00
1.608225703239440918e+00 8.767828941345214844e-01 1.058303236961364746e+00
1.511555671691894531e+00 8.047804236412048340e-01 1.024967789649963379e+00
1.637766361236572266e+00 8.084211349487304688e-01 1.105421900749206543e+00
1.555392861366271973e+00 8.587652444839477539e-01 1.051266074180603027e+00
1.644001960754394531e+00 9.011889100074768066e-01 1.101760029792785645e+00
1.508945107460021973e+00 8.831529021263122559e-01 9.622206091880798340e-01
1.596152186393737793e+00 8.874064087867736816e-01 1.006473302841186523e+00
1.609311103820800781e+00 8.514120578765869141e-01 9.475373029708862305e-01
1.608572125434875488e+00 8.117978572845458984e-01 1.055225610733032227e+00
1.582623481750488281e+00 7.799429893493652344e-01 9.948680996894836426e-01
1.577750325202941895e+00 8.165054321289062500e-01 9.069954156875610352e-01
1.648159384727478027e+00 8.141354322433471680e-01 9.200609922409057617e-01
1.537593603134155273e+00 8.304491639137268066e-01 9.742496013641357422e-01
1.592883110046386719e+00 8.649091720581054688e-01 1.059576630592346191e+00
1.627185702323913574e+00 8.554589152336120605e-01 9.433140754699707031e-01
1.593837738037109375e+00 8.714210391044616699e-01 9.702187180519104004e-01
1.572939634323120117e+00 8.921256661415100098e-01 1.031248211860656738e+00
1.583219766616821289e+00 8.552809357643127441e-01 9.418210387229919434e-01
1.609145998954772949e+00 8.371913433074951172e-01 9.634817838668823242e-01
1.555783510208129883e+00 9.449959993362426758e-01 1.033342361450195312e+00
1.522477030754089355e+00 8.852988481521606445e-01 1.095479488372802734e+00
1.549047946929931641e+00 8.536541461944580078e-01 1.025052666664123535e+00
1.623394966125488281e+00 8.582765460014343262e-01 1.120003938674926758e+00
1.669802308082580566e+00 8.514164090156555176e-01 1.026528000831604004e+00
1.564932584762573242e+00 8.898918628692626953e-01 1.062954306602478027e+00
1.525993943214416504e+00 8.101163506507873535e-01 1.011190414428710938e+00
1.594003438949584961e+00 8.700942397117614746e-01 1.112740039825439453e+00
1.560074925422668457e+00 8.734395503997802734e-01 1.015619754791259766e+00
1.602104783058166504e+00 9.075304269790649414e-01 1.027324318885803223e+00
1.518232345581054688e+00 7.915416955947875977e-01 1.033650517463684082e+00
1.654602646827697754e+00 9.142233729362487793e-01 9.829117059707641602e-01
1.593768715858459473e+00 8.289107084274291992e-01 1.069619894027709961e+00
1.600548982620239258e+00 8.717328906059265137e-01 1.074726700782775879e+00
1.604001879692077637e+00 8.761286139488220215e-01 9.128067493438720703e-01
1.575280189514160156e+00 8.843190073966979980e-01 9.803898930549621582e-01
1.641952395439147949e+00 8.529639244079589844e-01 1.059804320335388184e+00
1.556173443794250488e+00 8.121516108512878418e-01 1.025584578514099121e+00
1.570744991302490234e+00 8.729382157325744629e-01 9.965338706970214844e-01
1.641552209854125977e+00 8.655786514282226562e-01 1.033123731613159180e+00
1.643616080284118652e+00 9.081379175186157227e-01 1.101750850677490234e+00
1.583459734916687012e+00 8.424323201179504395e-01 1.025853991508483887e+00
1.539799332618713379e+00 8.942840695381164551e-01 1.048620223999023438e+00
1.630885601043701172e+00 9.183179736137390137e-01 1.016623377799987793e+00
1.617046952247619629e+00 8.532886505126953125e-01 9.823592305183410645e-01
1.553044676780700684e+00 8.684177398681640625e-01 1.022307634353637695e+00
1.654423356056213379e+00 9.107511043548583984e-01 1.069358706474304199e+00
1.615681171417236328e+00 8.394248485565185547e-01 1.061734914779663086e+00
1.576498985290527344e+00 8.985871672630310059e-01 1.016961693763732910e+00
1.595117688179016113e+00 8.692839741706848145e-01 9.475085735321044922e-01
1.513012766838073730e+00 8.210425376892089844e-01 1.112681150436401367e+00
1.561228394508361816e+00 8.167650103569030762e-01 1.029765605926513672e+00
1.647073268890380859e+00 9.038438200950622559e-01 1.006335020065307617e+00
1.711239457130432129e+00 9.022291302680969238e-01 1.160378217697143555e+00
1.539937138557434082e+00 8.341835141181945801e-01 9.951968193054199219e-01
1.626369476318359375e+00 8.912339210510253906e-01 1.039746761322021484e+00
1.595515727996826172e+00 9.141665697097778320e-01 1.019721150398254395e+00
1.573750972747802734e+00 8.533030748367309570e-01 9.934328198432922363e-01
1.524101138114929199e+00 8.878563642501831055e-01 9.909093379974365234e-01
1.645447134971618652e+00 8.450609445571899414e-01 9.957860708236694336e-01
1.728331208229064941e+00 9.015352129936218262e-01 9.829505085945129395e-01
1.671432495117187500e+00 8.443349003791809082e-01 1.024443030357360840e+00
1.653671026229858398e+00 8.321568369865417480e-01 1.036516547203063965e+00
1.559689521789550781e+00 9.386800527572631836e-01 1.044440031051635742e+00
1.664555072784423828e+00 8.953202366828918457e-01 1.014775156974792480e+00
1.624318718910217285e+00 8.382230401039123535e-01 9.964816570281982422e-01
1.592495918273925781e+00 8.768814802169799805e-01 9.624685645103454590e-01
1.620728373527526855e+00 9.529888033866882324e-01 1.011561989784240723e+00
1.622491121292114258e+00 9.055052995681762695e-01 9.591702818870544434e-01
1.630463242530822754e+00 8.751185536384582520e-01 1.004107236862182617e+00
1.656721711158752441e+00 8.316634297370910645e-01 1.008480191230773926e+00
1.696357965469360352e+00 8.707708716392517090e-01 1.010025978088378906e+00
1.546430468559265137e+00 9.381568431854248047e-01 1.088113903999328613e+00
1.576672196388244629e+00 8.079581260681152344e-01 1.019152641296386719e+00
1.624590992927551270e+00 8.232594728469848633e-01 9.803191423416137695e-01
1.587664484977722168e+00 8.905916810035705566e-01 1.022233128547668457e+00
1.575147032737731934e+00 8.958748579025268555e-01 9.821266531944274902e-01
1.598116517066955566e+00 9.073508381843566895e-01 1.103575229644775391e+00
1.630407094955444336e+00 9.135121107101440430e-01 9.783810973167419434e-01
1.592385530471801758e+00 7.639070749282836914e-01 1.031345367431640625e+00
1.555081129074096680e+00 8.061140179634094238e-01 1.026303648948669434e+00
1.639061093330383301e+00 8.356118798255920410e-01 1.009592652320861816e+00
1.611206293106079102e+00 8.881652355194091797e-01 1.012674212455749512e+00
1.588155508041381836e+00 9.274685978889465332e-01 1.022010803222656250e+00
1.567937612533569336e+00 9.692064523696899414e-01 1.007489442825317383e+00
1.540365457534790039e+00 8.397987484931945801e-01 1.055554866790771484e+00
1.590114116668701172e+00 8.439345955848693848e-01 1.008290052413940430e+00
1.663370370864868164e+00 8.881424665451049805e-01 1.002216935157775879e+00
1.570116400718688965e+00 8.811956644058227539e-01 1.060714006423950195e+00
1.638307213783264160e+00 8.768534660339355469e-01 1.042117476463317871e+00
1.570788025856018066e+00 8.632406592369079590e-01 9.861134290695190430e-01
1.646914482116699219e+00 8.438272476196289062e-01 9.653007388114929199e-01
1.607564330101013184e+00 8.099753260612487793e-01 1.015296578407287598e+00
1.585944771766662598e+00 8.524516224861145020e-01 9.759493470191955566e-01
1.612059354782104492e+00 8.575140833854675293e-01 9.643241167068481445e-01
1.649791598320007324e+00 8.825050592422485352e-01 1.017454147338867188e+00
1.566345453262329102e+00 9.087395071983337402e-01 1.056443572044372559e+00
1.652834057807922363e+00 8.931993842124938965e-01 9.488449096679687500e-01
1.587530374526977539e+00 9.427731633186340332e-01 1.113666296005249023e+00
1.649560093879699707e+00 9.075267314910888672e-01 1.036848425865173340e+00
1.665177583694458008e+00 9.252728223800659180e-01 9.921435117721557617e-01
1.648950934410095215e+00 8.059354424476623535e-01 9.759076237678527832e-01
1.536800146102905273e+00 8.323786258697509766e-01 1.029355645179748535e+00
1.648578524589538574e+00 9.539650678634643555e-01 9.357802867889404297e-01
1.658033728599548340e+00 9.468313455581665039e-01 1.044321060180664062e+00
1.606444597244262695e+00 9.092237353324890137e-01 9.517533183097839355e-01
1.609647393226623535e+00 7.486236691474914551e-01 1.046562790870666504e+00
1.602724552154541016e+00 8.428295850753784180e-01 9.845677614212036133e-01
1.632177591323852539e+00 8.876184821128845215e-01 1.076338887214660645e+00
1.606398463249206543e+00 9.024649858474731445e-01 1.056428909301757812e+00
1.661200284957885742e+00 9.443418979644775391e-01 9.674719572067260742e-01
1.647016406059265137e+00 9.382250905036926270e-01 1.022014498710632324e+00
1.645785331726074219e+00 9.369501471519470215e-01 1.029930710792541504e+00
1.612043380737304688e+00 9.006852507591247559e-01 1.066916823387145996e+00
1.523913145065307617e+00 9.295578598976135254e-01 1.040246129035949707e+00
1.592045903205871582e+00 9.301244020462036133e-01 9.909417033195495605e-01
1.599600076675415039e+00 8.587367534637451172e-01 9.678481817245483398e-01
1.615883350372314453e+00 8.423254489898681641e-01 1.032140970230102539e+00
1.667866706848144531e+00 9.322001934051513672e-01 1.092445492744445801e+00
1.585363268852233887e+00 9.226217865943908691e-01 1.067050337791442871e+00
1.561641335487365723e+00 9.364372491836547852e-01 9.952563047409057617e-01
1.592559576034545898e+00 9.502153396606445312e-01 9.626241922378540039e-01
1.593094706535339355e+00 9.083608388900756836e-01 1.008245825767517090e+00
1.600189447402954102e+00 8.736720085144042969e-01 9.773991107940673828e-01
1.459054350852966309e+00 8.726294040679931641e-01 1.092557787895202637e+00
1.621153354644775391e+00 8.416876196861267090e-01 1.018256783485412598e+00
1.715101122856140137e+00 8.624550700187683105e-01 1.056447744369506836e+00
1.476989507675170898e+00 8.365926742553710938e-01 1.050285696983337402e+00
1.591350317001342773e+00 8.630404472351074219e-01 1.005407571792602539e+00
1.651724219322204590e+00 9.190985560417175293e-01 1.029133439064025879e+00
1.640519499778747559e+00 9.113913774490356445e-01 1.047870635986328125e+00
1.614173293113708496e+00 8.622137308120727539e-01 1.015061259269714355e+00
1.656499743461608887e+00 9.200737476348876953e-01 1.071614742279052734e+00
1.720056295394897461e+00 8.726324439048767090e-01 1.062247991561889648e+00
1.558017611503601074e+00 8.871519565582275391e-01 9.826492667198181152e-01
1.596915364265441895e+00 8.499700427055358887e-01 1.011166930198669434e+00
1.617569684982299805e+00 8.946940302848815918e-01 1.040594816207885742e+00
1.573614239692687988e+00 9.332746267318725586e-01 9.548919200897216797e-01
1.653164744377136230e+00 8.637498617172241211e-01 1.011849403381347656e+00
1.651088476181030273e+00 8.896804451942443848e-01 9.598972797393798828e-01
1.578386545181274414e+00 9.134930372238159180e-01 1.058497428894042969e+00
1.633681058883666992e+00 9.212549328804016113e-01 1.008514642715454102e+00
1.640547513961791992e+00 8.562567830085754395e-01 1.000994801521301270e+00
1.580527186393737793e+00 9.502519965171813965e-01 9.629153013229370117e-01
1.679693818092346191e+00 8.478315472602844238e-01 9.430682659149169922e-01
1.638495445251464844e+00 8.477997779846191406e-01 1.006520152091979980e+00
1.628983974456787109e+00 8.855843544006347656e-01 1.007196187973022461e+00
1.527902126312255859e+00 8.330631852149963379e-01 9.791401624679565430e-01
1.595740318298339844e+00 9.771471619606018066e-01 9.554659724235534668e-01
1.570876479148864746e+00 8.645004630088806152e-01 1.088565349578857422e+00
1.753832459449768066e+00 9.250347614288330078e-01 1.011114835739135742e+00
1.614907741546630859e+00 9.341850280761718750e-01 1.022422313690185547e+00
1.586196541786193848e+00 8.988511562347412109e-01 9.876453876495361328e-01
1.608431458473205566e+00 8.497461080551147461e-01 9.682943224906921387e-01
1.624406576156616211e+00 8.356170058250427246e-01 1.035631418228149414e+00
1.611282348632812500e+00 9.329876899719238281e-01 1.065381407737731934e+00
1.533565640449523926e+00 8.661291003227233887e-01 1.051294088363647461e+00
1.598943948745727539e+00 9.317363500595092773e-01 1.170120716094970703e+00
1.766437888145446777e+00 8.571803569793701172e-01 1.024409174919128418e+00
1.630569219589233398e+00 9.312280416488647461e-01 1.012128114700317383e+00
1.598133325576782227e+00 8.409591913223266602e-01 9.561137557029724121e-01
1.597198009490966797e+00 8.644492030143737793e-01 9.887987971305847168e-01
1.583377718925476074e+00 9.266265630722045898e-01 1.059521555900573730e+00
1.657450437545776367e+00 8.497288823127746582e-01 1.042270898818969727e+00
1.574078917503356934e+00 9.534350633621215820e-01 9.892132282257080078e-01
1.721186876296997070e+00 9.046851396560668945e-01 1.032008767127990723e+00
1.620963692665100098e+00 8.445315361022949219e-01 9.929506182670593262e-01
1.668332934379577637e+00 9.324776530265808105e-01 1.067344546318054199e+00
1.640560030937194824e+00 9.007657766342163086e-01 1.016052961349487305e+00
1.677554488182067871e+00 9.292436242103576660e-01 9.531148672103881836e-01
1.688737392425537109e+00 8.728409409523010254e-01 1.012106657028198242e+00
1.593292117118835449e+00 9.293470978736877441e-01 9.890381693840026855e-01
1.595611572265625000e+00 1.004110455513000488e+00 1.033416509628295898e+00
1.632770061492919922e+00 9.335255026817321777e-01 1.108301997184753418e+00
1.456651687622070312e+00 9.292775988578796387e-01 1.030023694038391113e+00
1.750732779502868652e+00 9.288497567176818848e-01 1.128255844116210938e+00
1.714070200920104980e+00 9.027289152145385742e-01 1.071147799491882324e+00
1.596631765365600586e+00 9.359766840934753418e-01 1.015144705772399902e+00
1.584891080856323242e+00 8.849765658378601074e-01 9.618128538131713867e-01
1.555748343467712402e+00 8.731794953346252441e-01 1.056680083274841309e+00
1.659341335296630859e+00 9.021656513214111328e-01 1.064608812332153320e+00
1.656141161918640137e+00 9.102890491485595703e-01 9.799880981445312500e-01
1.610675215721130371e+00 8.647243976593017578e-01 9.978079199790954590e-01
1.553169727325439453e+00 9.284663200378417969e-01 1.009507179260253906e+00
1.624253392219543457e+00 8.280869126319885254e-01 1.014705300331115723e+00
1.631945133209228516e+00 9.969325065612792969e-01 9.950260519981384277e-01
1.656909108161926270e+00 9.638495445251464844e-01 1.045397043228149414e+00
1.685031294822692871e+00 9.203142523765563965e-01 1.085393071174621582e+00
1.551056742668151855e+00 9.112566113471984863e-01 1.138244628906250000e+00
1.620458841323852539e+00 8.896031975746154785e-01 1.058301687240600586e+00
1.626367688179016113e+00 8.618169426918029785e-01 1.096175432205200195e+00
1.595637083053588867e+00 9.032214879989624023e-01 1.057971596717834473e+00
1.528015494346618652e+00 9.309132695198059082e-01 1.107683897018432617e+00
1.527155995368957520e+00 8.475588560104370117e-01 1.045510530471801758e+00
1.611009359359741211e+00 8.755245804786682129e-01 1.017900109291076660e+00
1.605288386344909668e+00 9.698092341423034668e-01 1.044196248054504395e+00
1.594333887100219727e+00 8.427439332008361816e-01 9.928203225135803223e-01
1.639631867408752441e+00 9.838604331016540527e-01 1.002301454544067383e+00
1.479838132858276367e+00 9.392396211624145508e-01 1.063355922698974609e+00
1.669290304183959961e+00 8.628781437873840332e-01 1.061526060104370117e+00
1.596078157424926758e+00 9.337390661239624023e-01 9.511414170265197754e-01
1.571750521659851074e+00 9.173766970634460449e-01 9.843776822090148926e-01
1.600481152534484863e+00 8.926603198051452637e-01 9.867216944694519043e-01
1.608709931373596191e+00 9.131382703781127930e-01 1.047105550765991211e+00
1.616505742073059082e+00 9.101624488830566406e-01 1.089880228042602539e+00
1.623950600624084473e+00 9.002215862274169922e-01 1.055794358253479004e+00
1.556985735893249512e+00 8.393107652664184570e-01 1.103333830833435059e+00
1.574464082717895508e+00 8.645339012145996094e-01 9.764882922172546387e-01
1.677875161170959473e+00 9.389389753341674805e-01 1.071764469146728516e+00
1.623657107353210449e+00 9.360824227333068848e-01 9.760953187942504883e-01
1.603783607482910156e+00 9.430923461914062500e-01 1.000220656394958496e+00
1.595747113227844238e+00 9.309889674186706543e-01 1.038633465766906738e+00
1.665014982223510742e+00 8.497298359870910645e-01 1.010632514953613281e+00
1.667051434516906738e+00 9.708011746406555176e-01 1.042382717132568359e+00
1.631080389022827148e+00 9.566302299499511719e-01 1.040753722190856934e+00
1.645394206047058105e+00 9.438433051109313965e-01 9.859793186187744141e-01
1.575209736824035645e+00 8.909093141555786133e-01 9.959985017776489258e-01
1.639455437660217285e+00 9.042615294456481934e-01 1.163724660873413086e+00
1.692945241928100586e+00 9.310475587844848633e-01 1.084249734878540039e+00
1.626792192459106445e+00 9.131824970245361328e-01 1.015511274337768555e+00
1.621102213859558105e+00 9.029552340507507324e-01 1.090856790542602539e+00
1.552730202674865723e+00 9.858171343803405762e-01 1.032734155654907227e+00
1.617407917976379395e+00 8.823983073234558105e-01 1.028018951416015625e+00
1.562846899032592773e+00 8.894337415695190430e-01 1.157728910446166992e+00
1.602981328964233398e+00 9.591238498687744141e-01 1.079745411872863770e+00
1.664166212081909180e+00 9.761475324630737305e-01 1.078486680984497070e+00
1.679037213325500488e+00 9.769831299781799316e-01 9.893076419830322266e-01
1.526539444923400879e+00 9.515165090560913086e-01 8.977920413017272949e-01
1.605238437652587891e+00 9.432830810546875000e-01 1.070430636405944824e+00
1.596909165382385254e+00 8.597887754440307617e-01 1.067083835601806641e+00
1.676070809364318848e+00 9.498281478881835938e-01 1.040062665939331055e+00
1.614647865295410156e+00 9.111349582672119141e-01 1.125338435173034668e+00
1.626638650894165039e+00 9.394655227661132812e-01 9.729698896408081055e-01
1.667860984802246094e+00 8.449772596359252930e-01 1.130100369453430176e+00
1.629790425300598145e+00 9.789388775825500488e-01 1.120137929916381836e+00
1.632301926612854004e+00 8.889285326004028320e-01 1.061313509941101074e+00
1.696312904357910156e+00 9.119693040847778320e-01 9.849938154220581055e-01
1.638802528381347656e+00 8.337719440460205078e-01 1.043567538261413574e+00
1.631563782691955566e+00 9.447036385536193848e-01 1.003008842468261719e+00
1.596809029579162598e+00 9.603952765464782715e-01 9.883364439010620117e-01
1.669493198394775391e+00 9.041881561279296875e-01 1.039351582527160645e+00
1.737151026725769043e+00 9.260218739509582520e-01 9.984332323074340820e-01
1.550748229026794434e+00 9.202179908752441406e-01 1.090224146842956543e+00
1.628225207328796387e+00 8.564768433570861816e-01 1.032206416130065918e+00
1.623528718948364258e+00 9.034909009933471680e-01 1.064364433288574219e+00
1.730046629905700684e+00 9.092061519622802734e-01 1.027339458465576172e+00
1.662586927413940430e+00 8.784399032592773438e-01 1.016837000846862793e+00
1.628590345382690430e+00 9.671790599822998047e-01 1.037698984146118164e+00
1.678548693656921387e+00 9.804977774620056152e-01 1.012478828430175781e+00
1.609366536140441895e+00 9.341149330139160156e-01 1.058685660362243652e+00
1.613121747970581055e+00 9.333552122116088867e-01 1.145617008209228516e+00
1.716617226600646973e+00 9.431117773056030273e-01 1.042722582817077637e+00
1.661889672279357910e+00 9.325082898139953613e-01 9.923644661903381348e-01
1.526534557342529297e+00 9.803469181060791016e-01 1.020653605461120605e+00
1.629352092742919922e+00 8.661387562751770020e-01 1.052438616752624512e+00
1.660505652427673340e+00 9.575609564781188965e-01 1.084528446197509766e+00
1.510911107063293457e+00 9.357032775878906250e-01 1.029598474502563477e+00
1.680939197540283203e+00 9.322730302810668945e-01 1.067690491676330566e+00
1.588021397590637207e+00 8.716816306114196777e-01 9.966458082199096680e-01
1.530663847923278809e+00 9.681624770164489746e-01 9.658708572387695312e-01
1.589583754539489746e+00 8.955821394920349121e-01 1.022757411003112793e+00
1.627839803695678711e+00 9.457024931907653809e-01 1.046002030372619629e+00
1.681906580924987793e+00 9.777409434318542480e-01 1.006316184997558594e+00
1.668501257896423340e+00 8.802928924560546875e-01 1.031862258911132812e+00
1.654351711273193359e+00 8.783167004585266113e-01 1.001833915710449219e+00
1.581921696662902832e+00 8.794510960578918457e-01 9.892914891242980957e-01
1.492535352706909180e+00 9.667694568634033203e-01 1.130257487297058105e+00
1.616422414779663086e+00 9.435601830482482910e-01 1.060952782630920410e+00
1.606141448020935059e+00 9.553098082542419434e-01 1.021655201911926270e+00
1.644603013992309570e+00 9.178630709648132324e-01 1.066305994987487793e+00
1.654991626739501953e+00 9.128130078315734863e-01 1.076883554458618164e+00
1.722824335098266602e+00 9.037815928459167480e-01 1.012810230255126953e+00
1.674878597259521484e+00 8.983722925186157227e-01 1.074350595474243164e+00
1.578994393348693848e+00 9.574493169784545898e-01 9.868773818016052246e-01
1.615172863006591797e+00 8.728023767471313477e-01 9.947377443313598633e-01
1.697372674942016602e+00 9.111166000366210938e-01 1.086150169372558594e+00
1.703850269317626953e+00 9.549866914749145508e-01 1.047761440277099609e+00
1.652548789978027344e+00 8.636273145675659180e-01 1.102980971336364746e+00
1.536105632781982422e+00 9.486233592033386230e-01 1.056020140647888184e+00
1.551584005355834961e+00 9.604624509811401367e-01 1.095668792724609375e+00
1.552359819412231445e+00 9.267890453338623047e-01 1.035022020339965820e+00
1.618050813674926758e+00 9.340436458587646484e-01 1.039692282676696777e+00
1.655448675155639648e+00 9.330939054489135742e-01 1.062860012054443359e+00
1.695929646492004395e+00 8.733243346214294434e-01 1.029123544692993164e+00
1.625007033348083496e+00 9.253120422363281250e-01 1.097660183906555176e+00
1.628277182579040527e+00 8.545439839363098145e-01 9.875786900520324707e-01
1.630093812942504883e+00 9.824786782264709473e-01 1.003957867622375488e+00
1.557132601737976074e+00 8.982676863670349121e-01 1.057500958442687988e+00
1.545300960540771484e+00 8.736653327941894531e-01 1.028634309768676758e+00
1.656838655471801758e+00 9.036545157432556152e-01 1.081220865249633789e+00
1.542361855506896973e+00 8.751243948936462402e-01 1.095703005790710449e+00
1.644226551055908203e+00 8.796941041946411133e-01 9.552953839302062988e-01
1.613133668899536133e+00 9.065351486206054688e-01 9.884930253028869629e-01
1.573269248008728027e+00 9.586291909217834473e-01 1.072487354278564453e+00
1.622038364410400391e+00 8.966147899627685547e-01 1.122869968414306641e+00
1.523417711257934570e+00 8.877590298652648926e-01 1.049016714096069336e+00
1.638547062873840332e+00 9.856479763984680176e-01 1.030140995979309082e+00
1.635325670242309570e+00 1.004240632057189941e+00 9.698992371559143066e-01
1.574866175651550293e+00 9.644230604171752930e-01 1.080886006355285645e+00
1.674511432647705078e+00 9.594750404357910156e-01 1.067159771919250488e+00
1.631448388099670410e+00 8.742640018463134766e-01 1.093424797058105469e+00
1.693775057792663574e+00 8.905885219573974609e-01 1.076063871383666992e+00
1.662854552268981934e+00 9.697051048278808594e-01 1.160441517829895020e+00
1.633175253868103027e+00 9.016650319099426270e-01 1.085010647773742676e+00
1.589007735252380371e+00 9.769735932350158691e-01 1.028322339057922363e+00
1.663980722427368164e+00 9.109798669815063477e-01 1.088091850280761719e+00
1.688588023185729980e+00 9.202170372009277344e-01 1.007682681083679199e+00
1.654162645339965820e+00 8.422506451606750488e-01 9.837910532951354980e-01
1.647173762321472168e+00 9.637172818183898926e-01 1.172772169113159180e+00
1.698801636695861816e+00 9.154800176620483398e-01 1.062103867530822754e+00
1.629239559173583984e+00 9.606838822364807129e-01 1.002730846405029297e+00
1.666962027549743652e+00 9.708200693130493164e-01 1.011145830154418945e+00
1.621801614761352539e+00 9.449205398559570312e-01 1.175748109817504883e+00
1.601175546646118164e+00 9.144362211227416992e-01 1.122223734855651855e+00
1.667070627212524414e+00 9.682258963584899902e-01 1.010625123977661133e+00
1.596905708312988281e+00 8.949967622756958008e-01 1.032739520072937012e+00
1.657725214958190918e+00 9.084058403968811035e-01 9.294013977050781250e-01
1.682635903358459473e+00 9.275351166725158691e-01 9.797677993774414062e-01
1.592675089836120605e+00 8.604264855384826660e-01 1.072584152221679688e+00
1.588173151016235352e+00 9.150733351707458496e-01 1.066038727760314941e+00
1.653881788253784180e+00 9.067384600639343262e-01 1.044444799423217773e+00
1.660506844520568848e+00 9.557833075523376465e-01 1.072715759277343750e+00
1.687893986701965332e+00 9.135738611221313477e-01 1.021545886993408203e+00
1.562245607376098633e+00 1.011984825134277344e+00 1.055723190307617188e+00
1.503265142440795898e+00 1.002548098564147949e+00 9.668238162994384766e-01
1.714642167091369629e+00 9.997200369834899902e-01 1.115668535232543945e+00
1.611575841903686523e+00 9.523537158966064453e-01 1.056079983711242676e+00
1.704015731811523438e+00 8.603428006172180176e-01 1.076952576637268066e+00
1.693321943283081055e+00 9.506092071533203125e-01 1.071583986282348633e+00
1.540257930755615234e+00 8.699852228164672852e-01 1.043759942054748535e+00
1.630498290061950684e+00 9.372810125350952148e-01 1.118653178215026855e+00
1.687031626701354980e+00 8.416020274162292480e-01 1.070754885673522949e+00
1.566804170608520508e+00 9.262924194335937500e-01 1.054738163948059082e+00
1.649668693542480469e+00 9.254480004310607910e-01 1.070676684379577637e+00
1.695267438888549805e+00 9.987490773200988770e-01 1.054237008094787598e+00
1.675329923629760742e+00 8.995517492294311523e-01 1.029009580612182617e+00
1.700156688690185547e+00 9.311864972114562988e-01 1.067208528518676758e+00
1.594139814376831055e+00 8.899756669998168945e-01 1.087809443473815918e+00
1.696946144104003906e+00 8.916102647781372070e-01 1.131985902786254883e+00
1.618343353271484375e+00 8.791531324386596680e-01 1.052549004554748535e+00
1.625207662582397461e+00 9.330580830574035645e-01 1.104671716690063477e+00
1.612024784088134766e+00 9.354034066200256348e-01 1.025403857231140137e+00
1.692703366279602051e+00 9.229115843772888184e-01 1.111208558082580566e+00
1.651795387268066406e+00 9.870570302009582520e-01 1.060263514518737793e+00
1.618857979774475098e+00 9.548775553703308105e-01 1.028265237808227539e+00
1.723709344863891602e+00 9.316843748092651367e-01 1.081698417663574219e+00
1.588879466056823730e+00 9.948946833610534668e-01 9.980889558792114258e-01
1.651225566864013672e+00 9.216140508651733398e-01 1.129220962524414062e+00
1.594511985778808594e+00 9.226148724555969238e-01 1.015113234519958496e+00
1.576431035995483398e+00 9.582133293151855469e-01 1.081555843353271484e+00
1.563335657119750977e+00 8.587198257446289062e-01 1.099896550178527832e+00
1.617411851882934570e+00 9.361862540245056152e-01 1.010573744773864746e+00
1.468431949615478516e+00 9.358580708503723145e-01 1.038077950477600098e+00
1.616591930389404297e+00 9.391413331031799316e-01 1.003255367279052734e+00
1.630839943885803223e+00 8.455232381820678711e-01 9.979351162910461426e-01
1.605082631111145020e+00 9.825066924095153809e-01 1.100026011466979980e+00
1.631651401519775391e+00 8.840119242668151855e-01 1.010214924812316895e+00
1.703376054763793945e+00 9.219733476638793945e-01 9.938996434211730957e-01
1.543758153915405273e+00 9.755110144615173340e-01 1.029412388801574707e+00
1.585007309913635254e+00 8.843697309494018555e-01 1.042916297912597656e+00
1.684354066848754883e+00 9.378100037574768066e-01 1.115884304046630859e+00
1.719367861747741699e+00 9.241697192192077637e-01 9.610831141471862793e-01
1.625163912773132324e+00 9.351492524147033691e-01 1.024456501007080078e+00
1.698190569877624512e+00 9.565221071243286133e-01 1.075544476509094238e+00
1.602191686630249023e+00 9.642099142074584961e-01 1.119540691375732422e+00
1.663772225379943848e+00 9.193189144134521484e-01 9.858612418174743652e-01
1.638154983520507812e+00 9.244986772537231445e-01 1.017811179161071777e+00
1.608906388282775879e+00 8.687711358070373535e-01 1.049574375152587891e+00
1.665819406509399414e+00 9.080848097801208496e-01 1.107834458351135254e+00
1.567252039909362793e+00 9.596648812294006348e-01 9.910272955894470215e-01
1.711612939834594727e+00 1.016119599342346191e+00 1.069230675697326660e+00
1.649529218673706055e+00 8.819472193717956543e-01 1.090389847755432129e+00
1.647298097610473633e+00 9.680188894271850586e-01 1.183285713195800781e+00
1.650364756584167480e+00 9.471675753593444824e-01 1.080506563186645508e+00
1.622843980789184570e+00 9.408047795295715332e-01 1.027156829833984375e+00
1.572188854217529297e+00 9.822533726692199707e-01 1.014478206634521484e+00
1.697453141212463379e+00 9.562369585037231445e-01 1.039327263832092285e+00
1.585537433624267578e+00 9.529190063476562500e-01 1.099503278732299805e+00
1.605224609375000000e+00 8.467677831649780273e-01 1.150844573974609375e+00
1.725535392761230469e+00 8.807104229927062988e-01 1.043834328651428223e+00
1.720372557640075684e+00 9.685155153274536133e-01 1.024510741233825684e+00
1.603766202926635742e+00 9.829308986663818359e-01 1.022870898246765137e+00
1.587588787078857422e+00 8.962857723236083984e-01 1.109920620918273926e+00
1.588084220886230469e+00 9.121909737586975098e-01 1.016990303993225098e+00
1.615082979202270508e+00 9.344558715820312500e-01 1.118879079818725586e+00
1.654060006141662598e+00 9.380314350128173828e-01 1.116309046745300293e+00
1.716315984725952148e+00 9.365295767784118652e-01 1.057020545005798340e+00
1.578865289688110352e+00 8.072113990783691406e-01 1.080767989158630371e+00
1.728153944015502930e+00 9.583341479301452637e-01 1.030697941780090332e+00
1.608884930610656738e+00 1.007971405982971191e+00 1.008318066596984863e+00
1.709233760833740234e+00 9.356231093406677246e-01 1.062873244285583496e+00
1.654402613639831543e+00 9.022982716560363770e-01 1.127563953399658203e+00
1.544960618019104004e+00 9.728062748908996582e-01 1.104439496994018555e+00
1.678497910499572754e+00 9.112041592597961426e-01 1.084390997886657715e+00
1.597370266914367676e+00 9.283291101455688477e-01 1.115791559219360352e+00
1.580787301063537598e+00 9.608552455902099609e-01 1.082636356353759766e+00
1.589092135429382324e+00 9.108529090881347656e-01 1.069936037063598633e+00
1.690150856971740723e+00 9.522129297256469727e-01 1.120300769805908203e+00
1.657412528991699219e+00 9.863399863243103027e-01 1.069685220718383789e+00
1.594047546386718750e+00 9.839082956314086914e-01 9.930703043937683105e-01
1.689092040061950684e+00 9.740711450576782227e-01 1.074957489967346191e+00
1.646752238273620605e+00 9.450554847717285156e-01 1.085364818572998047e+00
1.666670799255371094e+00 9.485657811164855957e-01 1.073083519935607910e+00
1.657503843307495117e+00 9.827767014503479004e-01 1.011971116065979004e+00
1.522401094436645508e+00 9.183031916618347168e-01 1.086338758468627930e+00
1.634862899780273438e+00 9.768209457397460938e-01 1.121538519859313965e+00
1.662331700325012207e+00 8.839569091796875000e-01 1.147169113159179688e+00
1.617290377616882324e+00 8.998178243637084961e-01 9.986245036125183105e-01
1.601033806800842285e+00 9.245428442955017090e-01 1.079077959060668945e+00
1.559445142745971680e+00 9.629288315773010254e-01 1.109587192535400391e+00
1.755471229553222656e+00 9.431815743446350098e-01 1.119790315628051758e+00
1.649856805801391602e+00 9.262571930885314941e-01 1.015775442123413086e+00
1.655180215835571289e+00 9.703950881958007812e-01 1.052410483360290527e+00
1.713306784629821777e+00 9.415642619132995605e-01 1.009471416473388672e+00
1.553999662399291992e+00 8.974178433418273926e-01 1.053074240684509277e+00
1.665760159492492676e+00 1.019246220588684082e+00 1.049476504325866699e+00
1.615150094032287598e+00 9.472173452377319336e-01 1.069274067878723145e+00
1.631707191467285156e+00 9.442688822746276855e-01 9.265532493591308594e-01
1.619977355003356934e+00 9.746857285499572754e-01 1.157784581184387207e+00
1.616549491882324219e+00 1.008397459983825684e+00 1.051742315292358398e+00
1.611856818199157715e+00 8.963065743446350098e-01 1.094683408737182617e+00
1.690468192100524902e+00 9.289541244506835938e-01 1.017028689384460449e+00
1.740940570831298828e+00 9.496130347251892090e-01 1.138020634651184082e+00
1.637807250022888184e+00 9.514173865318298340e-01 9.877985715866088867e-01
1.681588292121887207e+00 8.998561501502990723e-01 1.104264616966247559e+00
1.542042136192321777e+00 9.384195804595947266e-01 9.798533320426940918e-01
1.723311066627502441e+00 9.854373931884765625e-01 1.048377156257629395e+00
1.567991375923156738e+00 9.391153454780578613e-01 1.006502270698547363e+00
1.725573301315307617e+00 8.888406157493591309e-01 1.073451876640319824e+00
1.664170980453491211e+00 1.002736330032348633e+00 9.941958189010620117e-01
1.670552968978881836e+00 9.712952971458435059e-01 1.054242849349975586e+00
1.641753435134887695e+00 9.800562262535095215e-01 1.061003446578979492e+00
1.689669847488403320e+00 9.466411471366882324e-01 1.020358562469482422e+00
1.663500666618347168e+00 1.008799433708190918e+00 1.054924011230468750e+00
1.717564940452575684e+00 8.781271576881408691e-01 9.764068126678466797e-01
1.683735132217407227e+00 9.788843989372253418e-01 1.070813536643981934e+00
1.560509085655212402e+00 9.404966831207275391e-01 1.117377161979675293e+00
1.721759438514709473e+00 9.328131079673767090e-01 1.014359951019287109e+00
1.601977467536926270e+00 8.939768671989440918e-01 1.038206219673156738e+00
1.670184373855590820e+00 1.022145986557006836e+00 1.181814312934875488e+00
1.687072634696960449e+00 8.732075691223144531e-01 1.062576413154602051e+00
1.692930579185485840e+00 9.094673991203308105e-01 9.911401867866516113e-01
1.647987842559814453e+00 9.931654334068298340e-01 1.138113737106323242e+00
1.690052151679992676e+00 9.223970174789428711e-01 1.072203516960144043e+00
1.660742402076721191e+00 8.908497095108032227e-01 1.009008169174194336e+00
1.698968529701232910e+00 9.739668369293212891e-01 1.083644986152648926e+00
1.738255023956298828e+00 9.206769466400146484e-01 1.084899306297302246e+00
1.644240379333496094e+00 9.786569476127624512e-01 1.055104017257690430e+00
1.663931131362915039e+00 9.564514160156250000e-01 1.008314609527587891e+00
1.624798059463500977e+00 9.410663247108459473e-01 1.055040717124938965e+00
1.757233262062072754e+00 9.927507042884826660e-01 1.033129096031188965e+00
1.663174033164978027e+00 9.208286404609680176e-01 1.021637201309204102e+00
1.606109261512756348e+00 8.708967566490173340e-01 1.052070856094360352e+00
1.543711543083190918e+00 9.518656730651855469e-01 1.037319779396057129e+00
1.643338203430175781e+00 9.166992306709289551e-01 1.043587327003479004e+00
1.532952427864074707e+00 1.003373980522155762e+00 1.039959549903869629e+00
1.646994233131408691e+00 9.737578630447387695e-01 1.065234184265136719e+00
1.663387417793273926e+00 9.685050845146179199e-01 1.071787714958190918e+00
1.655216336250305176e+00 1.039521574974060059e+00 1.097476840019226074e+00
1.636683225631713867e+00 1.026040554046630859e+00 1.060908079147338867e+00
1.657009243965148926e+00 9.974511265754699707e-01 1.135431051254272461e+00
1.653049111366271973e+00 9.303293824195861816e-01 1.036872029304504395e+00
1.550423026084899902e+00 1.001051187515258789e+00 1.040296077728271484e+00
1.574126005172729492e+00 9.121454954147338867e-01 1.069585442543029785e+00
1.649079680442810059e+00 9.675065875053405762e-01 1.086335420608520508e+00
1.573378205299377441e+00 9.538454413414001465e-01 9.471101164817810059e-01
1.647579312324523926e+00 1.061351776123046875e+00 9.258262515068054199e-01
1.654007434844970703e+00 1.012422442436218262e+00 1.009603977203369141e+00
1.662805318832397461e+00 9.684684276580810547e-01 1.049757599830627441e+00
1.652606248855590820e+00 9.104361534118652344e-01 1.171105504035949707e+00
1.622000217437744141e+00 9.438003301620483398e-01 1.032485008239746094e+00
1.576065182685852051e+00 9.857500791549682617e-01 1.041500806808471680e+00
1.627976298332214355e+00 9.644068479537963867e-01 1.077881217002868652e+00
1.590631961822509766e+00 9.329832196235656738e-01 1.070089221000671387e+00
1.679817557334899902e+00 9.592241644859313965e-01 1.068383216857910156e+00
1.632511496543884277e+00 9.883118867874145508e-01 1.014664053916931152e+00
1.650896549224853516e+00 9.025814533233642578e-01 1.042870759963989258e+00
1.593547940254211426e+00 9.255011677742004395e-01 1.122215747833251953e+00
1.680295825004577637e+00 1.009711623191833496e+00 1.071244359016418457e+00
1.550469994544982910e+00 9.394665956497192383e-01 1.079269647598266602e+00
1.671862125396728516e+00 1.052738785743713379e+00 1.090707182884216309e+00
1.614186167716979980e+00 9.473596215248107910e-01 9.960502982139587402e-01
1.621592998504638672e+00 9.752386808395385742e-01 9.486458301544189453e-01
1.622657179832458496e+00 9.694571495056152344e-01 1.144306659698486328e+00
1.587012529373168945e+00 9.660266041755676270e-01 1.074447989463806152e+00
1.613216757774353027e+00 9.369987845420837402e-01 9.746372103691101074e-01
1.635598421096801758e+00 9.295111298561096191e-01 9.502253532409667969e-01
1.659531116485595703e+00 9.645149707794189453e-01 1.186271905899047852e+00
1.675873875617980957e+00 9.997524023056030273e-01 1.055340886116027832e+00
1.566780209541320801e+00 9.018099308013916016e-01 1.139289617538452148e+00
1.572584629058837891e+00 9.499838352203369141e-01 1.051403880119323730e+00
1.621193170547485352e+00 1.034694552421569824e+00 1.053320288658142090e+00
1.578002095222473145e+00 9.695401787757873535e-01 1.060412287712097168e+00
1.656540632247924805e+00 9.561905264854431152e-01 1.055242896080017090e+00
1.652419090270996094e+00 9.674004912376403809e-01 1.073292493820190430e+00
1.589912652969360352e+00 9.904786348342895508e-01 1.087815046310424805e+00
1.611449956893920898e+00 1.014786005020141602e+00 1.040508270263671875e+00
1.657732725143432617e+00 9.582110047340393066e-01 1.055707812309265137e+00
1.656508445739746094e+00 9.708647727966308594e-01 1.070172905921936035e+00
1.692690730094909668e+00 9.912112355232238770e-01 1.053498625755310059e+00
1.627611875534057617e+00 9.181575775146484375e-01 1.124291777610778809e+00
1.711982250213623047e+00 9.910340309143066406e-01 1.079910635948181152e+00
1.642637252807617188e+00 9.110996127128601074e-01 1.042292952537536621e+00
1.662310361862182617e+00 9.553821086883544922e-01 1.005861401557922363e+00
1.687981009483337402e+00 9.253705739974975586e-01 1.043332457542419434e+00
1.666588425636291504e+00 9.460511207580566406e-01 1.099458694458007812e+00
1.666165947914123535e+00 9.565654397010803223e-01 1.137189149856567383e+00
1.627943634986877441e+00 1.009289622306823730e+00 1.143706440925598145e+00
1.661119818687438965e+00 9.379777908325195312e-01 1.118947267532348633e+00
1.692475914955139160e+00 9.953659772872924805e-01 1.037765502929687500e+00
1.610965490341186523e+00 1.015695333480834961e+00 1.171243667602539062e+00
1.593425273895263672e+00 9.553445577621459961e-01 1.115369319915771484e+00
1.529491424560546875e+00 9.454289674758911133e-01 1.030627608299255371e+00
1.594457745552062988e+00 9.593091011047363281e-01 1.025255918502807617e+00
1.605390906333923340e+00 9.623063206672668457e-01 1.066973090171813965e+00
1.569459080696105957e+00 9.754025340080261230e-01 1.001290678977966309e+00
1.642688155174255371e+00 9.372422695159912109e-01 9.996103048324584961e-01
1.696567058563232422e+00 9.624735116958618164e-01 1.121247410774230957e+00
1.635757088661193848e+00 1.002686977386474609e+00 1.109681487083435059e+00
1.660784244537353516e+00 8.995878100395202637e-01 1.028422355651855469e+00
1.616394758224487305e+00 9.662555456161499023e-01 1.036499857902526855e+00
1.652514219284057617e+00 9.965989589691162109e-01 1.103918194770812988e+00
1.659507751464843750e+00 9.040532112121582031e-01 1.124781608581542969e+00
1.647084236145019531e+00 1.028401017189025879e+00 1.102263927459716797e+00
1.620926141738891602e+00 9.729750752449035645e-01 1.126509904861450195e+00
1.659641981124877930e+00 1.003349423408508301e+00 9.701033234596252441e-01
1.741074562072753906e+00 9.622873067855834961e-01 1.015547156333923340e+00
1.660850286483764648e+00 8.953440189361572266e-01 1.034012675285339355e+00
1.649509906768798828e+00 1.015101313591003418e+00 1.027980804443359375e+00
1.634840250015258789e+00 9.692290425300598145e-01 9.805140495300292969e-01
1.641650557518005371e+00 1.064983129501342773e+00 1.056819438934326172e+00
1.601718306541442871e+00 1.012912034988403320e+00 1.070012927055358887e+00
1.642031431198120117e+00 9.700561761856079102e-01 1.099544525146484375e+00
1.631784081459045410e+00 9.574015736579895020e-01 1.090333104133605957e+00
1.666349291801452637e+00 9.894455671310424805e-01 1.048825621604919434e+00
1.671948552131652832e+00 9.653322100639343262e-01 1.034393310546875000e+00
1.689920544624328613e+00 9.169074296951293945e-01 1.039201140403747559e+00
1.601744532585144043e+00 1.011718153953552246e+00 9.961050748825073242e-01
1.721388816833496094e+00 9.387190341949462891e-01 1.041987657546997070e+00
1.652235150337219238e+00 8.774596452713012695e-01 9.994012117385864258e-01
1.732719898223876953e+00 9.869221448898315430e-01 1.048684597015380859e+00
1.709825396537780762e+00 9.977225661277770996e-01 1.021478295326232910e+00
1.690701961517333984e+00 1.056724667549133301e+00 1.055606842041015625e+00
1.675213813781738281e+00 9.287621974945068359e-01 1.062006711959838867e+00
1.681413531303405762e+00 9.289354085922241211e-01 1.136285066604614258e+00
1.663318991661071777e+00 1.009181857109069824e+00 1.023338437080383301e+00
1.646951079368591309e+00 9.402248859405517578e-01 1.064444422721862793e+00
1.575192809104919434e+00 9.731583595275878906e-01 1.150245428085327148e+00
1.582535624504089355e+00 9.918428063392639160e-01 9.995497465133666992e-01
1.567428708076477051e+00 1.004098176956176758e+00 1.149325609207153320e+00
1.645872473716735840e+00 9.643471837043762207e-01 1.065919756889343262e+00
1.693215727806091309e+00 1.007554292678833008e+00 1.082998037338256836e+00
1.644921898841857910e+00 1.035605192184448242e+00 1.151047229766845703e+00
1.703927636146545410e+00 9.479593038558959961e-01 1.091405749320983887e+00
1.696605801582336426e+00 9.866762161254882812e-01 1.013273000717163086e+00
1.632869720458984375e+00 1.015012145042419434e+00 1.011786341667175293e+00
1.616662263870239258e+00 9.667367339134216309e-01 1.109666466712951660e+00
1.619961857795715332e+00 9.467753171920776367e-01 1.158041119575500488e+00
1.517791152000427246e+00 9.902554750442504883e-01 1.071507692337036133e+00
1.652637004852294922e+00 9.290084838867187500e-01 1.073431491851806641e+00
1.609913825988769531e+00 9.234892725944519043e-01 1.018414020538330078e+00
1.702718853950500488e+00 9.678598046302795410e-01 1.039184212684631348e+00
1.571523547172546387e+00 9.168851375579833984e-01 1.044147968292236328e+00
1.656913638114929199e+00 9.137707948684692383e-01 1.081649422645568848e+00
1.624327898025512695e+00 9.491809606552124023e-01 1.048750877380371094e+00
1.557530760765075684e+00 9.269515872001647949e-01 9.891934394836425781e-01
1.583132266998291016e+00 9.984519481658935547e-01 1.103434920310974121e+00
1.611492753028869629e+00 1.000585436820983887e+00 1.138188362121582031e+00
1.618139505386352539e+00 9.034159779548645020e-01 1.085000276565551758e+00
1.660572767257690430e+00 1.028906822204589844e+00 1.088314652442932129e+00
1.622084498405456543e+00 9.658600091934204102e-01 1.119554400444030762e+00
1.583970665931701660e+00 1.016472697257995605e+00 1.054654240608215332e+00
1.679219245910644531e+00 9.506448507308959961e-01 1.117534995079040527e+00
1.561370849609375000e+00 9.599925279617309570e-01 1.130810618400573730e+00
1.672367811203002930e+00 1.018109798431396484e+00 1.128246903419494629e+00
1.563789844512939453e+00 9.639257192611694336e-01 9.726184010505676270e-01
1.756746530532836914e+00 9.369724988937377930e-01 1.139595270156860352e+00
1.679902076721191406e+00 9.902537465095520020e-01 1.077754378318786621e+00
1.617555737495422363e+00 9.729380011558532715e-01 9.835277795791625977e-01
1.637954235076904297e+00 9.569925665855407715e-01 1.105495333671569824e+00
1.553604245185852051e+00 9.774118065834045410e-01 1.114946007728576660e+00
1.654833078384399414e+00 8.795471787452697754e-01 9.843266010284423828e-01
1.668751001358032227e+00 9.392564892768859863e-01 1.106946349143981934e+00
1.695825934410095215e+00 9.681604504585266113e-01 1.160984873771667480e+00
1.653405904769897461e+00 1.026336669921875000e+00 9.833030700683593750e-01
1.597001671791076660e+00 9.829842448234558105e-01 1.018012166023254395e+00
1.719197034835815430e+00 9.540073871612548828e-01 9.701423645019531250e-01
1.613511919975280762e+00 9.512399435043334961e-01 1.112689852714538574e+00
1.751395106315612793e+00 1.027364850044250488e+00 1.060530424118041992e+00
1.497152209281921387e+00 9.588947892189025879e-01 1.052130818367004395e+00
1.643407106399536133e+00 1.031340479850769043e+00 1.147390723228454590e+00
1.652754068374633789e+00 9.873228073120117188e-01 9.937754869461059570e-01
1.654219150543212891e+00 9.798648953437805176e-01 1.026445150375366211e+00
1.665174365043640137e+00 9.382146000862121582e-01 1.078067183494567871e+00
1.613019585609436035e+00 8.861968517303466797e-01 1.090342640876770020e+00
1.656260848045349121e+00 9.936737418174743652e-01 1.068485498428344727e+00
1.634893894195556641e+00 9.266860485076904297e-01 1.089869618415832520e+00
1.583685159683227539e+00 1.017093896865844727e+00 1.144257068634033203e+00
1.700843214988708496e+00 1.006190061569213867e+00 1.024247765541076660e+00
1.631271839141845703e+00 9.355512261390686035e-01 1.091727018356323242e+00
1.636834025382995605e+00 9.523333311080932617e-01 1.092574477195739746e+00
1.633570432662963867e+00 1.071896791458129883e+00 1.091660499572753906e+00
1.661297082901000977e+00 9.371281266212463379e-01 1.094355344772338867e+00
1.576917886734008789e+00 9.882107377052307129e-01 1.106591224670410156e+00
1.559864521026611328e+00 1.048702478408813477e+00 1.116266131401062012e+00
1.614002466201782227e+00 1.029364705085754395e+00 9.997979998588562012e-01
1.610804200172424316e+00 9.533736109733581543e-01 1.026932358741760254e+00
1.743345856666564941e+00 9.171238541603088379e-01 1.129926443099975586e+00
1.689318060874938965e+00 9.434006214141845703e-01 1.027946829795837402e+00
1.600570201873779297e+00 9.808712601661682129e-01 1.053298354148864746e+00
1.637824654579162598e+00 1.033209323883056641e+00 1.106898665428161621e+00
1.616389989852905273e+00 9.077634811401367188e-01 1.082693934440612793e+00
1.712994813919067383e+00 9.647657275199890137e-01 1.030150055885314941e+00
1.633409619331359863e+00 9.808566570281982422e-01 1.016631245613098145e+00
1.601511001586914062e+00 1.022966742515563965e+00 1.072641849517822266e+00
1.715975999832153320e+00 1.011939287185668945e+00 9.900086522102355957e-01
1.578294157981872559e+00 9.269644618034362793e-01 1.136360287666320801e+00
1.592666029930114746e+00 1.019137859344482422e+00 1.114436268806457520e+00
1.643450498580932617e+00 9.927507638931274414e-01 1.136590361595153809e+00
1.638857245445251465e+00 9.890574812889099121e-01 1.072714805603027344e+00
1.674280047416687012e+00 9.248508214950561523e-01 1.098149180412292480e+00
1.666200995445251465e+00 9.852775335311889648e-01 9.979391694068908691e-01
1.646115899085998535e+00 9.543818235397338867e-01 1.047283768653869629e+00
1.622483968734741211e+00 9.999588131904602051e-01 1.078733563423156738e+00
1.714788317680358887e+00 9.840235114097595215e-01 1.210466861724853516e+00
1.583236575126647949e+00 9.600729942321777344e-01 1.061871647834777832e+00
1.594044566154479980e+00 1.029071569442749023e+00 1.139071583747863770e+00
1.645588517189025879e+00 1.058899521827697754e+00 1.089303612709045410e+00
1.647012472152709961e+00 8.915321826934814453e-01 1.021497249603271484e+00
1.690073132514953613e+00 9.954165816307067871e-01 1.069306612014770508e+00
1.640852689743041992e+00 9.503766894340515137e-01 1.154836058616638184e+00
1.662529945373535156e+00 9.469980597496032715e-01 1.143656849861145020e+00
1.720642685890197754e+00 1.009154677391052246e+00 1.073803424835205078e+00
1.635515928268432617e+00 9.852614998817443848e-01 1.063604831695556641e+00
1.598916769027709961e+00 9.404851794242858887e-01 1.068885445594787598e+00
1.627614259719848633e+00 9.638239741325378418e-01 1.051038980484008789e+00
1.628580212593078613e+00 9.609416723251342773e-01 1.187613606452941895e+00
1.664149761199951172e+00 9.804666042327880859e-01 1.051463246345520020e+00
1.591202020645141602e+00 9.408407211303710938e-01 1.171078681945800781e+00
1.689342021942138672e+00 9.692800641059875488e-01 1.084865927696228027e+00
1.743990063667297363e+00 9.167845249176025391e-01 1.068078517913818359e+00
1.620956897735595703e+00 9.656561017036437988e-01 1.073078870773315430e+00
1.676547288894653320e+00 9.592483043670654297e-01 1.099926114082336426e+00
1.623163104057312012e+00 9.554563760757446289e-01 1.024161815643310547e+00
1.663086771965026855e+00 9.619303941726684570e-01 1.053785920143127441e+00
1.760728120803833008e+00 9.816809892654418945e-01 1.088984608650207520e+00
1.702554345130920410e+00 9.194049239158630371e-01 1.097589731216430664e+00
1.667577505111694336e+00 1.002825975418090820e+00 1.042493462562561035e+00
1.718930006027221680e+00 9.987952709197998047e-01 1.030396819114685059e+00
1.694543361663818359e+00 9.726052284240722656e-01 1.158164978027343750e+00
1.675503373146057129e+00 9.286421537399291992e-01 1.035100340843200684e+00
1.629168033599853516e+00 9.671322107315063477e-01 1.105385303497314453e+00
1.694061517715454102e+00 1.015639543533325195e+00 1.150204777717590332e+00
1.723972558975219727e+00 9.499469399452209473e-01 1.036947250366210938e+00
1.658613801002502441e+00 9.742537140846252441e-01 9.708229303359985352e-01
1.655839681625366211e+00 9.584271311759948730e-01 1.077890634536743164e+00
1.705433249473571777e+00 9.655931591987609863e-01 1.042364835739135742e+00
1.723430395126342773e+00 1.033439159393310547e+00 9.932147860527038574e-01
1.592965722084045410e+00 9.895116090774536133e-01 1.005787491798400879e+00
1.672825455665588379e+00 9.399995803833007812e-01 1.085323095321655273e+00
1.671722650527954102e+00 9.840757846832275391e-01 1.022349357604980469e+00
1.635732650756835938e+00 8.654740452766418457e-01 1.180785179138183594e+00
1.671656489372253418e+00 9.315558075904846191e-01 1.074282050132751465e+00
1.670474052429199219e+00 1.010312318801879883e+00 1.032970786094665527e+00
1.782993912696838379e+00 1.061079144477844238e+00 1.138740062713623047e+00
1.664336562156677246e+00 9.319543242454528809e-01 1.079761743545532227e+00
1.635159373283386230e+00 1.028761744499206543e+00 1.075416088104248047e+00
1.652619838714599609e+00 9.101221561431884766e-01 9.880629777908325195e-01
1.663198828697204590e+00 9.643452763557434082e-01 1.050979852676391602e+00
1.680258989334106445e+00 8.821865320205688477e-01 1.179561257362365723e+00
1.586197376251220703e+00 9.911540746688842773e-01 1.106645464897155762e+00
1.592609763145446777e+00 1.002864956855773926e+00 1.050984263420104980e+00
1.591610550880432129e+00 9.232155084609985352e-01 1.114198446273803711e+00
1.822658658027648926e+00 1.006902694702148438e+00 1.082108974456787109e+00
1.582973480224609375e+00 1.001599669456481934e+00 1.180175065994262695e+00
1.518233537673950195e+00 1.074385285377502441e+00 1.073071718215942383e+00
1.615996956825256348e+00 1.022665381431579590e+00 1.080290555953979492e+00
1.617507815361022949e+00 1.019007802009582520e+00 1.118605494499206543e+00
1.748791217803955078e+00 1.019308328628540039e+00 1.118664860725402832e+00
1.559021830558776855e+00 1.028527617454528809e+00 1.117415428161621094e+00
1.696211814880371094e+00 9.773251414299011230e-01 1.085502505302429199e+00
1.643926620483398438e+00 1.027216196060180664e+00 1.061194896697998047e+00
1.568060040473937988e+00 9.272239208221435547e-01 1.180474519729614258e+00
1.682829380035400391e+00 9.341566562652587891e-01 1.041671991348266602e+00
1.675990462303161621e+00 9.730011224746704102e-01 1.054371595382690430e+00
1.707984685897827148e+00 9.623097777366638184e-01 1.000009298324584961e+00
1.634008526802062988e+00 9.625729918479919434e-01 1.113864064216613770e+00
1.625583648681640625e+00 9.860103130340576172e-01 1.013618230819702148e+00
1.563960671424865723e+00 1.012344956398010254e+00 1.083411216735839844e+00
1.755306601524353027e+00 1.002631902694702148e+00 1.058184266090393066e+00
1.714761972427368164e+00 9.044300913810729980e-01 1.076192378997802734e+00
1.680650711059570312e+00 9.819713830947875977e-01 1.114991188049316406e+00
1.657812237739562988e+00 9.707583189010620117e-01 1.028049707412719727e+00
1.669141530990600586e+00 1.020980358123779297e+00 1.075262188911437988e+00
1.655220627784729004e+00 9.827516078948974609e-01 1.073877930641174316e+00
1.635516643524169922e+00 9.848567247390747070e-01 1.047157764434814453e+00
1.636463284492492676e+00 1.022634744644165039e+00 1.077453017234802246e+00
1.587208986282348633e+00 1.020865201950073242e+00 1.120402574539184570e+00
1.643965959548950195e+00 1.050876140594482422e+00 1.120508193969726562e+00
1.629893302917480469e+00 9.403763413429260254e-01 1.091239094734191895e+00
1.689501285552978516e+00 1.007732868194580078e+00 9.675484895706176758e-01
1.660627603530883789e+00 9.578889012336730957e-01 1.144793748855590820e+00
1.667078137397766113e+00 1.079594135284423828e+00 1.175410389900207520e+00
1.558704376220703125e+00 1.002057671546936035e+00 1.156588554382324219e+00
1.665053486824035645e+00 9.455390572547912598e-01 1.103649854660034180e+00
1.634872317314147949e+00 1.044252991676330566e+00 1.130768537521362305e+00
1.673472285270690918e+00 1.026442766189575195e+00 1.026370644569396973e+00
1.580148220062255859e+00 9.606639146804809570e-01 1.068683266639709473e+00
1.507562398910522461e+00 9.795430302619934082e-01 1.016268730163574219e+00
1.665077209472656250e+00 1.048998951911926270e+00 1.125335335731506348e+00
1.677313923835754395e+00 9.322772026062011719e-01 1.121710062026977539e+00
1.685088396072387695e+00 9.957816600799560547e-01 1.101444244384765625e+00
1.667406439781188965e+00 1.043863773345947266e+00 1.065842270851135254e+00
1.683559656143188477e+00 1.007259368896484375e+00 1.180642127990722656e+00
1.685370326042175293e+00 1.036147475242614746e+00 1.105681300163269043e+00
1.728138804435729980e+00 1.013827562332153320e+00 1.205612540245056152e+00
1.739294648170471191e+00 1.037210941314697266e+00 1.028676152229309082e+00
1.703460931777954102e+00 9.710531830787658691e-01 1.065335154533386230e+00
1.659131407737731934e+00 1.004068374633789062e+00 1.015729546546936035e+00
1.675969839096069336e+00 1.018386363983154297e+00 1.044718384742736816e+00
1.689204335212707520e+00 9.861423969268798828e-01 1.074512004852294922e+00
1.594501614570617676e+00 1.023144602775573730e+00 1.047122716903686523e+00
1.654261827468872070e+00 9.352616667747497559e-01 1.067449569702148438e+00
1.676115393638610840e+00 9.848496913909912109e-01 1.060804605484008789e+00
1.692924499511718750e+00 9.833781719207763672e-01 1.102590918540954590e+00
1.704665303230285645e+00 9.931604862213134766e-01 1.104294180870056152e+00
1.702025055885314941e+00 9.715676903724670410e-01 1.183701157569885254e+00
1.631843686103820801e+00 1.000548124313354492e+00 1.138356566429138184e+00
1.682479977607727051e+00 9.760560989379882812e-01 1.116352200508117676e+00
1.704802870750427246e+00 1.031730651855468750e+00 1.030791997909545898e+00
1.643605113029479980e+00 9.775542616844177246e-01 1.126174807548522949e+00
1.718592166900634766e+00 9.175212979316711426e-01 1.057102799415588379e+00
1.615975379943847656e+00 1.064020633697509766e+00 1.112659096717834473e+00
1.682224273681640625e+00 1.042647719383239746e+00 1.104024767875671387e+00
1.613702178001403809e+00 1.044609546661376953e+00 1.129392862319946289e+00
1.632761597633361816e+00 1.028875708580017090e+00 1.026987075805664062e+00
1.597339153289794922e+00 9.798787236213684082e-01 1.074917078018188477e+00
1.589731931686401367e+00 1.039667367935180664e+00 1.074176311492919922e+00
1.747136354446411133e+00 1.005083084106445312e+00 1.072783231735229492e+00
1.659827828407287598e+00 1.015164613723754883e+00 1.105491876602172852e+00
1.651959896087646484e+00 1.048609495162963867e+00 1.146893620491027832e+00
1.686008334159851074e+00 1.065730810165405273e+00 1.097731351852416992e+00
1.733718395233154297e+00 9.245116114616394043e-01 9.692245125770568848e-01
1.657075285911560059e+00 1.068444490432739258e+00 1.090511441230773926e+00
1.718156695365905762e+00 9.789675474166870117e-01 1.041689038276672363e+00
1.647505164146423340e+00 9.906543493270874023e-01 1.109885215759277344e+00
1.694388151168823242e+00 1.035033822059631348e+00 1.103633522987365723e+00
1.564520597457885742e+00 1.060389161109924316e+00 1.098433375358581543e+00
1.684418439865112305e+00 9.446496963500976562e-01 1.108715057373046875e+00
1.713581442832946777e+00 9.940687417984008789e-01 9.890251755714416504e-01
1.611704111099243164e+00 9.988017678260803223e-01 1.140277385711669922e+00
1.678495407104492188e+00 9.982849955558776855e-01 1.095965266227722168e+00
1.671847224235534668e+00 9.839801788330078125e-01 1.144697070121765137e+00
1.624269127845764160e+00 1.037817478179931641e+00 1.099642038345336914e+00
1.643029093742370605e+00 9.652709364891052246e-01 1.073259353637695312e+00
1.680746436119079590e+00 9.559413790702819824e-01 1.181261897087097168e+00
1.677288651466369629e+00 9.810840487480163574e-01 9.845625758171081543e-01
1.661647319793701172e+00 9.939736127853393555e-01 1.114158987998962402e+00
1.697749257087707520e+00 1.041460275650024414e+00 1.136693954467773438e+00
1.680774211883544922e+00 9.695488810539245605e-01 1.081762194633483887e+00
1.593254566192626953e+00 1.003538489341735840e+00 1.108023166656494141e+00
1.680019378662109375e+00 9.980763792991638184e-01 1.098944067955017090e+00
1.639481186866760254e+00 9.601002931594848633e-01 1.106669306755065918e+00
1.607038736343383789e+00 9.847072958946228027e-01 1.126517057418823242e+00
1.739175200462341309e+00 1.034725427627563477e+00 1.148684740066528320e+00
1.614252567291259766e+00 1.021396994590759277e+00 1.086701273918151855e+00
1.718226552009582520e+00 1.008793950080871582e+00 1.021367311477661133e+00
1.676870226860046387e+00 9.903348088264465332e-01 1.064331054687500000e+00
1.620349764823913574e+00 1.105355620384216309e+00 1.147400140762329102e+00
1.721898555755615234e+00 9.694880247116088867e-01 1.065661191940307617e+00
1.684691071510314941e+00 9.242436885833740234e-01 1.039426445960998535e+00
1.602758407592773438e+00 9.812690019607543945e-01 1.104945778846740723e+00
1.674766659736633301e+00 9.463319182395935059e-01 1.126116633415222168e+00
1.604764223098754883e+00 9.597390890121459961e-01 1.121378779411315918e+00
1.624737143516540527e+00 9.913837909698486328e-01 1.184959769248962402e+00
1.682419896125793457e+00 1.024931311607360840e+00 1.045035362243652344e+00
1.701620578765869141e+00 1.076445579528808594e+00 9.764090180397033691e-01
1.663252830505371094e+00 9.747065901756286621e-01 1.112084865570068359e+00
1.562924742698669434e+00 1.032294869422912598e+00 1.069967150688171387e+00
1.647520661354064941e+00 1.031451344490051270e+00 1.089713692665100098e+00
1.670128464698791504e+00 1.007945895195007324e+00 1.138581037521362305e+00
1.620840549468994141e+00 1.061317920684814453e+00 1.091557621955871582e+00
1.629049301147460938e+00 1.002830505371093750e+00 1.035706162452697754e+00
1.633357763290405273e+00 1.033421754837036133e+00 1.034781813621520996e+00
1.622224330902099609e+00 1.008759617805480957e+00 1.122136950492858887e+00
1.648142099380493164e+00 9.893043041229248047e-01 1.075661659240722656e+00
1.643845915794372559e+00 1.043059825897216797e+00 1.017909526824951172e+00
1.707466959953308105e+00 1.068752527236938477e+00 1.053744316101074219e+00
1.678251624107360840e+00 9.831069111824035645e-01 9.461044669151306152e-01
1.665979146957397461e+00 1.076126217842102051e+00 1.112486243247985840e+00
1.680132985115051270e+00 9.394100904464721680e-01 1.103994369506835938e+00
1.686807036399841309e+00 1.101616978645324707e+00 1.044058084487915039e+00
1.655729532241821289e+00 1.081499218940734863e+00 9.835704565048217773e-01
1.725714206695556641e+00 1.030568003654479980e+00 1.062854886054992676e+00
1.772459626197814941e+00 9.664396643638610840e-01 1.106313228607177734e+00
1.704039216041564941e+00 1.004992723464965820e+00 1.054637670516967773e+00
1.615700244903564453e+00 1.059949994087219238e+00 1.089541912078857422e+00
1.651779651641845703e+00 9.547001719474792480e-01 1.008532285690307617e+00
1.745101451873779297e+00 1.036182761192321777e+00 1.155527830123901367e+00
1.601207256317138672e+00 1.048597097396850586e+00 9.884544610977172852e-01
1.643702745437622070e+00 1.015795946121215820e+00 1.115962624549865723e+00
1.707223534584045410e+00 1.049440979957580566e+00 1.102952718734741211e+00
1.645188927650451660e+00 9.689887762069702148e-01 1.106129884719848633e+00
1.710726499557495117e+00 9.681009054183959961e-01 1.152412414550781250e+00
1.662980794906616211e+00 1.027907967567443848e+00 1.102051615715026855e+00
1.670276880264282227e+00 9.625728130340576172e-01 9.833464026451110840e-01
1.662643313407897949e+00 1.065488934516906738e+00 1.053120970726013184e+00
1.681540608406066895e+00 1.018761038780212402e+00 9.958596825599670410e-01
1.649585962295532227e+00 9.254282712936401367e-01 1.006046056747436523e+00
1.554545283317565918e+00 9.631077051162719727e-01 1.028586506843566895e+00
1.692154288291931152e+00 1.007160186767578125e+00 9.735469222068786621e-01
1.699824333190917969e+00 9.537878632545471191e-01 1.143533349037170410e+00
1.731119394302368164e+00 1.036072134971618652e+00 1.047148704528808594e+00
1.655344009399414062e+00 9.939748048782348633e-01 1.019409060478210449e+00
1.693246006965637207e+00 1.044780015945434570e+00 1.097733974456787109e+00
1.649397850036621094e+00 1.026035428047180176e+00 1.063953042030334473e+00
1.621081590652465820e+00 9.853264093399047852e-01 1.072183966636657715e+00
1.627769231796264648e+00 9.793198704719543457e-01 1.162079930305480957e+00
1.628805875778198242e+00 9.831845760345458984e-01 1.109639286994934082e+00
1.663522124290466309e+00 9.581535458564758301e-01 1.092491388320922852e+00
1.727668762207031250e+00 1.005465745925903320e+00 1.091357231140136719e+00
1.707619309425354004e+00 1.042787313461303711e+00 1.111863732337951660e+00
1.647268533706665039e+00 1.027353644371032715e+00 1.059336543083190918e+00
1.748619198799133301e+00 1.047895193099975586e+00 9.942618608474731445e-01
1.645776629447937012e+00 1.022751450538635254e+00 1.123019576072692871e+00
1.578940629959106445e+00 9.752741456031799316e-01 1.027466654777526855e+00
1.670339584350585938e+00 9.953086376190185547e-01 1.079541563987731934e+00
1.688089251518249512e+00 1.064939498901367188e+00 1.041397094726562500e+00
1.587725877761840820e+00 1.091492176055908203e+00 1.232025027275085449e+00
1.626807451248168945e+00 9.649599790573120117e-01 1.023683667182922363e+00
1.665865182876586914e+00 9.140561819076538086e-01 1.038214206695556641e+00
1.695660829544067383e+00 9.879516363143920898e-01 1.024655818939208984e+00
1.724546909332275391e+00 1.034296035766601562e+00 1.144814610481262207e+00
1.656157374382019043e+00 1.055799365043640137e+00 1.072940826416015625e+00
1.729077100753784180e+00 1.009681105613708496e+00 1.098089337348937988e+00
1.669953703880310059e+00 1.023235082626342773e+00 1.210282683372497559e+00
1.729216098785400391e+00 1.088967323303222656e+00 1.123339533805847168e+00
1.662054419517517090e+00 1.066906571388244629e+00 1.147115230560302734e+00
1.642531991004943848e+00 9.605168700218200684e-01 1.191730499267578125e+00
1.703944206237792969e+00 9.294993877410888672e-01 1.045959591865539551e+00
1.665210843086242676e+00 1.015749812126159668e+00 1.097748041152954102e+00
1.718194127082824707e+00 9.873585700988769531e-01 1.170295000076293945e+00
1.637318253517150879e+00 9.850780963897705078e-01 1.175532460212707520e+00
1.710780620574951172e+00 1.012883901596069336e+00 1.058453440666198730e+00
1.698327064514160156e+00 1.070224642753601074e+00 9.898768663406372070e-01
1.640159726142883301e+00 1.010846138000488281e+00 1.021168947219848633e+00
1.659372210502624512e+00 1.024086833000183105e+00 1.118179917335510254e+00
1.697179675102233887e+00 9.741131067276000977e-01 1.147414326667785645e+00
1.639097929000854492e+00 1.001825809478759766e+00 1.073495030403137207e+00
1.631764173507690430e+00 1.006932258605957031e+00 1.105588436126708984e+00
1.609053015708923340e+00 1.007907271385192871e+00 1.156731247901916504e+00
1.647800207138061523e+00 9.552676081657409668e-01 1.081537246704101562e+00
1.623933196067810059e+00 1.019814491271972656e+00 1.027699232101440430e+00
1.666969060897827148e+00 1.021265029907226562e+00 9.980412721633911133e-01
1.650857567787170410e+00 1.117977976799011230e+00 1.099358081817626953e+00
1.737395167350769043e+00 1.007988929748535156e+00 1.089273571968078613e+00
1.640397667884826660e+00 1.070167303085327148e+00 1.047711133956909180e+00
1.760385990142822266e+00 1.060885071754455566e+00 1.167922019958496094e+00
1.686507463455200195e+00 9.919758439064025879e-01 1.094670772552490234e+00
1.572480082511901855e+00 9.759616255760192871e-01 1.142609953880310059e+00
1.724416851997375488e+00 9.270874857902526855e-01 1.090664386749267578e+00
1.639439225196838379e+00 9.584924578666687012e-01 1.183400869369506836e+00
1.694814562797546387e+00 1.022233724594116211e+00 1.027720332145690918e+00
1.629680633544921875e+00 9.515593647956848145e-01 1.083881139755249023e+00
1.723990201950073242e+00 1.109311819076538086e+00 1.062391400337219238e+00
1.696146488189697266e+00 9.656429290771484375e-01 1.054286360740661621e+00
1.611974358558654785e+00 1.092106938362121582e+00 1.108248233795166016e+00
1.593262791633605957e+00 1.080150008201599121e+00 1.041877031326293945e+00
1.621126890182495117e+00 9.905951023101806641e-01 1.143072009086608887e+00
1.646376609802246094e+00 1.065072298049926758e+00 1.056518316268920898e+00
1.597007751464843750e+00 1.083134293556213379e+00 1.046508789062500000e+00
1.646875977516174316e+00 9.218168854713439941e-01 1.161313533782958984e+00
1.756357669830322266e+00 1.020089983940124512e+00 1.126538157463073730e+00
1.732714772224426270e+00 1.048250794410705566e+00 1.023709654808044434e+00
1.634892106056213379e+00 9.717550277709960938e-01 1.094646692276000977e+00
1.712414741516113281e+00 1.035884737968444824e+00 1.156413316726684570e+00
1.642928957939147949e+00 1.047772407531738281e+00 1.151689648628234863e+00
1.619068384170532227e+00 1.043380618095397949e+00 1.061970591545104980e+00
1.628056287765502930e+00 1.081195354461669922e+00 1.177622795104980469e+00
1.643250346183776855e+00 1.044082403182983398e+00 1.029135346412658691e+00
1.681618213653564453e+00 1.063040852546691895e+00 1.058143138885498047e+00
1.672801971435546875e+00 9.712347388267517090e-01 1.047048926353454590e+00
1.637378096580505371e+00 1.026301503181457520e+00 1.067213416099548340e+00
1.671190977096557617e+00 1.030392408370971680e+00 9.994324445724487305e-01
1.675093054771423340e+00 1.058000087738037109e+00 1.096152782440185547e+00
1.721849441528320312e+00 9.933317303657531738e-01 1.090440869331359863e+00
1.675279140472412109e+00 1.084948062896728516e+00 1.156454563140869141e+00
1.589009761810302734e+00 1.021320223808288574e+00 1.085134506225585938e+00
1.577500581741333008e+00 1.021367549896240234e+00 1.122589826583862305e+00
1.657528042793273926e+00 9.535534381866455078e-01 1.096762061119079590e+00
1.601818084716796875e+00 9.886217117309570312e-01 1.132688522338867188e+00
1.783897042274475098e+00 1.084066390991210938e+00 1.096346735954284668e+00
1.575967907905578613e+00 1.007344961166381836e+00 1.099412083625793457e+00
1.661049246788024902e+00 9.658811688423156738e-01 1.133344054222106934e+00
1.644121885299682617e+00 1.062276959419250488e+00 1.057439446449279785e+00
1.639761805534362793e+00 1.009051084518432617e+00 1.024792075157165527e+00
1.694808006286621094e+00 1.065974354743957520e+00 1.086431860923767090e+00
1.675352454185485840e+00 1.012623548507690430e+00 1.071132302284240723e+00
1.555652260780334473e+00 1.080490350723266602e+00 1.150181055068969727e+00
1.728217601776123047e+00 9.806984066963195801e-01 1.162390947341918945e+00
1.676945328712463379e+00 9.863736629486083984e-01 1.110753893852233887e+00
1.692075371742248535e+00 1.020490884780883789e+00 9.949535131454467773e-01
1.614673376083374023e+00 9.603028297424316406e-01 1.058114290237426758e+00
1.714155912399291992e+00 1.012526988983154297e+00 9.680082798004150391e-01
1.680260658264160156e+00 1.058081150054931641e+00 1.087409496307373047e+00
1.636178493499755859e+00 1.053310155868530273e+00 1.035250067710876465e+00
1.638980865478515625e+00 1.072357654571533203e+00 1.111915588378906250e+00
1.626576900482177734e+00 1.008683204650878906e+00 1.032658338546752930e+00
1.628988981246948242e+00 1.067697525024414062e+00 1.175113320350646973e+00
1.697980642318725586e+00 1.078650116920471191e+00 1.091321110725402832e+00
1.629047751426696777e+00 1.073366641998291016e+00 1.216560602188110352e+00
1.644909024238586426e+00 1.057250261306762695e+00 1.007532835006713867e+00
1.581101655960083008e+00 9.826555848121643066e-01 1.079549789428710938e+00
1.604372501373291016e+00 1.033049225807189941e+00 1.033493399620056152e+00
1.701905608177185059e+00 1.056828498840332031e+00 1.156417727470397949e+00
1.701691865921020508e+00 1.042700052261352539e+00 1.128160834312438965e+00
1.700889229774475098e+00 1.013220310211181641e+00 1.080239772796630859e+00
1.651726961135864258e+00 1.042772054672241211e+00 1.052681207656860352e+00
1.632028937339782715e+00 1.034409046173095703e+00 1.093692898750305176e+00
1.735779404640197754e+00 9.807843565940856934e-01 1.059172153472900391e+00
1.657900929450988770e+00 1.024834752082824707e+00 1.170989274978637695e+00
1.768763065338134766e+00 1.064063191413879395e+00 1.114691615104675293e+00
1.655201554298400879e+00 1.042943835258483887e+00 1.040239810943603516e+00
1.676648974418640137e+00 1.035387635231018066e+00 1.117294430732727051e+00
1.675397276878356934e+00 1.056190967559814453e+00 1.094366669654846191e+00
1.670213818550109863e+00 1.069493889808654785e+00 1.180375576019287109e+00
1.707505583763122559e+00 1.020446538925170898e+00 1.178277969360351562e+00
1.693515300750732422e+00 1.035262227058410645e+00 1.080758213996887207e+00
1.640456914901733398e+00 1.030466437339782715e+00 1.083307027816772461e+00
1.666940093040466309e+00 1.057602047920227051e+00 9.997115135192871094e-01
1.574253201484680176e+00 1.021309018135070801e+00 1.153906464576721191e+00
1.716629624366760254e+00 1.022204041481018066e+00 1.142930507659912109e+00
1.697932958602905273e+00 1.072280168533325195e+00 1.029843926429748535e+00
1.686294555664062500e+00 1.069549202919006348e+00 1.127050876617431641e+00
1.610270380973815918e+00 1.052390813827514648e+00 1.167580127716064453e+00
1.678943395614624023e+00 1.047580361366271973e+00 1.107824206352233887e+00
1.671198248863220215e+00 1.028349518775939941e+00 1.166241168975830078e+00
1.789224982261657715e+00 1.097150206565856934e+00 1.012708187103271484e+00
1.619184017181396484e+00 9.770798087120056152e-01 1.144248723983764648e+00
1.648306012153625488e+00 9.546396732330322266e-01 1.163529396057128906e+00
1.642402052879333496e+00 1.116269946098327637e+00 1.139810085296630859e+00
1.584741950035095215e+00 9.963858127593994141e-01 1.091004014015197754e+00
1.756149172782897949e+00 1.009471178054809570e+00 1.067139148712158203e+00
1.679586172103881836e+00 1.043520927429199219e+00 1.088821053504943848e+00
1.594428658485412598e+00 1.090797781944274902e+00 1.157903313636779785e+00
1.645706176757812500e+00 1.084843158721923828e+00 1.150465488433837891e+00
1.575736165046691895e+00 1.025326609611511230e+00 1.068638801574707031e+00
1.749655723571777344e+00 1.005681872367858887e+00 1.117576479911804199e+00
1.707940816879272461e+00 1.031484484672546387e+00 1.067260742187500000e+00
1.672099590301513672e+00 1.031625151634216309e+00 1.114249706268310547e+00
1.656666517257690430e+00 1.083619832992553711e+00 1.112064957618713379e+00
1.682034730911254883e+00 1.004898071289062500e+00 1.030704975128173828e+00
1.638861894607543945e+00 9.941677451133728027e-01 1.004147529602050781e+00
1.725396871566772461e+00 1.053068995475769043e+00 1.178382635116577148e+00
1.656288385391235352e+00 1.066068530082702637e+00 1.179464221000671387e+00
1.616987824440002441e+00 1.014550924301147461e+00 1.098857760429382324e+00
1.719123601913452148e+00 1.046360731124877930e+00 1.046391367912292480e+00
1.817773938179016113e+00 1.067356944084167480e+00 1.046997189521789551e+00
1.670822501182556152e+00 1.091023921966552734e+00 1.141257286071777344e+00
1.694321990013122559e+00 1.001076817512512207e+00 1.061680674552917480e+00
1.661456823348999023e+00 1.100386261940002441e+00 1.159817695617675781e+00
1.670754909515380859e+00 1.024560689926147461e+00 1.147533178329467773e+00
1.737081885337829590e+00 1.033008217811584473e+00 1.118758082389831543e+00
1.688827514648437500e+00 1.029841780662536621e+00 1.077559828758239746e+00
1.678778886795043945e+00 1.057508707046508789e+00 1.171615719795227051e+00
1.625127911567687988e+00 1.032763600349426270e+00 1.083539843559265137e+00
1.660541534423828125e+00 1.066252946853637695e+00 1.158764243125915527e+00
1.562499761581420898e+00 1.064500927925109863e+00 1.139469623565673828e+00
1.674919128417968750e+00 1.050812602043151855e+00 1.124888181686401367e+00
1.663309693336486816e+00 9.946021437644958496e-01 1.071283221244812012e+00
1.644121766090393066e+00 1.112937450408935547e+00 1.054299235343933105e+00
1.680536150932312012e+00 1.110844016075134277e+00 1.080000400543212891e+00
1.695069909095764160e+00 9.823408126831054688e-01 1.141265988349914551e+00
1.718880772590637207e+00 9.515227675437927246e-01 1.089709043502807617e+00
1.643025875091552734e+00 1.027765274047851562e+00 1.123626112937927246e+00
1.677776694297790527e+00 1.071196675300598145e+00 1.096450567245483398e+00
1.639955282211303711e+00 9.734388589859008789e-01 1.020705580711364746e+00
1.605888485908508301e+00 1.102607846260070801e+00 1.113826036453247070e+00
1.686651587486267090e+00 1.023739099502563477e+00 1.058427214622497559e+00
1.687888860702514648e+00 1.024824380874633789e+00 1.144592523574829102e+00
1.665847301483154297e+00 1.039053320884704590e+00 1.115105867385864258e+00
1.686160564422607422e+00 1.065636873245239258e+00 1.095820903778076172e+00
1.664266943931579590e+00 1.038415789604187012e+00 1.039146065711975098e+00
1.634020686149597168e+00 9.915956854820251465e-01 1.133210420608520508e+00
1.572908759117126465e+00 1.037940859794616699e+00 1.041552305221557617e+00
1.739230036735534668e+00 9.754709005355834961e-01 1.021847605705261230e+00
1.666964411735534668e+00 1.120457649230957031e+00 1.121289849281311035e+00
1.671347618103027344e+00 1.017089962959289551e+00 1.054188847541809082e+00
1.583327054977416992e+00 1.050732016563415527e+00 1.173689246177673340e+00
1.702912092208862305e+00 9.858837723731994629e-01 1.122457385063171387e+00
1.582433938980102539e+00 9.559841752052307129e-01 1.096713423728942871e+00
1.645829200744628906e+00 9.682607650756835938e-01 1.183806538581848145e+00
1.666680574417114258e+00 1.058678388595581055e+00 1.099454879760742188e+00
1.677669405937194824e+00 1.010804057121276855e+00 1.014363884925842285e+00
1.743411064147949219e+00 1.072662949562072754e+00 9.899117350578308105e-01
1.697345852851867676e+00 1.071389555931091309e+00 1.105835556983947754e+00
1.666270494461059570e+00 9.920330047607421875e-01 1.083765149116516113e+00
1.669483661651611328e+00 1.053944587707519531e+00 1.133414745330810547e+00
1.760622262954711914e+00 1.030248522758483887e+00 1.114149451255798340e+00
1.721940994262695312e+00 9.832668304443359375e-01 1.089762091636657715e+00
1.650498747825622559e+00 1.020029067993164062e+00 1.123790264129638672e+00
1.581714749336242676e+00 1.091592431068420410e+00 1.065935969352722168e+00
1.666242361068725586e+00 9.933174252510070801e-01 1.098061203956604004e+00
1.687978386878967285e+00 1.091130852699279785e+00 1.078206300735473633e+00
1.646536707878112793e+00 1.015973448753356934e+00 1.186872482299804688e+00
1.659585595130920410e+00 1.051928877830505371e+00 1.101780772209167480e+00
1.746097087860107422e+00 1.067490816116333008e+00 1.036717772483825684e+00
1.671818614006042480e+00 1.080616474151611328e+00 1.081115245819091797e+00
1.663004517555236816e+00 1.051337599754333496e+00 1.149762034416198730e+00
1.607238173484802246e+00 1.001872420310974121e+00 1.100113749504089355e+00
1.678045988082885742e+00 1.010524749755859375e+00 1.129041671752929688e+00
1.729910016059875488e+00 1.010803341865539551e+00 1.059809803962707520e+00
1.713716626167297363e+00 1.065639138221740723e+00 1.105455160140991211e+00
1.728659987449645996e+00 1.017204523086547852e+00 1.098740816116333008e+00
1.690958142280578613e+00 1.089879512786865234e+00 1.102057218551635742e+00
1.694194555282592773e+00 1.068787455558776855e+00 1.063369154930114746e+00
1.740326404571533203e+00 1.005503296852111816e+00 1.148682475090026855e+00
1.630248069763183594e+00 1.021350860595703125e+00 1.153251886367797852e+00
1.730204701423645020e+00 1.003948450088500977e+00 1.124304652214050293e+00
1.659717679023742676e+00 1.051936745643615723e+00 1.098347187042236328e+00
1.637313485145568848e+00 9.987391829490661621e-01 1.060710430145263672e+00
1.737213850021362305e+00 1.036071419715881348e+00 1.049075007438659668e+00
1.675986766815185547e+00 1.035416126251220703e+00 1.233141541481018066e+00
1.711354374885559082e+00 1.007751464843750000e+00 1.161664724349975586e+00
1.723098158836364746e+00 9.733251929283142090e-01 1.128406286239624023e+00
1.726106405258178711e+00 1.021548748016357422e+00 1.114943981170654297e+00
1.666748762130737305e+00 1.006154417991638184e+00 1.193877458572387695e+00
1.697462558746337891e+00 1.062450051307678223e+00 1.163195967674255371e+00
1.678715705871582031e+00 1.071548581123352051e+00 1.118753314018249512e+00
1.692751407623291016e+00 1.032156229019165039e+00 1.063490271568298340e+00
1.750315785408020020e+00 1.021382689476013184e+00 1.081031084060668945e+00
1.657021760940551758e+00 1.020002245903015137e+00 1.055693507194519043e+00
1.588501095771789551e+00 1.036266088485717773e+00 1.098693013191223145e+00
1.637675046920776367e+00 1.009435176849365234e+00 1.061360836029052734e+00
1.702914953231811523e+00 1.145510315895080566e+00 1.113256335258483887e+00
1.568214535713195801e+00 1.067216753959655762e+00 1.110294342041015625e+00
1.761608719825744629e+00 1.035232424736022949e+00 1.098268866539001465e+00
1.683834910392761230e+00 1.043120622634887695e+00 1.073475718498229980e+00
1.607700467109680176e+00 1.026292562484741211e+00 9.791617989540100098e-01
1.658267736434936523e+00 1.053777217864990234e+00 1.077888250350952148e+00
1.615699648857116699e+00 9.675618410110473633e-01 1.144453525543212891e+00
1.753426313400268555e+00 1.058942079544067383e+00 1.100678920745849609e+00
1.686409354209899902e+00 1.047900676727294922e+00 1.085291385650634766e+00
1.613126873970031738e+00 1.028969764709472656e+00 1.066792011260986328e+00
1.687467575073242188e+00 1.047275543212890625e+00 1.133544802665710449e+00
1.591970443725585938e+00 9.862110018730163574e-01 1.178912520408630371e+00
1.606301665306091309e+00 1.112566113471984863e+00 1.104257106781005859e+00
1.694397091865539551e+00 1.059736132621765137e+00 1.127832412719726562e+00
1.722165584564208984e+00 1.049840450286865234e+00 1.137076854705810547e+00
1.743082880973815918e+00 1.115331053733825684e+00 1.175882577896118164e+00
1.652285575866699219e+00 1.011520743370056152e+00 1.095678806304931641e+00
1.694616198539733887e+00 9.773269295692443848e-01 1.066458344459533691e+00
1.629771113395690918e+00 1.147027850151062012e+00 1.090785861015319824e+00
1.662663459777832031e+00 1.036953210830688477e+00 1.081719994544982910e+00
1.739046216011047363e+00 9.657340645790100098e-01 1.066090345382690430e+00
1.624329805374145508e+00 1.024755835533142090e+00 1.163069248199462891e+00
1.669481039047241211e+00 1.014260411262512207e+00 1.150108933448791504e+00
1.687436103820800781e+00 1.050745368003845215e+00 1.162637472152709961e+00
1.682700991630554199e+00 1.099679350852966309e+00 1.099095582962036133e+00
1.624954342842102051e+00 1.052982330322265625e+00 1.097919940948486328e+00
1.673021554946899414e+00 1.086002945899963379e+00 1.031943917274475098e+00
1.742230176925659180e+00 1.017709732055664062e+00 1.159364223480224609e+00
1.763008832931518555e+00 1.038430571556091309e+00 1.073252320289611816e+00
1.637318611145019531e+00 1.079179286956787109e+00 1.133215308189392090e+00
1.708764553070068359e+00 9.784535169601440430e-01 1.099472999572753906e+00
1.611970782279968262e+00 1.005630254745483398e+00 1.084826111793518066e+00
1.620504021644592285e+00 1.090692758560180664e+00 1.127197980880737305e+00
1.645016193389892578e+00 1.001091361045837402e+00 1.071721076965332031e+00
1.696471571922302246e+00 1.052383422851562500e+00 1.114365696907043457e+00
1.596002101898193359e+00 1.082482695579528809e+00 1.116190075874328613e+00
1.646162986755371094e+00 1.087263226509094238e+00 1.084639549255371094e+00
1.698974251747131348e+00 9.976564645767211914e-01 1.099763989448547363e+00
1.688341021537780762e+00 1.066484808921813965e+00 1.137534379959106445e+00
1.636715531349182129e+00 1.076920986175537109e+00 1.170424699783325195e+00
1.693981528282165527e+00 1.062789320945739746e+00 1.053628802299499512e+00
1.706056594848632812e+00 1.099282026290893555e+00 1.117698311805725098e+00
1.658280253410339355e+00 1.047244429588317871e+00 1.081102609634399414e+00
1.611666798591613770e+00 1.067769169807434082e+00 1.134628772735595703e+00
1.616247415542602539e+00 1.007578611373901367e+00 1.143706321716308594e+00
1.764244079589843750e+00 1.107597231864929199e+00 1.133796930313110352e+00
1.698034882545471191e+00 1.084413647651672363e+00 1.127557873725891113e+00
1.593087315559387207e+00 1.077773928642272949e+00 1.039517283439636230e+00
1.679759979248046875e+00 1.045856356620788574e+00 1.076181411743164062e+00
1.678341865539550781e+00 1.067550778388977051e+00 1.119060873985290527e+00
1.727512359619140625e+00 9.843441247940063477e-01 1.136660575866699219e+00
1.646291851997375488e+00 1.070323109626770020e+00 1.158285498619079590e+00
1.570037007331848145e+00 1.076183676719665527e+00 1.153761506080627441e+00
1.608440279960632324e+00 1.031427741050720215e+00 1.138415694236755371e+00
1.583139061927795410e+00 1.021635890007019043e+00 1.080602407455444336e+00
1.683653235435485840e+00 1.017896175384521484e+00 1.010043144226074219e+00
1.642750382423400879e+00 1.003270506858825684e+00 1.129934906959533691e+00
1.697317361831665039e+00 1.087830901145935059e+00 1.110845446586608887e+00
1.607016444206237793e+00 1.067169427871704102e+00 1.122890233993530273e+00
1.659960269927978516e+00 1.043984532356262207e+00 1.123413562774658203e+00
1.687962770462036133e+00 1.023161053657531738e+00 1.178360700607299805e+00
1.669422149658203125e+00 1.001562237739562988e+00 1.066094636917114258e+00
1.693248867988586426e+00 1.004162907600402832e+00 1.059898495674133301e+00
1.637134790420532227e+00 1.139175415039062500e+00 1.218552231788635254e+00
1.693264842033386230e+00 1.052447557449340820e+00 1.131124258041381836e+00
1.703498959541320801e+00 1.082525253295898438e+00 1.116878628730773926e+00
1.632948875427246094e+00 1.092692494392395020e+00 1.097756743431091309e+00
1.645998835563659668e+00 1.105771064758300781e+00 1.078291058540344238e+00
1.673729300498962402e+00 1.125446915626525879e+00 1.030018687248229980e+00
1.728652119636535645e+00 1.017247676849365234e+00 1.087232112884521484e+00
1.696990370750427246e+00 1.107125401496887207e+00 1.097722291946411133e+00
1.590227961540222168e+00 9.722793102264404297e-01 1.098073363304138184e+00
1.685077905654907227e+00 9.979047775268554688e-01 1.128168106079101562e+00
1.744401812553405762e+00 1.076079249382019043e+00 1.131618380546569824e+00
1.558722734451293945e+00 1.097074747085571289e+00 1.126254558563232422e+00
1.682922959327697754e+00 1.045935273170471191e+00 1.043329715728759766e+00
1.679072618484497070e+00 1.008485555648803711e+00 1.174619317054748535e+00
1.700551986694335938e+00 1.072740077972412109e+00 1.184041857719421387e+00
1.688684344291687012e+00 1.109001636505126953e+00 1.155535340309143066e+00
1.669284939765930176e+00 1.030041694641113281e+00 1.086642980575561523e+00
1.649232506752014160e+00 1.098961830139160156e+00 1.085735678672790527e+00
1.667971611022949219e+00 1.059791684150695801e+00 1.122219562530517578e+00
1.645415544509887695e+00 1.139240503311157227e+00 1.190242052078247070e+00
1.712917089462280273e+00 1.061349034309387207e+00 1.118557810783386230e+00
1.602417945861816406e+00 1.026657223701477051e+00 1.104942083358764648e+00
1.669366478919982910e+00 1.035761952400207520e+00 1.059477210044860840e+00
1.646586298942565918e+00 1.117344856262207031e+00 1.116542696952819824e+00
1.565284609794616699e+00 1.018443346023559570e+00 1.052433490753173828e+00
1.746170043945312500e+00 1.026535511016845703e+00 1.077998518943786621e+00
1.744638919830322266e+00 9.693885445594787598e-01 1.150161385536193848e+00
1.606403231620788574e+00 1.024079442024230957e+00 1.094040036201477051e+00
1.710161328315734863e+00 1.082742691040039062e+00 1.080976843833923340e+00
1.710536479949951172e+00 1.077368974685668945e+00 1.060487508773803711e+00
1.686161518096923828e+00 1.024941682815551758e+00 9.780447483062744141e-01
1.718217134475708008e+00 1.090294241905212402e+00 1.175521373748779297e+00
1.740600466728210449e+00 1.016929507255554199e+00 1.168812990188598633e+00
1.686603426933288574e+00 1.087244153022766113e+00 1.063830852508544922e+00
1.652772307395935059e+00 1.173619508743286133e+00 1.080377697944641113e+00
1.698889255523681641e+00 1.076736688613891602e+00 1.018775463104248047e+00
1.622723221778869629e+00 1.071929097175598145e+00 1.076786279678344727e+00
1.712163805961608887e+00 1.057111382484436035e+00 1.080974698066711426e+00
1.664419770240783691e+00 1.070820808410644531e+00 1.137652039527893066e+00
1.619392871856689453e+00 1.058016657829284668e+00 1.165467619895935059e+00
1.747184038162231445e+00 1.076935887336730957e+00 1.121069908142089844e+00
1.617918014526367188e+00 1.028942584991455078e+00 1.144296050071716309e+00
1.821805715560913086e+00 1.024531602859497070e+00 1.160838127136230469e+00
1.629840016365051270e+00 1.098627924919128418e+00 1.095483779907226562e+00
1.665968060493469238e+00 1.052099704742431641e+00 1.057734847068786621e+00
1.641091227531433105e+00 1.044061422348022461e+00 1.189537882804870605e+00
1.700719118118286133e+00 1.098125934600830078e+00 1.146554827690124512e+00
1.649964809417724609e+00 1.073183298110961914e+00 1.106621026992797852e+00
1.710571050643920898e+00 1.066628336906433105e+00 1.274916648864746094e+00
1.653471231460571289e+00 1.104790806770324707e+00 1.076426744461059570e+00
1.647167563438415527e+00 1.071327924728393555e+00 1.086008667945861816e+00
1.642410278320312500e+00 9.822847247123718262e-01 1.083191156387329102e+00
1.576857209205627441e+00 1.093534111976623535e+00 1.022457480430603027e+00
1.715592503547668457e+00 1.073663830757141113e+00 1.033828258514404297e+00
1.727859258651733398e+00 1.083258152008056641e+00 1.150007009506225586e+00
1.642814278602600098e+00 1.092798709869384766e+00 1.004660129547119141e+00
1.744542479515075684e+00 1.121180295944213867e+00 1.056359767913818359e+00
1.675904631614685059e+00 1.038302659988403320e+00 1.108756184577941895e+00
1.739048600196838379e+00 1.042572855949401855e+00 1.072275280952453613e+00
1.637278556823730469e+00 1.050038099288940430e+00 1.157785773277282715e+00
1.657047510147094727e+00 1.030368089675903320e+00 1.005752086639404297e+00
1.613823413848876953e+00 1.085736036300659180e+00 1.102831840515136719e+00
1.643048644065856934e+00 1.092413902282714844e+00 1.167078733444213867e+00
1.592455029487609863e+00 1.052496790885925293e+00 1.160642862319946289e+00
1.626480579376220703e+00 1.056420087814331055e+00 1.169453382492065430e+00
1.607203483581542969e+00 1.120603799819946289e+00 1.170103907585144043e+00
1.635169982910156250e+00 9.975622296333312988e-01 1.109318733215332031e+00
1.630458950996398926e+00 9.899756312370300293e-01 1.117233037948608398e+00
1.603071331977844238e+00 1.130373716354370117e+00 1.198932766914367676e+00
1.648351907730102539e+00 1.044800400733947754e+00 1.049243450164794922e+00
1.658706665039062500e+00 1.063455343246459961e+00 1.042355179786682129e+00
1.652521371841430664e+00 1.047048926353454590e+00 1.164538502693176270e+00
1.764344215393066406e+00 1.054834365844726562e+00 1.152059912681579590e+00
1.644137144088745117e+00 1.021371483802795410e+00 1.081322789192199707e+00
1.650263309478759766e+00 1.002837777137756348e+00 1.062790155410766602e+00
1.669953823089599609e+00 1.184304833412170410e+00 1.062405467033386230e+00
1.695111870765686035e+00 1.123270750045776367e+00 1.110470175743103027e+00
1.686198592185974121e+00 1.019158720970153809e+00 1.137452602386474609e+00
1.650971055030822754e+00 1.100703477859497070e+00 1.223927378654479980e+00
1.691729307174682617e+00 1.081325292587280273e+00 1.016211271286010742e+00
1.637252807617187500e+00 1.014533042907714844e+00 1.070451974868774414e+00
1.610150694847106934e+00 1.056248307228088379e+00 1.050550580024719238e+00
1.558752894401550293e+00 1.100796699523925781e+00 1.168385505676269531e+00
1.699768781661987305e+00 1.044092416763305664e+00 1.087657451629638672e+00
1.700620055198669434e+00 1.008618712425231934e+00 1.048664808273315430e+00
1.684494018554687500e+00 1.043351531028747559e+00 1.145059108734130859e+00
1.698107242584228516e+00 1.097956657409667969e+00 1.144814252853393555e+00
1.629918694496154785e+00 1.093059301376342773e+00 1.160457611083984375e+00
1.724311590194702148e+00 1.033144950866699219e+00 1.086118817329406738e+00
1.664266467094421387e+00 1.088687539100646973e+00 1.033639073371887207e+00
1.727445960044860840e+00 1.005068540573120117e+00 1.116717815399169922e+00
1.729400634765625000e+00 1.057269811630249023e+00 1.159688353538513184e+00
1.661726474761962891e+00 9.866341948509216309e-01 1.073248624801635742e+00
1.681965351104736328e+00 1.079057216644287109e+00 1.107244849205017090e+00
1.691355943679809570e+00 1.071386694908142090e+00 1.183710932731628418e+00
1.656994581222534180e+00 1.047241806983947754e+00 1.089829802513122559e+00
1.683836698532104492e+00 1.017191171646118164e+00 1.170821785926818848e+00
1.710081577301025391e+00 1.024087190628051758e+00 1.129093527793884277e+00
1.660756826400756836e+00 1.046337485313415527e+00 1.148572683334350586e+00
1.794745445251464844e+00 1.091373443603515625e+00 1.116486310958862305e+00
1.679317474365234375e+00 1.101415157318115234e+00 1.151726126670837402e+00
1.641056776046752930e+00 1.041787743568420410e+00 1.124353051185607910e+00
1.621027588844299316e+00 1.101404666900634766e+00 1.098248958587646484e+00
1.695617675781250000e+00 1.081307649612426758e+00 1.036887168884277344e+00
1.720201253890991211e+00 1.007081747055053711e+00 1.081261157989501953e+00
1.638468384742736816e+00 1.081296563148498535e+00 1.090014576911926270e+00
1.715152740478515625e+00 1.060829281806945801e+00 1.197154879570007324e+00
1.638107776641845703e+00 9.605812430381774902e-01 1.097181797027587891e+00
1.705550193786621094e+00 1.143397688865661621e+00 1.111094117164611816e+00
1.696293950080871582e+00 1.098713517189025879e+00 1.199475049972534180e+00
1.697131633758544922e+00 1.067045927047729492e+00 1.085634350776672363e+00
1.702011585235595703e+00 1.010891437530517578e+00 1.063538193702697754e+00
1.696622729301452637e+00 1.034425497055053711e+00 1.121557593345642090e+00
1.670783400535583496e+00 1.035891890525817871e+00 1.090478301048278809e+00
1.625316023826599121e+00 1.072429776191711426e+00 1.098829865455627441e+00
1.619620919227600098e+00 1.056384682655334473e+00 1.122817397117614746e+00
1.637002587318420410e+00 1.101957201957702637e+00 1.068505525588989258e+00
1.662759542465209961e+00 1.045950055122375488e+00 1.190303444862365723e+00
1.658720493316650391e+00 1.125119090080261230e+00 1.191882610321044922e+00
1.645692467689514160e+00 1.030089378356933594e+00 1.168910980224609375e+00
1.669359445571899414e+00 1.079853534698486328e+00 1.080363750457763672e+00
1.679276943206787109e+00 1.042644739151000977e+00 1.116986155509948730e+00
1.694666385650634766e+00 1.037733912467956543e+00 1.184903144836425781e+00
1.702893376350402832e+00 9.952855110168457031e-01 1.114992618560791016e+00
1.611472010612487793e+00 1.094079494476318359e+00 1.149214148521423340e+00
1.525576114654541016e+00 1.030477404594421387e+00 1.139473557472229004e+00
1.727530956268310547e+00 1.096828937530517578e+00 1.082002401351928711e+00
1.757097601890563965e+00 1.029134631156921387e+00 1.136348962783813477e+00
1.751354455947875977e+00 1.083712816238403320e+00 1.120235443115234375e+00
1.665201425552368164e+00 1.064860105514526367e+00 1.136618733406066895e+00
1.701768279075622559e+00 1.074688076972961426e+00 1.152408480644226074e+00
1.670394420623779297e+00 1.026052117347717285e+00 1.116864800453186035e+00
1.721371769905090332e+00 1.074478864669799805e+00 1.156295776367187500e+00
1.656218767166137695e+00 1.070727348327636719e+00 1.103614211082458496e+00
1.737945556640625000e+00 1.042100191116333008e+00 1.075638055801391602e+00
1.651786208152770996e+00 1.051890134811401367e+00 1.047545909881591797e+00
1.671088337898254395e+00 1.086935877799987793e+00 1.127296924591064453e+00
1.690103054046630859e+00 1.054453372955322266e+00 1.054936051368713379e+00
1.673944234848022461e+00 1.095731258392333984e+00 1.084254384040832520e+00
1.713298082351684570e+00 1.149598121643066406e+00 1.099511146545410156e+00
1.656898021697998047e+00 1.066046237945556641e+00 1.162505388259887695e+00
1.640033721923828125e+00 1.022574424743652344e+00 1.020959019660949707e+00
1.690392136573791504e+00 1.092812299728393555e+00 1.093494176864624023e+00
1.690789222717285156e+00 1.046066045761108398e+00 1.062390089035034180e+00
1.716556072235107422e+00 1.066479325294494629e+00 1.124347090721130371e+00
1.582421898841857910e+00 1.017049551010131836e+00 1.230919003486633301e+00
1.708651542663574219e+00 1.122899293899536133e+00 1.043951272964477539e+00
1.602826595306396484e+00 1.053911685943603516e+00 1.122223138809204102e+00
1.688386082649230957e+00 1.061020135879516602e+00 1.127132773399353027e+00
1.626009106636047363e+00 1.068802237510681152e+00 1.111784577369689941e+00
1.666824102401733398e+00 1.062471270561218262e+00 1.165631532669067383e+00
1.614126801490783691e+00 1.052411079406738281e+00 1.077283620834350586e+00
1.660626769065856934e+00 1.037668466567993164e+00 1.175087094306945801e+00
1.625600695610046387e+00 1.059043407440185547e+00 1.045445799827575684e+00
1.716163873672485352e+00 1.099480032920837402e+00 1.182835102081298828e+00
1.605768561363220215e+00 1.104852914810180664e+00 1.032050490379333496e+00
1.697916626930236816e+00 1.046704053878784180e+00 1.228832244873046875e+00
1.603472471237182617e+00 1.008036375045776367e+00 1.116198539733886719e+00
1.600189208984375000e+00 1.064649701118469238e+00 1.119833111763000488e+00
1.547926783561706543e+00 1.020387649536132812e+00 1.060474634170532227e+00
1.704884290695190430e+00 1.162149548530578613e+00 1.062535405158996582e+00
1.618924498558044434e+00 1.087207794189453125e+00 1.104195356369018555e+00
1.609219193458557129e+00 1.087848663330078125e+00 1.182687282562255859e+00
1.690718173980712891e+00 1.057095050811767578e+00 1.094644069671630859e+00
1.687462449073791504e+00 1.124094724655151367e+00 1.124099373817443848e+00
1.611181974411010742e+00 1.127258658409118652e+00 1.036841034889221191e+00
1.636971712112426758e+00 1.057789802551269531e+00 1.090530395507812500e+00
1.723084330558776855e+00 1.086840629577636719e+00 1.062610626220703125e+00
1.714815974235534668e+00 1.133550643920898438e+00 1.212898254394531250e+00
1.675982952117919922e+00 1.055556893348693848e+00 1.018492698669433594e+00
1.577161192893981934e+00 1.097357630729675293e+00 1.079806804656982422e+00
1.697881937026977539e+00 1.124849200248718262e+00 1.154241442680358887e+00
1.679909586906433105e+00 1.117813944816589355e+00 1.161215424537658691e+00
1.678147912025451660e+00 1.056430578231811523e+00 1.094201803207397461e+00
1.632854223251342773e+00 1.104986667633056641e+00 1.141246795654296875e+00
1.719809651374816895e+00 1.091859579086303711e+00 1.136855602264404297e+00
1.588421583175659180e+00 1.089015483856201172e+00 1.160176277160644531e+00
1.626250863075256348e+00 1.036152124404907227e+00 1.073785305023193359e+00
1.683772206306457520e+00 1.089444518089294434e+00 1.168742895126342773e+00
1.640876531600952148e+00 1.101963639259338379e+00 1.110602140426635742e+00
1.666646957397460938e+00 1.092641234397888184e+00 1.193071842193603516e+00
1.661468982696533203e+00 1.038517475128173828e+00 1.045476078987121582e+00
1.764948725700378418e+00 1.050615310668945312e+00 1.094032287597656250e+00
1.662218332290649414e+00 1.067360520362854004e+00 1.153910279273986816e+00
1.667628526687622070e+00 1.048890829086303711e+00 1.043579697608947754e+00
1.620706319808959961e+00 1.088611841201782227e+00 1.123991727828979492e+00
1.557802796363830566e+00 1.117312788963317871e+00 1.226548194885253906e+00
1.700621485710144043e+00 1.100527167320251465e+00 1.036206483840942383e+00
1.615154266357421875e+00 1.021798849105834961e+00 1.111079454421997070e+00
1.718241691589355469e+00 1.125301241874694824e+00 1.094521164894104004e+00
1.691648125648498535e+00 1.087125420570373535e+00 1.120603322982788086e+00
1.830166220664978027e+00 1.130206823348999023e+00 1.101453065872192383e+00
1.803573727607727051e+00 1.104262471199035645e+00 1.142736673355102539e+00
1.704293608665466309e+00 1.087942004203796387e+00 1.049208164215087891e+00
1.676667094230651855e+00 1.105983972549438477e+00 1.210656642913818359e+00
1.611039757728576660e+00 9.398473501205444336e-01 1.144773721694946289e+00
1.636060833930969238e+00 1.056800246238708496e+00 1.071772694587707520e+00
1.702408909797668457e+00 1.099717497825622559e+00 1.089579701423645020e+00
1.719296336174011230e+00 1.148557424545288086e+00 1.117619156837463379e+00
1.701225161552429199e+00 1.058911085128784180e+00 1.139995455741882324e+00
1.692153334617614746e+00 1.088186383247375488e+00 1.147253274917602539e+00
1.644546508789062500e+00 1.145159006118774414e+00 1.121825098991394043e+00
1.631941795349121094e+00 1.197295069694519043e+00 1.064714193344116211e+00
1.710868597030639648e+00 1.121172904968261719e+00 1.191521167755126953e+00
1.644160866737365723e+00 1.061542391777038574e+00 1.091054916381835938e+00
1.732538461685180664e+00 1.072430610656738281e+00 1.147458076477050781e+00
1.660779595375061035e+00 1.021968245506286621e+00 1.085361003875732422e+00
1.652801632881164551e+00 1.105479478836059570e+00 1.183557033538818359e+00
1.700496435165405273e+00 1.081981062889099121e+00 1.159592866897583008e+00
1.678798675537109375e+00 1.127282381057739258e+00 1.171464204788208008e+00
1.763876080513000488e+00 1.073077440261840820e+00 1.031388998031616211e+00
1.651373863220214844e+00 1.085736870765686035e+00 1.228966832160949707e+00
1.670741081237792969e+00 1.108851075172424316e+00 1.148536205291748047e+00
1.684818506240844727e+00 1.050552129745483398e+00 1.175308227539062500e+00
1.644342780113220215e+00 1.111429095268249512e+00 1.166848182678222656e+00
1.585784196853637695e+00 1.044084787368774414e+00 1.104002714157104492e+00
1.651923060417175293e+00 1.121693968772888184e+00 1.150946617126464844e+00
1.651902198791503906e+00 1.126131534576416016e+00 1.126126527786254883e+00
1.706497669219970703e+00 1.088654875755310059e+00 1.087930083274841309e+00
1.621064305305480957e+00 1.137405157089233398e+00 1.078128099441528320e+00
1.729117870330810547e+00 1.105548501014709473e+00 1.029536962509155273e+00
1.671877622604370117e+00 1.052568435668945312e+00 1.112835764884948730e+00
1.755247473716735840e+00 1.093884468078613281e+00 1.127997279167175293e+00
1.683035492897033691e+00 1.060739159584045410e+00 1.129714727401733398e+00
1.737117409706115723e+00 9.991066455841064453e-01 1.128606200218200684e+00
1.600056648254394531e+00 1.012078642845153809e+00 1.051999330520629883e+00
1.652202606201171875e+00 1.104129672050476074e+00 1.140276312828063965e+00
1.663744926452636719e+00 1.089682102203369141e+00 1.186186194419860840e+00
1.612753629684448242e+00 1.110768318176269531e+00 1.124325275421142578e+00
1.674425482749938965e+00 1.076763153076171875e+00 1.116211056709289551e+00
1.805212855339050293e+00 1.109226942062377930e+00 1.181885719299316406e+00
1.628998041152954102e+00 1.014258384704589844e+00 1.103276014328002930e+00
1.540851712226867676e+00 1.086699366569519043e+00 1.142197370529174805e+00
1.612994909286499023e+00 1.083453416824340820e+00 1.037161707878112793e+00
1.754745602607727051e+00 1.055967211723327637e+00 1.133249521255493164e+00
1.688230276107788086e+00 1.184854269027709961e+00 1.131148695945739746e+00
1.660751819610595703e+00 1.065343976020812988e+00 1.144373178482055664e+00
1.718583703041076660e+00 1.095203042030334473e+00 1.157413721084594727e+00
1.681653499603271484e+00 9.959806799888610840e-01 1.060659527778625488e+00
1.690172910690307617e+00 1.021061062812805176e+00 1.148665308952331543e+00
1.674930691719055176e+00 1.103000760078430176e+00 1.133927941322326660e+00
1.692825317382812500e+00 1.086193084716796875e+00 1.078361868858337402e+00
1.654304981231689453e+00 1.002111196517944336e+00 1.110037088394165039e+00
1.740732431411743164e+00 1.052003026008605957e+00 1.176293015480041504e+00
1.604741215705871582e+00 1.106021761894226074e+00 1.125650286674499512e+00
1.616156220436096191e+00 1.092303752899169922e+00 1.146279096603393555e+00
1.705375671386718750e+00 1.120156526565551758e+00 1.161455154418945312e+00
1.616593241691589355e+00 1.127035379409790039e+00 1.155534505844116211e+00
1.570946812629699707e+00 1.099740028381347656e+00 1.164390325546264648e+00
1.670245885848999023e+00 1.131444334983825684e+00 1.070354938507080078e+00
1.623227477073669434e+00 1.099521398544311523e+00 1.173856377601623535e+00
1.688539028167724609e+00 1.172161936759948730e+00 1.096534490585327148e+00
1.750376105308532715e+00 1.055442094802856445e+00 1.086814522743225098e+00
1.705527782440185547e+00 1.033409357070922852e+00 1.196753144264221191e+00
1.692581892013549805e+00 1.086271762847900391e+00 1.184223175048828125e+00
1.668926477432250977e+00 1.046926498413085938e+00 1.124741911888122559e+00
1.663771390914916992e+00 1.074189424514770508e+00 1.170780420303344727e+00
1.559055685997009277e+00 1.094486951828002930e+00 1.091866731643676758e+00
1.696862339973449707e+00 1.119948148727416992e+00 1.098767876625061035e+00
1.645474672317504883e+00 1.090377092361450195e+00 1.108961105346679688e+00
1.635812401771545410e+00 1.138471484184265137e+00 1.128052592277526855e+00
1.688899636268615723e+00 1.142515063285827637e+00 1.190925240516662598e+00
1.626900315284729004e+00 1.021396875381469727e+00 1.033577442169189453e+00
1.699146509170532227e+00 1.045724034309387207e+00 1.093548417091369629e+00
1.655203342437744141e+00 1.015947461128234863e+00 1.072123050689697266e+00
1.633773565292358398e+00 1.127712249755859375e+00 1.223615765571594238e+00
1.660021662712097168e+00 1.098968386650085449e+00 1.091979861259460449e+00
1.667762637138366699e+00 1.085680365562438965e+00 1.073424696922302246e+00
1.677366256713867188e+00 1.127607464790344238e+00 1.142810583114624023e+00
1.732394933700561523e+00 1.045038223266601562e+00 1.120571136474609375e+00
1.680297732353210449e+00 1.010282516479492188e+00 1.126255273818969727e+00
1.711177825927734375e+00 1.004428744316101074e+00 9.497366547584533691e-01
1.631198525428771973e+00 1.125299811363220215e+00 1.186268568038940430e+00
1.626001954078674316e+00 1.068328738212585449e+00 1.178949475288391113e+00
1.757831692695617676e+00 1.068088054656982422e+00 1.271875858306884766e+00
1.799012899398803711e+00 1.081850886344909668e+00 1.173565745353698730e+00
1.652604579925537109e+00 1.092436671257019043e+00 1.222477197647094727e+00
1.685169816017150879e+00 1.095152616500854492e+00 1.225481390953063965e+00
1.685935735702514648e+00 1.093682408332824707e+00 1.148045420646667480e+00
1.704397916793823242e+00 9.979573488235473633e-01 1.073872566223144531e+00
1.620186209678649902e+00 1.074245214462280273e+00 1.158197045326232910e+00
1.630810022354125977e+00 1.053535461425781250e+00 1.171135902404785156e+00
1.642595887184143066e+00 1.057868838310241699e+00 1.081207275390625000e+00
1.644945621490478516e+00 9.995869398117065430e-01 1.025992393493652344e+00
1.686275720596313477e+00 1.055720567703247070e+00 1.135442137718200684e+00
1.645137310028076172e+00 1.063623666763305664e+00 1.177965283393859863e+00
1.763837695121765137e+00 1.101964831352233887e+00 1.198868036270141602e+00
1.680908441543579102e+00 1.088967919349670410e+00 1.136549472808837891e+00
1.637305140495300293e+00 1.096595287322998047e+00 1.052682042121887207e+00
1.702914118766784668e+00 1.176784038543701172e+00 1.098193645477294922e+00
1.676709890365600586e+00 1.109705805778503418e+00 1.189228296279907227e+00
1.722697615623474121e+00 1.120325446128845215e+00 1.076186180114746094e+00
1.645363807678222656e+00 1.021175026893615723e+00 1.079265594482421875e+00
1.644436717033386230e+00 1.040872573852539062e+00 1.167146086692810059e+00
1.640249013900756836e+00 1.179472565650939941e+00 1.155018925666809082e+00
1.735704541206359863e+00 1.079460024833679199e+00 1.191712856292724609e+00
1.716800928115844727e+00 1.078666925430297852e+00 1.149915933609008789e+00
1.668750047683715820e+00 1.041890740394592285e+00 1.137664437294006348e+00
1.682899832725524902e+00 1.097166895866394043e+00 1.085704684257507324e+00
1.731164932250976562e+00 1.081443190574645996e+00 9.782724380493164062e-01
1.715876936912536621e+00 1.125637173652648926e+00 1.149756073951721191e+00
1.741375565528869629e+00 1.058949470520019531e+00 1.175375461578369141e+00
1.631587386131286621e+00 1.077011823654174805e+00 1.120731353759765625e+00
1.657664775848388672e+00 1.007018327713012695e+00 1.117134213447570801e+00
1.598982334136962891e+00 1.059364080429077148e+00 9.707942008972167969e-01
1.621443867683410645e+00 1.092492222785949707e+00 1.158351540565490723e+00
1.734480857849121094e+00 1.054087162017822266e+00 1.133315443992614746e+00
1.643723607063293457e+00 1.043497443199157715e+00 1.192152023315429688e+00
1.638367891311645508e+00 1.012867569923400879e+00 1.130614399909973145e+00
1.656709909439086914e+00 1.021451234817504883e+00 1.063466787338256836e+00
1.781313896179199219e+00 1.039843559265136719e+00 1.154671072959899902e+00
1.659885883331298828e+00 1.050373315811157227e+00 1.143493175506591797e+00
1.681794166564941406e+00 1.032834291458129883e+00 1.094679951667785645e+00
1.604063510894775391e+00 1.103032827377319336e+00 1.082687497138977051e+00
1.670448541641235352e+00 1.117348074913024902e+00 1.182047367095947266e+00
1.692930817604064941e+00 1.116957426071166992e+00 1.161674261093139648e+00
1.649671196937561035e+00 1.109402894973754883e+00 1.114208459854125977e+00
1.728042840957641602e+00 1.119420528411865234e+00 1.114628076553344727e+00
1.725517034530639648e+00 1.066812515258789062e+00 1.163517951965332031e+00
1.710106253623962402e+00 1.141415596008300781e+00 1.065522789955139160e+00
1.671365022659301758e+00 1.063180446624755859e+00 1.235583305358886719e+00
1.592994332313537598e+00 1.117113709449768066e+00 1.124875068664550781e+00
1.749732971191406250e+00 1.122399568557739258e+00 1.162708282470703125e+00
1.622585892677307129e+00 1.043345451354980469e+00 1.151296138763427734e+00
1.720773935317993164e+00 1.124222755432128906e+00 1.050959348678588867e+00
1.719941496849060059e+00 1.124295830726623535e+00 1.239619493484497070e+00
1.631223559379577637e+00 1.139168739318847656e+00 1.113966345787048340e+00
1.710874080657958984e+00 1.045538544654846191e+00 1.180413246154785156e+00
1.673242211341857910e+00 1.051442384719848633e+00 1.102079629898071289e+00
1.704745411872863770e+00 1.097409605979919434e+00 1.119468569755554199e+00
1.722635149955749512e+00 1.072610139846801758e+00 1.149898171424865723e+00
1.708919405937194824e+00 1.129899144172668457e+00 1.238568782806396484e+00
1.591966748237609863e+00 1.063929080963134766e+00 1.086361765861511230e+00
1.654985666275024414e+00 1.040510177612304688e+00 1.185013890266418457e+00
1.715533852577209473e+00 1.041772365570068359e+00 1.112806797027587891e+00
1.687399983406066895e+00 1.015248298645019531e+00 1.156890749931335449e+00
1.644739389419555664e+00 1.099327206611633301e+00 1.086297512054443359e+00
1.686745762825012207e+00 1.053951382637023926e+00 1.103558540344238281e+00
1.766700148582458496e+00 1.087432980537414551e+00 1.227211952209472656e+00
1.646203875541687012e+00 1.072074055671691895e+00 1.136389255523681641e+00
1.733904838562011719e+00 1.061020851135253906e+00 1.231556057929992676e+00
1.693667531013488770e+00 1.061344861984252930e+00 1.146375894546508789e+00
1.630445599555969238e+00 1.103718996047973633e+00 1.058324813842773438e+00
1.690250873565673828e+00 1.058356523513793945e+00 1.090830087661743164e+00
1.691364049911499023e+00 1.105085134506225586e+00 1.173708200454711914e+00
1.634249925613403320e+00 1.131237626075744629e+00 1.152350425720214844e+00
1.597292304039001465e+00 1.077247381210327148e+00 1.074966907501220703e+00
1.641702175140380859e+00 1.057895064353942871e+00 1.139940142631530762e+00
1.635985255241394043e+00 1.090909838676452637e+00 1.156300544738769531e+00
1.618493199348449707e+00 1.137307286262512207e+00 1.107366204261779785e+00
1.631280660629272461e+00 1.114926099777221680e+00 1.141935348510742188e+00
1.623867869377136230e+00 1.061865448951721191e+00 1.092742562294006348e+00
1.615270137786865234e+00 1.109810709953308105e+00 1.126624584197998047e+00
1.752627730369567871e+00 1.053367018699645996e+00 1.126970529556274414e+00
1.757294535636901855e+00 9.955703020095825195e-01 1.211390852928161621e+00
1.675491213798522949e+00 1.129606962203979492e+00 1.213585615158081055e+00
1.633730769157409668e+00 1.142714858055114746e+00 1.188940167427062988e+00
1.638388395309448242e+00 1.080703854560852051e+00 1.117915868759155273e+00
1.681616067886352539e+00 1.100214242935180664e+00 1.160137295722961426e+00
1.608178377151489258e+00 1.120021939277648926e+00 1.117883682250976562e+00
1.671201944351196289e+00 1.138322591781616211e+00 1.154153943061828613e+00
1.641746997833251953e+00 1.116474986076354980e+00 1.112977623939514160e+00
1.731324076652526855e+00 1.117376923561096191e+00 1.080497145652770996e+00
1.650643587112426758e+00 1.107997059822082520e+00 1.134555220603942871e+00
1.713043689727783203e+00 1.054737567901611328e+00 1.073760747909545898e+00
1.715500712394714355e+00 1.077495694160461426e+00 1.112244009971618652e+00
1.718506097793579102e+00 1.104215264320373535e+00 1.219410061836242676e+00
1.670040011405944824e+00 1.094144344329833984e+00 1.170570850372314453e+00
1.733561396598815918e+00 1.105638504028320312e+00 1.161693572998046875e+00
1.654804110527038574e+00 1.119812726974487305e+00 1.167233586311340332e+00
1.581445693969726562e+00 1.098427414894104004e+00 1.151809215545654297e+00
1.650812029838562012e+00 1.099014043807983398e+00 1.154934048652648926e+00
1.686359047889709473e+00 1.079068303108215332e+00 1.112174868583679199e+00
1.703224301338195801e+00 1.085718035697937012e+00 1.156654715538024902e+00
1.776711463928222656e+00 1.041841506958007812e+00 1.174734234809875488e+00
1.686086893081665039e+00 1.066985130310058594e+00 1.215660572052001953e+00
1.615558147430419922e+00 1.074117779731750488e+00 1.089342474937438965e+00
1.732958793640136719e+00 1.087146401405334473e+00 1.215522050857543945e+00
1.658366680145263672e+00 1.108015775680541992e+00 1.035478234291076660e+00
1.652933597564697266e+00 1.100082516670227051e+00 1.036295533180236816e+00
1.681704998016357422e+00 1.128761649131774902e+00 1.196957349777221680e+00
1.686641097068786621e+00 1.030431389808654785e+00 1.093088507652282715e+00
1.613895535469055176e+00 1.098323464393615723e+00 1.130322098731994629e+00
1.676057457923889160e+00 1.064323782920837402e+00 1.021449565887451172e+00
1.766883134841918945e+00 1.052019238471984863e+00 1.134320855140686035e+00
1.576438665390014648e+00 1.132502436637878418e+00 1.107928395271301270e+00
1.668381810188293457e+00 1.042253255844116211e+00 1.171285271644592285e+00
1.662129878997802734e+00 1.106254458427429199e+00 1.094861149787902832e+00
1.674857974052429199e+00 1.132688403129577637e+00 1.084945440292358398e+00
1.726798057556152344e+00 1.063948869705200195e+00 1.043278455734252930e+00
1.612626433372497559e+00 1.039566993713378906e+00 1.189446449279785156e+00
1.752527594566345215e+00 1.174484729766845703e+00 1.154320716857910156e+00
1.643536925315856934e+00 1.108881354331970215e+00 1.233209371566772461e+00
1.641448378562927246e+00 1.173233866691589355e+00 1.181846737861633301e+00
1.684673070907592773e+00 1.176070570945739746e+00 1.033661484718322754e+00
1.669922947883605957e+00 1.110026836395263672e+00 1.126798033714294434e+00
1.662825584411621094e+00 1.039498209953308105e+00 1.183285355567932129e+00
1.634523391723632812e+00 1.047622442245483398e+00 1.128802180290222168e+00
1.699886798858642578e+00 1.114054441452026367e+00 1.071589708328247070e+00
1.638802289962768555e+00 9.876773953437805176e-01 1.201260089874267578e+00
1.709328413009643555e+00 1.079378247261047363e+00 1.135231733322143555e+00
1.734236717224121094e+00 1.062133789062500000e+00 1.107805728912353516e+00
1.635635375976562500e+00 1.140078902244567871e+00 1.201936006546020508e+00
1.653085350990295410e+00 1.123553395271301270e+00 1.118875980377197266e+00
1.585701465606689453e+00 1.130244731903076172e+00 1.170674204826354980e+00
1.633509516716003418e+00 1.118967056274414062e+00 1.206396698951721191e+00
1.731770038604736328e+00 1.087042927742004395e+00 1.129598617553710938e+00
1.720608830451965332e+00 1.161635994911193848e+00 1.135456919670104980e+00
1.702800512313842773e+00 1.084346652030944824e+00 1.183359265327453613e+00
1.598554730415344238e+00 1.030827164649963379e+00 9.906125664710998535e-01
1.650665283203125000e+00 1.082789778709411621e+00 1.098603367805480957e+00
1.663827419281005859e+00 1.106215238571166992e+00 1.129139184951782227e+00
1.622712731361389160e+00 1.057686209678649902e+00 1.161506533622741699e+00
1.680336236953735352e+00 1.135552763938903809e+00 1.280449390411376953e+00
1.714977741241455078e+00 1.090546011924743652e+00 1.157823443412780762e+00
1.571166276931762695e+00 1.085903167724609375e+00 1.161116242408752441e+00
1.678643345832824707e+00 1.017859935760498047e+00 1.147874474525451660e+00
1.644950628280639648e+00 1.116139888763427734e+00 1.119351625442504883e+00
1.692854523658752441e+00 1.131461977958679199e+00 1.181428909301757812e+00
1.718847393989562988e+00 1.063540935516357422e+00 1.160443305969238281e+00
1.704840064048767090e+00 1.120990514755249023e+00 1.113755583763122559e+00
1.695878505706787109e+00 1.109687328338623047e+00 1.130393266677856445e+00
1.676307082176208496e+00 1.089379906654357910e+00 1.173102974891662598e+00
1.610987186431884766e+00 1.044973492622375488e+00 1.154356956481933594e+00
1.599010586738586426e+00 1.134231686592102051e+00 1.048779368400573730e+00
1.665236711502075195e+00 1.007436156272888184e+00 1.219197273254394531e+00
1.674537777900695801e+00 1.189912319183349609e+00 1.209720969200134277e+00
1.752055644989013672e+00 1.154949307441711426e+00 1.159328579902648926e+00
1.706804275512695312e+00 1.090242505073547363e+00 1.096197128295898438e+00
1.713634252548217773e+00 1.100023031234741211e+00 1.140721321105957031e+00
1.741501450538635254e+00 1.121793746948242188e+00 1.158224940299987793e+00
1.695940852165222168e+00 1.098858833312988281e+00 1.083923935890197754e+00
1.640052199363708496e+00 1.104167819023132324e+00 1.130629897117614746e+00
1.692244529724121094e+00 1.107902884483337402e+00 1.144892215728759766e+00
1.749583482742309570e+00 1.036620140075683594e+00 1.185807943344116211e+00
1.694042921066284180e+00 1.078497290611267090e+00 1.184664130210876465e+00
1.738324642181396484e+00 1.119639039039611816e+00 1.161751389503479004e+00
1.634019851684570312e+00 1.155093669891357422e+00 1.165914297103881836e+00
1.584692955017089844e+00 1.076134204864501953e+00 1.281687855720520020e+00
1.707096457481384277e+00 1.103069663047790527e+00 1.137262344360351562e+00
1.577822327613830566e+00 1.083666443824768066e+00 1.194132447242736816e+00
1.596646785736083984e+00 1.085222959518432617e+00 1.128150463104248047e+00
1.609542608261108398e+00 1.184671163558959961e+00 1.118958353996276855e+00
1.800657391548156738e+00 1.121941328048706055e+00 1.176466584205627441e+00
1.760306596755981445e+00 1.060675024986267090e+00 1.070906758308410645e+00
1.587636590003967285e+00 1.082471728324890137e+00 1.117757320404052734e+00
1.703524589538574219e+00 1.128078937530517578e+00 1.147939443588256836e+00
1.741615176200866699e+00 1.157441139221191406e+00 1.139763951301574707e+00
1.685149669647216797e+00 1.131288170814514160e+00 1.101107597351074219e+00
1.742829680442810059e+00 1.093345522880554199e+00 1.175383567810058594e+00
1.710321784019470215e+00 1.084698438644409180e+00 1.159188747406005859e+00
1.666938185691833496e+00 1.180945754051208496e+00 1.172706007957458496e+00
1.689596295356750488e+00 1.136454224586486816e+00 1.179309964179992676e+00
1.688333749771118164e+00 1.129946112632751465e+00 1.182071089744567871e+00
1.697664618492126465e+00 1.100440502166748047e+00 1.128508567810058594e+00
1.689832448959350586e+00 1.177095770835876465e+00 1.100410103797912598e+00
1.640562653541564941e+00 1.146179437637329102e+00 1.069557428359985352e+00
1.614365577697753906e+00 1.160763382911682129e+00 1.157952189445495605e+00
1.620106697082519531e+00 1.024685740470886230e+00 1.117696642875671387e+00
1.697073221206665039e+00 1.099944114685058594e+00 1.130679845809936523e+00
1.681236267089843750e+00 1.100421190261840820e+00 1.144227981567382812e+00
1.756608605384826660e+00 1.171600461006164551e+00 1.045108675956726074e+00
1.664535164833068848e+00 1.021232485771179199e+00 1.205924034118652344e+00
1.631343603134155273e+00 1.041837930679321289e+00 1.185156822204589844e+00
1.726139187812805176e+00 1.146339654922485352e+00 1.130201816558837891e+00
1.637680768966674805e+00 1.082154631614685059e+00 1.152762532234191895e+00
1.674690246582031250e+00 1.132872223854064941e+00 1.163628697395324707e+00
1.708006620407104492e+00 1.128534317016601562e+00 1.106529712677001953e+00
1.724861383438110352e+00 1.120144844055175781e+00 1.043149590492248535e+00
1.656457066535949707e+00 1.135457038879394531e+00 1.177017092704772949e+00
1.778427004814147949e+00 1.080194473266601562e+00 1.156990289688110352e+00
1.572167515754699707e+00 1.018032193183898926e+00 1.173974514007568359e+00
1.745318412780761719e+00 1.104060530662536621e+00 1.257935643196105957e+00
1.690268754959106445e+00 1.169015884399414062e+00 1.108122348785400391e+00
1.681147098541259766e+00 1.068010687828063965e+00 1.098455429077148438e+00
1.625309586524963379e+00 1.102221369743347168e+00 1.130455017089843750e+00
1.772333025932312012e+00 1.067215204238891602e+00 1.188790798187255859e+00
1.816571950912475586e+00 1.064358234405517578e+00 1.146957159042358398e+00
1.719255208969116211e+00 1.047846078872680664e+00 1.100715756416320801e+00
1.652072668075561523e+00 1.078672528266906738e+00 1.112269520759582520e+00
1.696453690528869629e+00 1.115754961967468262e+00 1.193921089172363281e+00
1.663165092468261719e+00 1.104046583175659180e+00 1.096725583076477051e+00
1.621254682540893555e+00 1.087485313415527344e+00 1.157303333282470703e+00
1.608644127845764160e+00 1.090698838233947754e+00 1.154341220855712891e+00
1.599845647811889648e+00 1.031101822853088379e+00 1.208192706108093262e+00
1.706305742263793945e+00 1.094946861267089844e+00 1.018382787704467773e+00
1.645657300949096680e+00 1.170602440834045410e+00 1.131140351295471191e+00
1.709551811218261719e+00 1.124040842056274414e+00 1.123238921165466309e+00
1.758834838867187500e+00 1.093339800834655762e+00 1.125086903572082520e+00
1.618639945983886719e+00 1.113125801086425781e+00 1.095095515251159668e+00
1.682438135147094727e+00 1.114345192909240723e+00 1.152084946632385254e+00
1.584692835807800293e+00 1.109783768653869629e+00 1.155268669128417969e+00
1.689718127250671387e+00 1.137134909629821777e+00 1.118358254432678223e+00
1.656662821769714355e+00 1.117316961288452148e+00 1.219667911529541016e+00
1.687477111816406250e+00 1.106529474258422852e+00 1.075424551963806152e+00
1.676275968551635742e+00 1.111555099487304688e+00 1.172596931457519531e+00
1.690023303031921387e+00 1.040977001190185547e+00 1.166038990020751953e+00
1.666500806808471680e+00 1.131718516349792480e+00 1.180294394493103027e+00
1.688952207565307617e+00 1.143959403038024902e+00 1.130525827407836914e+00
1.655050635337829590e+00 1.086913466453552246e+00 1.249659419059753418e+00
1.647588610649108887e+00 1.073277950286865234e+00 1.141530752182006836e+00
1.572066187858581543e+00 1.106890320777893066e+00 1.107937574386596680e+00
1.637501597404479980e+00 1.156855583190917969e+00 1.197333216667175293e+00
1.686215043067932129e+00 1.110603570938110352e+00 1.211530208587646484e+00
1.655823945999145508e+00 1.049922943115234375e+00 1.128947854042053223e+00
1.748369574546813965e+00 1.114262461662292480e+00 1.133376359939575195e+00
1.708304762840270996e+00 1.080550074577331543e+00 1.120544910430908203e+00
1.710838913917541504e+00 1.111771821975708008e+00 1.088273167610168457e+00
1.731503963470458984e+00 1.095263123512268066e+00 1.071271419525146484e+00
1.607994914054870605e+00 1.126448631286621094e+00 1.159098982810974121e+00
1.676448106765747070e+00 1.126799106597900391e+00 1.126598238945007324e+00
1.720817208290100098e+00 1.096084594726562500e+00 1.207867383956909180e+00
1.603080749511718750e+00 1.169870853424072266e+00 1.143976569175720215e+00
1.658963203430175781e+00 1.130345821380615234e+00 1.121290922164916992e+00
1.734633564949035645e+00 1.168894886970520020e+00 1.148032546043395996e+00
1.691371202468872070e+00 1.076789140701293945e+00 1.131864070892333984e+00
1.701542973518371582e+00 1.137044191360473633e+00 1.061564683914184570e+00
1.685003757476806641e+00 1.086404561996459961e+00 1.146369576454162598e+00
1.671866655349731445e+00 1.161973834037780762e+00 1.272986769676208496e+00
1.633930802345275879e+00 1.125881433486938477e+00 1.133892059326171875e+00
1.724272608757019043e+00 1.058240056037902832e+00 1.185485363006591797e+00
1.589605450630187988e+00 1.109211921691894531e+00 1.259633660316467285e+00
1.708467245101928711e+00 1.106647610664367676e+00 1.163013458251953125e+00
1.685977458953857422e+00 1.103699803352355957e+00 1.213980674743652344e+00
1.791398763656616211e+00 1.167127609252929688e+00 1.013563156127929688e+00
1.745852470397949219e+00 1.116567015647888184e+00 1.183222413063049316e+00
1.600578904151916504e+00 1.113469362258911133e+00 1.132253408432006836e+00
1.733993053436279297e+00 1.061251521110534668e+00 1.114184737205505371e+00
1.666007280349731445e+00 1.100319266319274902e+00 1.083942651748657227e+00
1.695504069328308105e+00 1.136840820312500000e+00 1.038822412490844727e+00
1.608221054077148438e+00 1.105784177780151367e+00 1.153623461723327637e+00
1.689746022224426270e+00 1.088415026664733887e+00 1.242028594017028809e+00
1.715451002120971680e+00 1.060601830482482910e+00 1.110061049461364746e+00
1.739694118499755859e+00 1.087433815002441406e+00 1.065062522888183594e+00
1.609414935111999512e+00 1.148841619491577148e+00 1.132269978523254395e+00
1.755466222763061523e+00 1.211464762687683105e+00 1.106030344963073730e+00
1.710704207420349121e+00 1.082461476325988770e+00 1.088301301002502441e+00
1.685781717300415039e+00 1.128689765930175781e+00 1.117981433868408203e+00
1.678785681724548340e+00 1.107021093368530273e+00 1.082334876060485840e+00
1.685873866081237793e+00 1.131199002265930176e+00 1.032002925872802734e+00
1.705156922340393066e+00 1.116240382194519043e+00 1.131448388099670410e+00
1.656648159027099609e+00 1.077914834022521973e+00 1.188709259033203125e+00
1.656884908676147461e+00 1.133466601371765137e+00 1.174942493438720703e+00
1.725169777870178223e+00 1.046494603157043457e+00 1.218637108802795410e+00
1.704047918319702148e+00 1.097807645797729492e+00 1.186173796653747559e+00
1.739435195922851562e+00 1.106008172035217285e+00 1.145425200462341309e+00
1.665894150733947754e+00 1.127486705780029297e+00 1.140729427337646484e+00
1.579218983650207520e+00 1.151142597198486328e+00 1.194340467453002930e+00
1.613424777984619141e+00 1.007005572319030762e+00 1.125816583633422852e+00
1.668371796607971191e+00 1.082808732986450195e+00 1.168639779090881348e+00
1.733343958854675293e+00 1.204405426979064941e+00 1.108448147773742676e+00
1.623401641845703125e+00 1.096794843673706055e+00 1.032988071441650391e+00
1.676843047142028809e+00 1.117877483367919922e+00 1.240897536277770996e+00
1.675986289978027344e+00 1.118799090385437012e+00 1.122233986854553223e+00
1.687149763107299805e+00 1.081703424453735352e+00 1.137206554412841797e+00
1.665765404701232910e+00 1.124944686889648438e+00 1.114660859107971191e+00
1.607681393623352051e+00 1.109612345695495605e+00 1.224342703819274902e+00
1.660500407218933105e+00 1.173539876937866211e+00 1.049912214279174805e+00
1.677743077278137207e+00 1.087379336357116699e+00 1.154459118843078613e+00
1.757160305976867676e+00 1.125900387763977051e+00 1.160826206207275391e+00
1.709624648094177246e+00 1.077444076538085938e+00 1.017683267593383789e+00
1.651522159576416016e+00 1.097359061241149902e+00 1.150518655776977539e+00
1.602595329284667969e+00 1.085268974304199219e+00 1.211401700973510742e+00
1.721123933792114258e+00 1.119112730026245117e+00 1.046030998229980469e+00
1.631522774696350098e+00 1.122062325477600098e+00 1.174229502677917480e+00
1.697384715080261230e+00 1.097704648971557617e+00 1.153033614158630371e+00
1.828613400459289551e+00 1.055955767631530762e+00 1.185050606727600098e+00
1.687606692314147949e+00 1.158710241317749023e+00 1.200297236442565918e+00
1.751077890396118164e+00 1.147508144378662109e+00 1.148576259613037109e+00
1.702476859092712402e+00 1.123248577117919922e+00 1.184696555137634277e+00
1.748284697532653809e+00 1.169836759567260742e+00 1.123552083969116211e+00
1.727504014968872070e+00 1.131199836730957031e+00 1.055942416191101074e+00
1.637028813362121582e+00 1.156758069992065430e+00 1.155602216720581055e+00
1.604363322257995605e+00 1.056009888648986816e+00 1.166217565536499023e+00
1.681264400482177734e+00 1.084083437919616699e+00 1.222403764724731445e+00
1.660279035568237305e+00 1.128178119659423828e+00 1.081900119781494141e+00
1.621465802192687988e+00 1.107991933822631836e+00 1.230453848838806152e+00
1.575464010238647461e+00 1.103472590446472168e+00 1.100859165191650391e+00
1.741068363189697266e+00 1.101318717002868652e+00 1.121339678764343262e+00
1.655999183654785156e+00 1.154420971870422363e+00 1.194210052490234375e+00
1.654078483581542969e+00 1.159732580184936523e+00 1.119736671447753906e+00
1.717293858528137207e+00 1.118306756019592285e+00 1.019382476806640625e+00
1.624789714813232422e+00 1.094119787216186523e+00 1.164662957191467285e+00
1.695142507553100586e+00 1.112701892852783203e+00 1.091387629508972168e+00
1.760693073272705078e+00 1.127196669578552246e+00 1.047348260879516602e+00
1.765612721443176270e+00 1.110864758491516113e+00 1.212014079093933105e+00
1.676345944404602051e+00 1.145034909248352051e+00 1.237555742263793945e+00
1.714527964591979980e+00 1.080088019371032715e+00 1.036598443984985352e+00
1.657883286476135254e+00 1.096206903457641602e+00 1.114817857742309570e+00
1.793445706367492676e+00 1.045795798301696777e+00 1.117951869964599609e+00
1.680652737617492676e+00 1.130956172943115234e+00 1.206904053688049316e+00
1.709845066070556641e+00 1.024697661399841309e+00 1.258165955543518066e+00
1.683288216590881348e+00 1.069203972816467285e+00 1.059217810630798340e+00
1.686955332756042480e+00 1.167058229446411133e+00 1.191157817840576172e+00
1.672313094139099121e+00 1.190279006958007812e+00 1.022266626358032227e+00
1.740380048751831055e+00 1.112937450408935547e+00 1.129803776741027832e+00
1.697065114974975586e+00 1.174941778182983398e+00 1.048085212707519531e+00
1.719661355018615723e+00 1.091539502143859863e+00 1.103654503822326660e+00
1.784892916679382324e+00 1.109614253044128418e+00 1.119305253028869629e+00
1.712223768234252930e+00 1.175849437713623047e+00 1.216663837432861328e+00
1.710831046104431152e+00 1.142039895057678223e+00 1.178369045257568359e+00
1.664518833160400391e+00 1.076714873313903809e+00 1.170550107955932617e+00
1.709710240364074707e+00 1.218996167182922363e+00 1.230751872062683105e+00
1.686941266059875488e+00 1.051264166831970215e+00 1.101920485496520996e+00
1.716103434562683105e+00 1.096513032913208008e+00 1.072232604026794434e+00
1.695549845695495605e+00 1.140645861625671387e+00 1.111271977424621582e+00
1.666839838027954102e+00 1.139451622962951660e+00 1.142656326293945312e+00
1.671761512756347656e+00 1.097774863243103027e+00 1.174286365509033203e+00
1.659242391586303711e+00 1.126590609550476074e+00 1.086851954460144043e+00
1.762324333190917969e+00 1.110306143760681152e+00 1.176346063613891602e+00
1.700767874717712402e+00 1.103812813758850098e+00 1.106609106063842773e+00
1.729921698570251465e+00 1.102859854698181152e+00 1.085460543632507324e+00
1.694428205490112305e+00 1.110439062118530273e+00 1.098811507225036621e+00
1.643161892890930176e+00 1.087764620780944824e+00 1.097953200340270996e+00
1.586045026779174805e+00 1.065178275108337402e+00 1.107365131378173828e+00
1.677223205566406250e+00 1.137228369712829590e+00 1.176153182983398438e+00
1.623821854591369629e+00 1.146524667739868164e+00 1.176367759704589844e+00
1.665843248367309570e+00 1.114143490791320801e+00 1.110265374183654785e+00
1.694963932037353516e+00 1.153723001480102539e+00 1.099310278892517090e+00
1.567814707756042480e+00 1.042516708374023438e+00 1.160137057304382324e+00
1.690385580062866211e+00 1.208727240562438965e+00 1.101232886314392090e+00
1.664502024650573730e+00 1.091211080551147461e+00 1.093424201011657715e+00
1.650117635726928711e+00 1.084235429763793945e+00 1.217368602752685547e+00
1.718318343162536621e+00 1.117844223976135254e+00 1.185686349868774414e+00
1.658531665802001953e+00 1.078725457191467285e+00 1.057076930999755859e+00
1.653397440910339355e+00 1.135788440704345703e+00 1.139833092689514160e+00
1.671174287796020508e+00 1.087593555450439453e+00 1.066045284271240234e+00
1.690536975860595703e+00 1.157034397125244141e+00 1.073693633079528809e+00
1.686618328094482422e+00 1.133516550064086914e+00 1.170175671577453613e+00
1.756034731864929199e+00 1.183436512947082520e+00 1.197747707366943359e+00
1.641660451889038086e+00 1.142382502555847168e+00 1.114564299583435059e+00
1.608863830566406250e+00 1.102944254875183105e+00 1.143148660659790039e+00
1.684962272644042969e+00 1.131732225418090820e+00 1.293578028678894043e+00
1.619891643524169922e+00 1.115418434143066406e+00 1.072052240371704102e+00
1.667890429496765137e+00 1.091787695884704590e+00 1.044877052307128906e+00
1.656082034111022949e+00 1.104633212089538574e+00 1.190690040588378906e+00
1.691404104232788086e+00 1.138954877853393555e+00 1.141099333763122559e+00
1.692239522933959961e+00 1.112907648086547852e+00 1.245368957519531250e+00
1.699432611465454102e+00 1.180470347404479980e+00 1.155200004577636719e+00
1.676994442939758301e+00 1.144405603408813477e+00 1.195802450180053711e+00
1.673241257667541504e+00 1.151529192924499512e+00 1.129435300827026367e+00
1.688769221305847168e+00 1.052677035331726074e+00 1.146515369415283203e+00
1.621767163276672363e+00 1.098011255264282227e+00 1.033015370368957520e+00
1.678029179573059082e+00 1.191657423973083496e+00 1.075761556625366211e+00
1.772782087326049805e+00 1.148762583732604980e+00 1.123316526412963867e+00
1.594828963279724121e+00 1.075770616531372070e+00 1.160744667053222656e+00
1.707817316055297852e+00 1.119077920913696289e+00 1.108854889869689941e+00
1.696479678153991699e+00 1.130818367004394531e+00 1.164101123809814453e+00
1.618369102478027344e+00 1.126007318496704102e+00 1.163236379623413086e+00
1.654763817787170410e+00 1.090959310531616211e+00 1.200450778007507324e+00
1.755216002464294434e+00 1.133362770080566406e+00 1.119214057922363281e+00
1.630641460418701172e+00 1.139543771743774414e+00 1.215347170829772949e+00
1.750660657882690430e+00 1.159252762794494629e+00 1.104954600334167480e+00
1.653758645057678223e+00 1.083966851234436035e+00 1.132401227951049805e+00
1.689152956008911133e+00 1.139982342720031738e+00 1.147904157638549805e+00
1.686264276504516602e+00 1.116008996963500977e+00 1.093883872032165527e+00
1.739464044570922852e+00 1.107666730880737305e+00 1.185186147689819336e+00
1.620881915092468262e+00 1.089243531227111816e+00 1.149056315422058105e+00
1.627083659172058105e+00 1.066162228584289551e+00 1.097576022148132324e+00
1.646432399749755859e+00 1.181519865989685059e+00 1.158565640449523926e+00
1.723249435424804688e+00 1.131914973258972168e+00 1.133458614349365234e+00
1.666937112808227539e+00 1.115169882774353027e+00 1.171782732009887695e+00
1.659500241279602051e+00 1.139593243598937988e+00 1.097910523414611816e+00
1.681044101715087891e+00 1.108493566513061523e+00 1.080275416374206543e+00
1.703254938125610352e+00 1.059741258621215820e+00 1.151897549629211426e+00
1.708623290061950684e+00 1.156382679939270020e+00 1.048043489456176758e+00
1.690059304237365723e+00 1.183984518051147461e+00 1.260225296020507812e+00
1.741143822669982910e+00 1.099891543388366699e+00 1.158904552459716797e+00
1.715288639068603516e+00 1.084473133087158203e+00 1.150490045547485352e+00
1.711342573165893555e+00 1.116250157356262207e+00 1.128842353820800781e+00
1.720330834388732910e+00 1.176581382751464844e+00 1.236070632934570312e+00
1.741554975509643555e+00 1.148773431777954102e+00 1.095266461372375488e+00
1.732702612876892090e+00 1.185671210289001465e+00 1.142477035522460938e+00
1.668835878372192383e+00 1.151485800743103027e+00 1.208146810531616211e+00
1.658673048019409180e+00 1.085674643516540527e+00 1.187305450439453125e+00
1.646013259887695312e+00 1.105802536010742188e+00 1.120188355445861816e+00
1.752616882324218750e+00 1.082530140876770020e+00 1.040103435516357422e+00
1.632484078407287598e+00 1.156571745872497559e+00 1.179027438163757324e+00
1.656705021858215332e+00 1.149650812149047852e+00 1.174845218658447266e+00
1.590287685394287109e+00 1.129601478576660156e+00 1.164224505424499512e+00
1.732080101966857910e+00 1.060101866722106934e+00 1.101165294647216797e+00
1.644980192184448242e+00 1.140995621681213379e+00 1.097314476966857910e+00
1.677539348602294922e+00 1.161104559898376465e+00 1.142343759536743164e+00
1.633671641349792480e+00 1.129165053367614746e+00 1.075894594192504883e+00
1.743014693260192871e+00 1.069165706634521484e+00 1.126026988029479980e+00
1.764636635780334473e+00 1.126981973648071289e+00 1.220730423927307129e+00
1.711012005805969238e+00 1.140887498855590820e+00 1.106808662414550781e+00
1.723526239395141602e+00 1.077400088310241699e+00 1.130954623222351074e+00
1.674027919769287109e+00 1.073394179344177246e+00 1.120074510574340820e+00
1.760679244995117188e+00 1.116657495498657227e+00 1.154221653938293457e+00
1.642342925071716309e+00 1.133744478225708008e+00 1.067705631256103516e+00
1.639973640441894531e+00 1.122503280639648438e+00 1.134692788124084473e+00
1.726625800132751465e+00 1.161934494972229004e+00 1.092671394348144531e+00
1.661602854728698730e+00 1.116682171821594238e+00 1.193141818046569824e+00
1.722103118896484375e+00 1.145864486694335938e+00 1.105166912078857422e+00
1.614392638206481934e+00 1.088653087615966797e+00 1.121397495269775391e+00
1.664718508720397949e+00 1.045932292938232422e+00 1.218587994575500488e+00
1.669295310974121094e+00 1.178183317184448242e+00 1.126732587814331055e+00
1.705093502998352051e+00 1.134446978569030762e+00 1.103608489036560059e+00
1.705748915672302246e+00 1.115453362464904785e+00 1.198546409606933594e+00
1.672544717788696289e+00 1.111515879631042480e+00 1.221787571907043457e+00
1.587177634239196777e+00 1.121335029602050781e+00 1.083857178688049316e+00
1.699011206626892090e+00 1.130099654197692871e+00 1.216415643692016602e+00
1.615848660469055176e+00 1.233689546585083008e+00 1.098300933837890625e+00
1.669030308723449707e+00 1.092920064926147461e+00 1.105750799179077148e+00
1.731753706932067871e+00 1.075528860092163086e+00 1.035000562667846680e+00
1.705719947814941406e+00 1.055719256401062012e+00 1.130043148994445801e+00
1.732717037200927734e+00 1.165254235267639160e+00 1.119756340980529785e+00
1.709233045578002930e+00 1.128362774848937988e+00 1.120150804519653320e+00
1.681283235549926758e+00 1.084872126579284668e+00 1.224877953529357910e+00
1.635339021682739258e+00 1.177525997161865234e+00 1.089460849761962891e+00
1.716874361038208008e+00 1.143718957901000977e+00 1.122321486473083496e+00
1.712328314781188965e+00 1.086131215095520020e+00 1.117102503776550293e+00
1.672734856605529785e+00 1.251691341400146484e+00 1.132396936416625977e+00
1.672127008438110352e+00 1.144600152969360352e+00 1.171714067459106445e+00
1.735646963119506836e+00 1.112315773963928223e+00 1.060691356658935547e+00
1.687530159950256348e+00 1.075781106948852539e+00 1.157544970512390137e+00
1.658885240554809570e+00 1.118530869483947754e+00 1.170590877532958984e+00
1.694118976593017578e+00 1.139745950698852539e+00 1.088097095489501953e+00
1.672165870666503906e+00 1.141214728355407715e+00 1.175861239433288574e+00
1.648127555847167969e+00 1.155950188636779785e+00 1.154854536056518555e+00
1.635052204132080078e+00 1.031776905059814453e+00 1.142203330993652344e+00
1.660869479179382324e+00 1.136541128158569336e+00 1.220144152641296387e+00
1.671811223030090332e+00 1.119554996490478516e+00 1.080317139625549316e+00
1.649661660194396973e+00 1.162470459938049316e+00 1.128233671188354492e+00
1.689741134643554688e+00 1.173827528953552246e+00 1.044784903526306152e+00
1.673270463943481445e+00 1.149649977684020996e+00 1.204457879066467285e+00
1.682299852371215820e+00 1.176330685615539551e+00 1.166632413864135742e+00
1.659552097320556641e+00 1.128165602684020996e+00 1.139441251754760742e+00
1.681517601013183594e+00 1.122688293457031250e+00 1.073696374893188477e+00
1.681457519531250000e+00 1.119479417800903320e+00 1.178719401359558105e+00
1.681320786476135254e+00 1.113589882850646973e+00 1.125073194503784180e+00
1.682388067245483398e+00 1.151252150535583496e+00 1.149833083152770996e+00
1.630645632743835449e+00 1.160267949104309082e+00 1.153372168540954590e+00
1.657036304473876953e+00 1.065178275108337402e+00 1.131573557853698730e+00
1.749733328819274902e+00 1.186522722244262695e+00 1.070740938186645508e+00
1.742409586906433105e+00 1.116802811622619629e+00 1.059437036514282227e+00
1.733623147010803223e+00 1.069154262542724609e+00 1.049401640892028809e+00
1.591228723526000977e+00 1.078992366790771484e+00 1.069247364997863770e+00
1.773414373397827148e+00 1.114088058471679688e+00 1.137882113456726074e+00
1.634686946868896484e+00 1.159922242164611816e+00 1.045022845268249512e+00
1.582317709922790527e+00 1.152200341224670410e+00 1.148578405380249023e+00
1.708322048187255859e+00 1.088269710540771484e+00 1.124387145042419434e+00
1.742565989494323730e+00 1.188012242317199707e+00 1.158155322074890137e+00
1.680132985115051270e+00 1.052143573760986328e+00 1.090093493461608887e+00
1.697196245193481445e+00 1.122995495796203613e+00 1.082851409912109375e+00
1.693535327911376953e+00 1.162718892097473145e+00 1.184051394462585449e+00
1.673081874847412109e+00 1.140253901481628418e+00 1.192713141441345215e+00
1.800257802009582520e+00 1.120516777038574219e+00 1.043094396591186523e+00
1.657364606857299805e+00 1.109815359115600586e+00 1.124129891395568848e+00
1.708542585372924805e+00 1.100084304809570312e+00 1.177694201469421387e+00
1.581634402275085449e+00 1.139438629150390625e+00 1.125602841377258301e+00
1.730242848396301270e+00 1.121706247329711914e+00 1.066375613212585449e+00
1.703883290290832520e+00 1.085788249969482422e+00 1.121154189109802246e+00
1.599393248558044434e+00 1.174189448356628418e+00 1.058476805686950684e+00
1.566007494926452637e+00 1.141653537750244141e+00 1.141070842742919922e+00
1.699618935585021973e+00 1.164946317672729492e+00 1.078427672386169434e+00
1.626331567764282227e+00 1.115178227424621582e+00 1.107554793357849121e+00
1.706678628921508789e+00 1.152352690696716309e+00 1.079371571540832520e+00
1.593724489212036133e+00 1.107037425041198730e+00 1.122469663619995117e+00
1.690739631652832031e+00 1.165801167488098145e+00 1.136647582054138184e+00
1.741190075874328613e+00 1.103317618370056152e+00 1.143681526184082031e+00
1.710944533348083496e+00 1.059857130050659180e+00 1.139368414878845215e+00
1.614364743232727051e+00 1.081459283828735352e+00 1.209614515304565430e+00
1.771625041961669922e+00 1.165056705474853516e+00 1.234228014945983887e+00
1.729416966438293457e+00 1.049735784530639648e+00 1.067955851554870605e+00
1.710912942886352539e+00 1.136407852172851562e+00 1.136903524398803711e+00
1.636995792388916016e+00 1.106044530868530273e+00 1.185657143592834473e+00
1.708688139915466309e+00 1.160484194755554199e+00 1.216752171516418457e+00
1.633470296859741211e+00 1.075648307800292969e+00 1.090584397315979004e+00
1.752930521965026855e+00 1.075080871582031250e+00 1.195398211479187012e+00
1.626999616622924805e+00 1.196798086166381836e+00 1.196545124053955078e+00
1.719708561897277832e+00 1.118708729743957520e+00 1.120211362838745117e+00
1.681390643119812012e+00 1.105970382690429688e+00 1.183726668357849121e+00
1.651827096939086914e+00 1.144211769104003906e+00 1.116309404373168945e+00
1.661197185516357422e+00 1.114740252494812012e+00 1.280290484428405762e+00
1.668790698051452637e+00 1.158267140388488770e+00 1.175503373146057129e+00
1.730594396591186523e+00 1.108136534690856934e+00 1.154612183570861816e+00
1.740651726722717285e+00 1.169176816940307617e+00 1.160007953643798828e+00
1.742222070693969727e+00 1.160604596138000488e+00 1.093786478042602539e+00
1.673823714256286621e+00 1.164991259574890137e+00 1.125926494598388672e+00
1.740393519401550293e+00 1.129099249839782715e+00 1.127763032913208008e+00
1.672701001167297363e+00 1.196373343467712402e+00 1.205394864082336426e+00
1.633649706840515137e+00 1.117589712142944336e+00 1.150323033332824707e+00
1.543641686439514160e+00 1.138120532035827637e+00 1.191820502281188965e+00
1.662793874740600586e+00 1.159592866897583008e+00 1.230223298072814941e+00
1.588278174400329590e+00 1.176610231399536133e+00 1.115063667297363281e+00
1.617851376533508301e+00 1.111912012100219727e+00 1.184290528297424316e+00
1.730254530906677246e+00 1.127408981323242188e+00 1.140652894973754883e+00
1.703278660774230957e+00 1.127294063568115234e+00 1.180230975151062012e+00
1.644204616546630859e+00 1.168809533119201660e+00 1.144107580184936523e+00
1.653341531753540039e+00 1.067777872085571289e+00 1.160973548889160156e+00
1.668002128601074219e+00 1.085068702697753906e+00 1.173018693923950195e+00
1.628212451934814453e+00 1.105435371398925781e+00 1.124238491058349609e+00
1.679109692573547363e+00 1.100696563720703125e+00 1.109166741371154785e+00
1.759804964065551758e+00 1.077113509178161621e+00 1.244256854057312012e+00
1.655859112739562988e+00 1.167197227478027344e+00 1.099036216735839844e+00
1.670016407966613770e+00 1.168965578079223633e+00 1.154551744461059570e+00
1.656007885932922363e+00 1.147091865539550781e+00 1.165670275688171387e+00
1.732842683792114258e+00 1.122049093246459961e+00 1.181250095367431641e+00
1.776409268379211426e+00 1.108510255813598633e+00 1.097457528114318848e+00
1.678096652030944824e+00 1.065542101860046387e+00 1.193616867065429688e+00
1.641183733940124512e+00 1.106485009193420410e+00 1.124684691429138184e+00
1.690310359001159668e+00 1.186859011650085449e+00 1.203523755073547363e+00
1.669100999832153320e+00 1.139317274093627930e+00 1.168166637420654297e+00
1.682887792587280273e+00 1.204614996910095215e+00 1.107667803764343262e+00
1.627669095993041992e+00 1.192214012145996094e+00 1.123688459396362305e+00
1.643548846244812012e+00 1.135401725769042969e+00 1.198629975318908691e+00
1.738685727119445801e+00 1.100344061851501465e+00 1.127195835113525391e+00
1.688694000244140625e+00 1.187870025634765625e+00 1.208559870719909668e+00
1.602357387542724609e+00 1.205384135246276855e+00 1.207761287689208984e+00
1.634178519248962402e+00 1.105911850929260254e+00 1.095861077308654785e+00
1.682438373565673828e+00 1.104035258293151855e+00 1.180861115455627441e+00
1.708960294723510742e+00 1.113222837448120117e+00 1.184405446052551270e+00
1.702214002609252930e+00 1.105277895927429199e+00 1.068890929222106934e+00
1.709734320640563965e+00 1.186390995979309082e+00 1.163801431655883789e+00
1.593085765838623047e+00 1.104698538780212402e+00 1.097307801246643066e+00
1.623905062675476074e+00 1.120817780494689941e+00 1.019730329513549805e+00
1.614333510398864746e+00 1.144765853881835938e+00 1.175558209419250488e+00
1.633630514144897461e+00 1.097535371780395508e+00 1.191489100456237793e+00
1.852691173553466797e+00 1.114380598068237305e+00 1.146931767463684082e+00
1.661972999572753906e+00 1.093392133712768555e+00 1.119040489196777344e+00
1.790319561958312988e+00 1.153609037399291992e+00 1.169166207313537598e+00
1.780964732170104980e+00 1.135340929031372070e+00 1.083683729171752930e+00
1.730105876922607422e+00 1.070639967918395996e+00 1.161615014076232910e+00
1.629842281341552734e+00 1.167535066604614258e+00 1.104080438613891602e+00
1.701051592826843262e+00 1.114201307296752930e+00 1.162406682968139648e+00
1.688254356384277344e+00 1.027714252471923828e+00 1.179861068725585938e+00
1.643168807029724121e+00 1.194278597831726074e+00 1.252705931663513184e+00
1.668227434158325195e+00 1.100240707397460938e+00 1.141952037811279297e+00
1.646992802619934082e+00 1.155085206031799316e+00 1.120213747024536133e+00
1.708223462104797363e+00 1.137123942375183105e+00 1.168823957443237305e+00
1.687861084938049316e+00 1.116390705108642578e+00 1.173656940460205078e+00
1.708643078804016113e+00 1.206602931022644043e+00 1.267817854881286621e+00
1.739051103591918945e+00 1.087762236595153809e+00 1.140246629714965820e+00
1.756790280342102051e+00 1.208213329315185547e+00 1.243842840194702148e+00
1.761831164360046387e+00 1.139512062072753906e+00 1.090906381607055664e+00
1.656648874282836914e+00 1.147178053855895996e+00 1.136062741279602051e+00
1.636826753616333008e+00 1.022954702377319336e+00 1.224470734596252441e+00
1.674517035484313965e+00 1.223798751831054688e+00 1.277753114700317383e+00
1.613054156303405762e+00 1.160874605178833008e+00 1.125404715538024902e+00
1.689697027206420898e+00 1.167703509330749512e+00 1.118183374404907227e+00
1.666385769844055176e+00 1.124472022056579590e+00 1.182360887527465820e+00
1.732641577720642090e+00 1.187086224555969238e+00 1.225764393806457520e+00
1.704659342765808105e+00 1.077070832252502441e+00 1.073119997978210449e+00
1.718923330307006836e+00 1.144134283065795898e+00 1.130832672119140625e+00
1.691817164421081543e+00 1.115825057029724121e+00 1.081511139869689941e+00
1.667703986167907715e+00 1.122176647186279297e+00 1.149053335189819336e+00
1.686751604080200195e+00 1.140252590179443359e+00 1.147377490997314453e+00
1.695333600044250488e+00 1.074889063835144043e+00 1.256594538688659668e+00
1.771776080131530762e+00 1.067886352539062500e+00 1.144738197326660156e+00
1.613699913024902344e+00 1.137360453605651855e+00 1.203175425529479980e+00
1.652212262153625488e+00 1.171955704689025879e+00 1.224372863769531250e+00
1.737423419952392578e+00 1.130440711975097656e+00 1.110985159873962402e+00
1.719074845314025879e+00 1.165115594863891602e+00 1.115872144699096680e+00
1.679679632186889648e+00 1.064659833908081055e+00 1.157581567764282227e+00
1.656418323516845703e+00 1.143927216529846191e+00 1.064535021781921387e+00
1.732762098312377930e+00 1.111159801483154297e+00 1.190495371818542480e+00
1.781996488571166992e+00 1.122330188751220703e+00 1.190700650215148926e+00
1.702095866203308105e+00 1.137526035308837891e+00 1.079466342926025391e+00
1.713952541351318359e+00 1.113053321838378906e+00 1.157712578773498535e+00
1.627407670021057129e+00 1.145363688468933105e+00 1.158616781234741211e+00
1.720985770225524902e+00 1.080155372619628906e+00 1.235866189002990723e+00
1.737771511077880859e+00 1.128064274787902832e+00 1.169565796852111816e+00
1.583677768707275391e+00 1.195392489433288574e+00 1.184108018875122070e+00
1.750035881996154785e+00 1.133412957191467285e+00 1.178811311721801758e+00
1.589787602424621582e+00 1.131664991378784180e+00 1.201311469078063965e+00
1.686488628387451172e+00 1.139293909072875977e+00 1.212302088737487793e+00
1.647581577301025391e+00 1.206323862075805664e+00 1.203065514564514160e+00
1.650068879127502441e+00 1.108374953269958496e+00 1.125561475753784180e+00
1.753336906433105469e+00 1.123264908790588379e+00 1.082300901412963867e+00
1.670863986015319824e+00 1.157298326492309570e+00 1.091474175453186035e+00
1.755742669105529785e+00 1.125271439552307129e+00 1.113785505294799805e+00
1.636686205863952637e+00 1.081846833229064941e+00 1.169994115829467773e+00
1.630525469779968262e+00 1.202617883682250977e+00 1.090819597244262695e+00
1.614969849586486816e+00 1.135156393051147461e+00 1.086212396621704102e+00
1.805989980697631836e+00 1.079781174659729004e+00 1.107120752334594727e+00
1.625292658805847168e+00 1.110586762428283691e+00 1.101622581481933594e+00
1.729905486106872559e+00 1.040730118751525879e+00 1.139872193336486816e+00
1.722749114036560059e+00 1.124686837196350098e+00 1.125654101371765137e+00
1.711932539939880371e+00 1.120821475982666016e+00 1.185415506362915039e+00
1.593361735343933105e+00 1.160745501518249512e+00 1.130951523780822754e+00
1.685012340545654297e+00 1.141921877861022949e+00 1.133550643920898438e+00
1.733356475830078125e+00 1.164874434471130371e+00 1.094824910163879395e+00
1.610723137855529785e+00 1.131060838699340820e+00 1.201531887054443359e+00
1.661469221115112305e+00 1.119707107543945312e+00 1.055639147758483887e+00
1.686122536659240723e+00 1.113131523132324219e+00 1.087375164031982422e+00
1.703992962837219238e+00 1.106081247329711914e+00 1.131582856178283691e+00
1.661831259727478027e+00 1.098576664924621582e+00 1.121965050697326660e+00
1.631120204925537109e+00 1.167402982711791992e+00 1.110552310943603516e+00
1.677431702613830566e+00 1.149176836013793945e+00 1.095521688461303711e+00
1.663333654403686523e+00 1.119504332542419434e+00 1.103817582130432129e+00
1.698269248008728027e+00 1.086488604545593262e+00 1.171226263046264648e+00
1.596945881843566895e+00 1.066095709800720215e+00 1.141196250915527344e+00
1.666751503944396973e+00 1.163973212242126465e+00 1.179792761802673340e+00
1.649310231208801270e+00 1.119483470916748047e+00 1.061553716659545898e+00
1.698957681655883789e+00 1.122127532958984375e+00 1.159498095512390137e+00
1.682167530059814453e+00 1.182338118553161621e+00 1.169648170471191406e+00
1.754856467247009277e+00 1.102111458778381348e+00 1.139768481254577637e+00
1.625817418098449707e+00 1.066475152969360352e+00 1.221778631210327148e+00
1.598889112472534180e+00 1.113134264945983887e+00 1.110332250595092773e+00
1.678136706352233887e+00 1.197709441184997559e+00 1.267805695533752441e+00
1.678648948669433594e+00 1.173664689064025879e+00 1.137305736541748047e+00
1.663513779640197754e+00 1.175304651260375977e+00 1.155559897422790527e+00
1.590524554252624512e+00 1.140056848526000977e+00 1.259507060050964355e+00
1.610869169235229492e+00 1.138671398162841797e+00 1.179230332374572754e+00
1.684575319290161133e+00 1.158505558967590332e+00 1.177040696144104004e+00
1.665411591529846191e+00 1.135701179504394531e+00 1.097743272781372070e+00
1.587494134902954102e+00 1.109453797340393066e+00 1.149402976036071777e+00
1.796328425407409668e+00 1.097598671913146973e+00 1.232585549354553223e+00
1.656266450881958008e+00 1.110798954963684082e+00 1.126846909523010254e+00
1.756431579589843750e+00 1.091447591781616211e+00 1.144126534461975098e+00
1.712612986564636230e+00 1.115363359451293945e+00 1.232420325279235840e+00
1.705963134765625000e+00 1.100120663642883301e+00 1.151888132095336914e+00
1.733201980590820312e+00 1.164809226989746094e+00 1.171902775764465332e+00
1.752092719078063965e+00 1.145838975906372070e+00 1.129734277725219727e+00
1.633004546165466309e+00 1.171655058860778809e+00 1.187561154365539551e+00
1.652408957481384277e+00 1.187895178794860840e+00 1.155184149742126465e+00
1.660506486892700195e+00 1.139871716499328613e+00 1.134002089500427246e+00
1.690423369407653809e+00 1.088673710823059082e+00 1.218487977981567383e+00
1.623255491256713867e+00 1.125895857810974121e+00 1.253482222557067871e+00
1.713316321372985840e+00 1.206934452056884766e+00 1.154545307159423828e+00
1.715094447135925293e+00 1.188100337982177734e+00 1.125189781188964844e+00
1.681123733520507812e+00 1.120880842208862305e+00 1.228192567825317383e+00
1.714606881141662598e+00 1.190242171287536621e+00 1.244734644889831543e+00
1.663637876510620117e+00 1.170502781867980957e+00 1.148754596710205078e+00
1.823497056961059570e+00 1.150838375091552734e+00 1.159874916076660156e+00
1.668254017829895020e+00 1.188221096992492676e+00 1.086907505989074707e+00
1.650449633598327637e+00 1.173567652702331543e+00 1.261862158775329590e+00
1.598921537399291992e+00 1.150086045265197754e+00 1.121902227401733398e+00
1.666053891181945801e+00 1.159783124923706055e+00 1.067861676216125488e+00
1.644042730331420898e+00 1.102712631225585938e+00 1.144112706184387207e+00
1.656213402748107910e+00 1.241180181503295898e+00 1.188017725944519043e+00
1.692343592643737793e+00 1.125817894935607910e+00 1.183191657066345215e+00
1.765724182128906250e+00 1.111668586730957031e+00 1.156092762947082520e+00
1.752141714096069336e+00 1.159149885177612305e+00 1.242743372917175293e+00
1.664491891860961914e+00 1.179943203926086426e+00 1.123854041099548340e+00
1.647376894950866699e+00 1.186123728752136230e+00 1.155028939247131348e+00
1.756010174751281738e+00 1.173741221427917480e+00 1.180111885070800781e+00
1.755030393600463867e+00 1.143244266510009766e+00 1.107335090637207031e+00
1.651664972305297852e+00 1.200779199600219727e+00 1.160748600959777832e+00
1.683328032493591309e+00 1.125779390335083008e+00 1.077095031738281250e+00
1.639616131782531738e+00 1.080754041671752930e+00 1.150911688804626465e+00
1.680758476257324219e+00 1.120110750198364258e+00 1.146953225135803223e+00
1.675014615058898926e+00 1.156952381134033203e+00 1.146969676017761230e+00
1.663363337516784668e+00 1.118009805679321289e+00 1.233772754669189453e+00
1.711328506469726562e+00 1.110066652297973633e+00 1.141865491867065430e+00
1.621309041976928711e+00 1.168462038040161133e+00 1.180183172225952148e+00
1.716784358024597168e+00 1.139122009277343750e+00 1.167224287986755371e+00
1.656909704208374023e+00 1.141464710235595703e+00 1.125136971473693848e+00
1.634261488914489746e+00 1.148098826408386230e+00 1.075984239578247070e+00
1.638298869132995605e+00 1.172213792800903320e+00 1.145408034324645996e+00
1.710385560989379883e+00 1.163151383399963379e+00 1.186794400215148926e+00
1.718963265419006348e+00 1.127257347106933594e+00 1.163889288902282715e+00
1.724800109863281250e+00 1.128254652023315430e+00 1.167863368988037109e+00
1.715795993804931641e+00 1.123025774955749512e+00 1.126723408699035645e+00
1.636738777160644531e+00 1.158068180084228516e+00 1.182713985443115234e+00
1.609763860702514648e+00 1.178935647010803223e+00 1.159279942512512207e+00
1.641134500503540039e+00 1.092454552650451660e+00 1.107982635498046875e+00
1.669253110885620117e+00 1.154957532882690430e+00 1.194004058837890625e+00
1.717876195907592773e+00 1.137102842330932617e+00 1.148461818695068359e+00
1.757486224174499512e+00 1.230527520179748535e+00 1.193113446235656738e+00
1.694903731346130371e+00 1.187553882598876953e+00 1.118016958236694336e+00
1.587723612785339355e+00 1.115314245223999023e+00 1.153746008872985840e+00
1.679539322853088379e+00 1.118966460227966309e+00 1.211747884750366211e+00
1.602984547615051270e+00 1.204381465911865234e+00 1.196949005126953125e+00
1.769129037857055664e+00 1.127754807472229004e+00 1.085300922393798828e+00
1.613373875617980957e+00 1.134505867958068848e+00 1.144633769989013672e+00
1.674998641014099121e+00 1.195091485977172852e+00 1.227604150772094727e+00
1.605105876922607422e+00 1.202382206916809082e+00 1.142316818237304688e+00
1.800728201866149902e+00 1.098442673683166504e+00 1.133463978767395020e+00
1.767872095108032227e+00 1.082397818565368652e+00 1.091597557067871094e+00
1.690411686897277832e+00 1.114014506340026855e+00 1.108132600784301758e+00
1.634867191314697266e+00 1.156177639961242676e+00 1.192022562026977539e+00
1.647014021873474121e+00 1.195229172706604004e+00 1.094969153404235840e+00
1.745515584945678711e+00 1.078505039215087891e+00 1.189507365226745605e+00
1.689431786537170410e+00 1.160793185234069824e+00 1.139618158340454102e+00
1.609916567802429199e+00 1.219539761543273926e+00 1.109083771705627441e+00
1.650046825408935547e+00 1.201143026351928711e+00 1.248322725296020508e+00
1.704301953315734863e+00 1.009042024612426758e+00 1.127926945686340332e+00
1.676697254180908203e+00 1.127207517623901367e+00 1.070043206214904785e+00
1.655890464782714844e+00 1.197761535644531250e+00 1.177962779998779297e+00
1.621015548706054688e+00 1.085579633712768555e+00 1.192645788192749023e+00
1.602394700050354004e+00 1.146201252937316895e+00 1.180253982543945312e+00
1.716611027717590332e+00 1.211857676506042480e+00 1.160083532333374023e+00
1.710264801979064941e+00 1.236233353614807129e+00 1.203271269798278809e+00
1.659297466278076172e+00 1.119883060455322266e+00 1.136144995689392090e+00
1.720127582550048828e+00 1.182559251785278320e+00 1.127854704856872559e+00
1.738945484161376953e+00 1.151515841484069824e+00 1.136156797409057617e+00
1.802114725112915039e+00 1.128302454948425293e+00 1.199255347251892090e+00
1.796434164047241211e+00 1.131972670555114746e+00 1.198431015014648438e+00
1.661353945732116699e+00 1.152746438980102539e+00 1.110291242599487305e+00
1.664315462112426758e+00 1.101914048194885254e+00 1.165883302688598633e+00
1.695120692253112793e+00 1.158708572387695312e+00 1.152910351753234863e+00
1.672016024589538574e+00 1.149742841720581055e+00 1.174612641334533691e+00
1.770064115524291992e+00 1.102878570556640625e+00 1.132254600524902344e+00
1.698851227760314941e+00 1.210103034973144531e+00 1.168696522712707520e+00
1.732756018638610840e+00 1.145691156387329102e+00 1.202303051948547363e+00
1.740544319152832031e+00 1.107474565505981445e+00 1.119098544120788574e+00
1.714032769203186035e+00 1.188234448432922363e+00 1.097020149230957031e+00
1.671848893165588379e+00 1.118192076683044434e+00 1.063181996345520020e+00
1.700776338577270508e+00 1.163979887962341309e+00 1.106501221656799316e+00
1.705989599227905273e+00 1.175936937332153320e+00 1.129122972488403320e+00
1.703470110893249512e+00 1.151410460472106934e+00 1.126884341239929199e+00
1.655327200889587402e+00 1.159350752830505371e+00 1.138363957405090332e+00
1.624629020690917969e+00 1.119393706321716309e+00 1.173850774765014648e+00
1.753783583641052246e+00 1.047802448272705078e+00 1.060731768608093262e+00
1.744772791862487793e+00 1.160679459571838379e+00 1.134409189224243164e+00
1.631003975868225098e+00 1.095162987709045410e+00 1.152029275894165039e+00
1.565958380699157715e+00 1.130734682083129883e+00 1.165698528289794922e+00
1.741256952285766602e+00 1.158480644226074219e+00 1.126536011695861816e+00
1.766627073287963867e+00 1.116668581962585449e+00 1.145252585411071777e+00
1.709645032882690430e+00 1.128716111183166504e+00 1.070354461669921875e+00
1.725592017173767090e+00 1.146492958068847656e+00 1.144845247268676758e+00
1.798669576644897461e+00 1.080377459526062012e+00 1.206112623214721680e+00
1.657468318939208984e+00 1.123107194900512695e+00 1.210848927497863770e+00
1.673096299171447754e+00 1.139678001403808594e+00 1.112167835235595703e+00
1.692433834075927734e+00 1.138315677642822266e+00 1.192991971969604492e+00
1.661311626434326172e+00 1.200949192047119141e+00 1.164846301078796387e+00
1.679249882698059082e+00 1.139559626579284668e+00 1.088888168334960938e+00
1.760449767112731934e+00 1.182238221168518066e+00 1.257136106491088867e+00
1.683880090713500977e+00 1.045607089996337891e+00 1.141552448272705078e+00
1.721209645271301270e+00 1.198847651481628418e+00 1.115847468376159668e+00
1.743963479995727539e+00 1.202363014221191406e+00 1.209120750427246094e+00
1.697934150695800781e+00 1.200154185295104980e+00 1.138739228248596191e+00
1.643781661987304688e+00 1.208442211151123047e+00 1.126233100891113281e+00
1.716874480247497559e+00 1.185736656188964844e+00 1.028867244720458984e+00
1.659621238708496094e+00 1.202837586402893066e+00 1.225868225097656250e+00
1.618206620216369629e+00 1.161793589591979980e+00 1.140248537063598633e+00
1.717247843742370605e+00 1.187513709068298340e+00 1.125182986259460449e+00
1.738402485847473145e+00 1.195238351821899414e+00 1.222074151039123535e+00
1.611267089843750000e+00 1.239030957221984863e+00 1.128265142440795898e+00
1.670740604400634766e+00 1.101411938667297363e+00 1.187156915664672852e+00
1.650206208229064941e+00 1.177718997001647949e+00 1.281116962432861328e+00
1.595808267593383789e+00 1.190738916397094727e+00 1.126745939254760742e+00
1.799048304557800293e+00 1.105834722518920898e+00 1.186506867408752441e+00
1.635274291038513184e+00 1.190646409988403320e+00 1.154621481895446777e+00
1.717137098312377930e+00 1.242874145507812500e+00 1.113207936286926270e+00
1.757241725921630859e+00 1.191871762275695801e+00 1.125034570693969727e+00
1.712029218673706055e+00 1.149589300155639648e+00 1.203465700149536133e+00
1.603699684143066406e+00 1.145487904548645020e+00 1.133299231529235840e+00
1.669591665267944336e+00 1.141426205635070801e+00 9.899110198020935059e-01
1.751377224922180176e+00 1.173387169837951660e+00 1.166479825973510742e+00
1.597779273986816406e+00 1.239146709442138672e+00 1.194349646568298340e+00
1.633082389831542969e+00 1.159793376922607422e+00 1.057317018508911133e+00
1.683352589607238770e+00 1.186406493186950684e+00 1.135496258735656738e+00
1.610002756118774414e+00 1.247543573379516602e+00 1.139015316963195801e+00
1.658644199371337891e+00 1.171595454216003418e+00 1.197205066680908203e+00
1.788356423377990723e+00 1.172197818756103516e+00 1.074907541275024414e+00
1.699876427650451660e+00 1.135302424430847168e+00 1.205557703971862793e+00
1.719490885734558105e+00 1.225301980972290039e+00 1.207534670829772949e+00
1.615540623664855957e+00 1.132882952690124512e+00 1.196238994598388672e+00
1.666072607040405273e+00 1.148343920707702637e+00 1.112975358963012695e+00
1.697957634925842285e+00 1.082257270812988281e+00 1.162025332450866699e+00
1.724350214004516602e+00 1.132588505744934082e+00 1.200362205505371094e+00
1.693117856979370117e+00 1.147913813591003418e+00 1.112560033798217773e+00
1.702937960624694824e+00 1.120467185974121094e+00 1.129729509353637695e+00
1.707477211952209473e+00 1.159426093101501465e+00 1.145517826080322266e+00
1.726875782012939453e+00 1.150763392448425293e+00 1.141253352165222168e+00
1.634322762489318848e+00 1.198248982429504395e+00 1.090475916862487793e+00
1.748199224472045898e+00 1.145089983940124512e+00 1.138894200325012207e+00
1.861239552497863770e+00 1.145919442176818848e+00 1.153339147567749023e+00
1.719257831573486328e+00 1.130132198333740234e+00 1.147973537445068359e+00
1.604416966438293457e+00 1.155055761337280273e+00 1.158162951469421387e+00
1.734164595603942871e+00 1.106856584548950195e+00 1.116395354270935059e+00
1.666695713996887207e+00 1.223009824752807617e+00 1.109866142272949219e+00
1.719457387924194336e+00 1.116016268730163574e+00 1.166062951087951660e+00
1.647017598152160645e+00 1.149919390678405762e+00 1.063960552215576172e+00
1.735335588455200195e+00 1.212729692459106445e+00 1.290218114852905273e+00
1.706938505172729492e+00 1.085052251815795898e+00 1.131991863250732422e+00
1.637837886810302734e+00 1.118626594543457031e+00 1.149413585662841797e+00
1.746393799781799316e+00 1.131397485733032227e+00 1.222338557243347168e+00
1.599597930908203125e+00 1.178230643272399902e+00 1.210918545722961426e+00
1.759709358215332031e+00 1.213468909263610840e+00 1.150621771812438965e+00
1.690420746803283691e+00 1.187776327133178711e+00 1.225115418434143066e+00
1.599725723266601562e+00 1.211789608001708984e+00 1.153349280357360840e+00
1.627160072326660156e+00 1.158924460411071777e+00 1.047919273376464844e+00
1.611163735389709473e+00 1.160261273384094238e+00 1.186418294906616211e+00
1.644226551055908203e+00 1.073216199874877930e+00 1.107769489288330078e+00
1.621191620826721191e+00 1.138917803764343262e+00 1.193110704421997070e+00
1.632636308670043945e+00 1.140280008316040039e+00 1.177658081054687500e+00
1.627237677574157715e+00 1.128648757934570312e+00 1.123857259750366211e+00
1.748989462852478027e+00 1.075034141540527344e+00 1.196355819702148438e+00
1.690985679626464844e+00 1.114456534385681152e+00 1.164939403533935547e+00
1.696347117424011230e+00 1.135655283927917480e+00 1.216374516487121582e+00
1.713496804237365723e+00 1.156279206275939941e+00 1.106657743453979492e+00
1.738651871681213379e+00 1.127705097198486328e+00 1.315747857093811035e+00
1.716927886009216309e+00 1.264196634292602539e+00 1.162477970123291016e+00
1.659290313720703125e+00 1.193773865699768066e+00 1.160645008087158203e+00
1.732712626457214355e+00 1.175516247749328613e+00 1.148750901222229004e+00
1.710097908973693848e+00 1.109053015708923340e+00 1.180261015892028809e+00
1.689228773117065430e+00 1.149205565452575684e+00 1.085312724113464355e+00
1.690486431121826172e+00 1.149935245513916016e+00 1.109941840171813965e+00
1.673161983489990234e+00 1.236508488655090332e+00 1.149407744407653809e+00
1.685850858688354492e+00 1.215562224388122559e+00 1.215468287467956543e+00
1.672695636749267578e+00 1.158661127090454102e+00 1.217360734939575195e+00
1.624131679534912109e+00 1.104031085968017578e+00 1.197735309600830078e+00
1.627925753593444824e+00 1.148721218109130859e+00 1.149578332901000977e+00
1.697536587715148926e+00 1.159216642379760742e+00 1.187642812728881836e+00
1.729016184806823730e+00 1.074396371841430664e+00 1.222974300384521484e+00
1.611261725425720215e+00 1.149394750595092773e+00 1.115988969802856445e+00
1.643734931945800781e+00 1.160594224929809570e+00 1.096534490585327148e+00
1.678225159645080566e+00 1.120455622673034668e+00 1.047634363174438477e+00
1.705175757408142090e+00 1.157292366027832031e+00 1.122444748878479004e+00
1.683781981468200684e+00 1.114216804504394531e+00 1.177551031112670898e+00
1.657001376152038574e+00 1.208821892738342285e+00 1.200698256492614746e+00
1.556087255477905273e+00 1.167803168296813965e+00 1.101241350173950195e+00
1.640369772911071777e+00 1.118421673774719238e+00 1.113216042518615723e+00
1.686762332916259766e+00 1.162768483161926270e+00 1.269963264465332031e+00
1.694611907005310059e+00 1.200566053390502930e+00 1.129015684127807617e+00
1.720900535583496094e+00 1.181137800216674805e+00 1.223199009895324707e+00
1.735017538070678711e+00 1.103442668914794922e+00 1.178948998451232910e+00
1.696055769920349121e+00 1.149752378463745117e+00 1.072422385215759277e+00
1.620882272720336914e+00 1.051062464714050293e+00 1.155765175819396973e+00
1.704271316528320312e+00 1.198985457420349121e+00 1.136491775512695312e+00
1.692466855049133301e+00 1.145683169364929199e+00 1.147052407264709473e+00
1.711886525154113770e+00 1.183307886123657227e+00 1.145178079605102539e+00
1.636622309684753418e+00 1.147231936454772949e+00 1.145158052444458008e+00
1.641989707946777344e+00 1.153643727302551270e+00 1.215930819511413574e+00
1.707143187522888184e+00 1.159176111221313477e+00 1.159431457519531250e+00
1.617378473281860352e+00 1.209359169006347656e+00 1.113687276840209961e+00
1.731114387512207031e+00 1.176102399826049805e+00 1.169262409210205078e+00
1.747536540031433105e+00 1.145992636680603027e+00 1.154782533645629883e+00
1.682405233383178711e+00 1.158992528915405273e+00 1.140002965927124023e+00
1.677417397499084473e+00 1.129153490066528320e+00 1.172566771507263184e+00
1.702265143394470215e+00 1.158202648162841797e+00 1.142659902572631836e+00
1.657655835151672363e+00 1.181015610694885254e+00 1.214407801628112793e+00
1.663668990135192871e+00 1.162701368331909180e+00 1.147766113281250000e+00
1.578982353210449219e+00 1.164148688316345215e+00 1.236945390701293945e+00
1.717823863029479980e+00 1.115595221519470215e+00 1.098849177360534668e+00
1.711097240447998047e+00 1.139932751655578613e+00 1.097936153411865234e+00
1.723546743392944336e+00 1.198452115058898926e+00 1.176082849502563477e+00
1.686230421066284180e+00 1.146815419197082520e+00 1.190964221954345703e+00
1.731929421424865723e+00 1.090421557426452637e+00 1.087149143218994141e+00
1.693663954734802246e+00 1.153406620025634766e+00 1.127730131149291992e+00
1.784822463989257812e+00 1.186831235885620117e+00 1.242624998092651367e+00
1.699869513511657715e+00 1.149769186973571777e+00 1.123567342758178711e+00
1.655410051345825195e+00 1.151954174041748047e+00 1.107375979423522949e+00
1.627477765083312988e+00 1.179455280303955078e+00 1.142627477645874023e+00
1.663513302803039551e+00 1.167485952377319336e+00 1.155527710914611816e+00
1.722414493560791016e+00 1.154801607131958008e+00 1.209335088729858398e+00
1.790097713470458984e+00 1.139392256736755371e+00 1.189401984214782715e+00
1.624508261680603027e+00 1.152447581291198730e+00 1.153624296188354492e+00
1.699302554130554199e+00 1.142555117607116699e+00 1.153289556503295898e+00
1.515888810157775879e+00 1.150088071823120117e+00 1.203031182289123535e+00
1.643799066543579102e+00 1.164561390876770020e+00 1.091398119926452637e+00
1.727349638938903809e+00 1.142570018768310547e+00 1.169989347457885742e+00
1.613556504249572754e+00 1.199935913085937500e+00 1.149634361267089844e+00
1.652797102928161621e+00 1.167711138725280762e+00 1.167740464210510254e+00
1.667560100555419922e+00 1.152734875679016113e+00 1.141369223594665527e+00
1.704770565032958984e+00 1.158125638961791992e+00 1.243516564369201660e+00
1.643609285354614258e+00 1.138440251350402832e+00 1.205183506011962891e+00
1.712254643440246582e+00 1.217847943305969238e+00 1.105610370635986328e+00
1.658913254737854004e+00 1.164507985115051270e+00 1.158820271492004395e+00
1.647608160972595215e+00 1.099069356918334961e+00 1.158139348030090332e+00
1.485825538635253906e+00 1.193386554718017578e+00 1.204913258552551270e+00
1.604205489158630371e+00 1.182784318923950195e+00 1.179239511489868164e+00
1.674269556999206543e+00 1.160953521728515625e+00 1.270214080810546875e+00
1.724740743637084961e+00 1.172734975814819336e+00 1.098779559135437012e+00
1.674200773239135742e+00 1.117493748664855957e+00 1.121852517127990723e+00
1.682486534118652344e+00 1.159331679344177246e+00 1.151850461959838867e+00
1.744715571403503418e+00 1.245772123336791992e+00 1.151370644569396973e+00
1.728505730628967285e+00 1.127140522003173828e+00 1.206657886505126953e+00
1.676064610481262207e+00 1.147609710693359375e+00 1.114753842353820801e+00
1.641751170158386230e+00 1.151687741279602051e+00 1.083783864974975586e+00
1.636149048805236816e+00 1.042512536048889160e+00 1.153378367424011230e+00
1.639858245849609375e+00 1.177898526191711426e+00 1.132665157318115234e+00
1.656236529350280762e+00 1.149660706520080566e+00 1.151831150054931641e+00
1.644521832466125488e+00 1.163101196289062500e+00 1.139803409576416016e+00
1.718716025352478027e+00 1.083655238151550293e+00 1.183276891708374023e+00
1.702743530273437500e+00 1.153139948844909668e+00 1.067597627639770508e+00
1.679085969924926758e+00 1.169310331344604492e+00 1.193389415740966797e+00
1.606611967086791992e+00 1.130618691444396973e+00 1.136991024017333984e+00
1.676009654998779297e+00 1.171328663825988770e+00 1.163257241249084473e+00
1.624683856964111328e+00 1.156921505928039551e+00 1.251940727233886719e+00
1.587380409240722656e+00 1.232995510101318359e+00 1.216204643249511719e+00
1.659822583198547363e+00 1.126911997795104980e+00 1.088955879211425781e+00
1.708566546440124512e+00 1.193759322166442871e+00 1.091749787330627441e+00
1.736901402473449707e+00 1.169909000396728516e+00 1.139401555061340332e+00
1.640352845191955566e+00 1.161556005477905273e+00 1.160226821899414062e+00
1.754110693931579590e+00 1.236469864845275879e+00 1.122763633728027344e+00
1.698773622512817383e+00 1.112168550491333008e+00 1.106482028961181641e+00
1.768281936645507812e+00 1.200069785118103027e+00 1.118142247200012207e+00
1.715729832649230957e+00 1.176910758018493652e+00 1.133503437042236328e+00
1.658603668212890625e+00 1.129633188247680664e+00 1.166207790374755859e+00
1.659860134124755859e+00 1.183378696441650391e+00 1.238823771476745605e+00
1.647938132286071777e+00 1.144114494323730469e+00 1.179309368133544922e+00
1.724816322326660156e+00 1.180338263511657715e+00 1.226498007774353027e+00
1.663373708724975586e+00 1.241226911544799805e+00 1.190035939216613770e+00
1.654548764228820801e+00 1.211562395095825195e+00 1.078001260757446289e+00
1.701589345932006836e+00 1.149837255477905273e+00 1.217608809471130371e+00
1.650095224380493164e+00 1.111871242523193359e+00 1.155675411224365234e+00
1.622669696807861328e+00 1.176777362823486328e+00 1.134017467498779297e+00
1.716205954551696777e+00 1.161480545997619629e+00 1.148180603981018066e+00
1.655751347541809082e+00 1.167065262794494629e+00 1.122304081916809082e+00
1.684991717338562012e+00 1.175635099411010742e+00 1.093151926994323730e+00
1.634105920791625977e+00 1.170879244804382324e+00 1.144944071769714355e+00
1.718807935714721680e+00 1.191411375999450684e+00 1.147328257560729980e+00
1.714360833168029785e+00 1.156992197036743164e+00 1.097247481346130371e+00
1.666519641876220703e+00 1.193735957145690918e+00 1.206233739852905273e+00
1.781794548034667969e+00 1.113179922103881836e+00 1.124238252639770508e+00
1.598318934440612793e+00 1.138139247894287109e+00 1.289046287536621094e+00
1.714491367340087891e+00 1.082697749137878418e+00 1.130917787551879883e+00
1.711446523666381836e+00 1.235843300819396973e+00 1.073121070861816406e+00
1.633735179901123047e+00 1.163841485977172852e+00 1.158990621566772461e+00
1.669645547866821289e+00 1.172504663467407227e+00 1.119890928268432617e+00
1.754668116569519043e+00 1.153020024299621582e+00 1.162474751472473145e+00
1.696258783340454102e+00 1.106468558311462402e+00 1.137486457824707031e+00
1.587456107139587402e+00 1.103655338287353516e+00 1.181559920310974121e+00
1.669168353080749512e+00 1.148899674415588379e+00 1.076286435127258301e+00
1.705881237983703613e+00 1.169502973556518555e+00 1.049163818359375000e+00
1.640940546989440918e+00 1.158929109573364258e+00 1.160216093063354492e+00
1.634718298912048340e+00 1.153208017349243164e+00 1.166491031646728516e+00
1.667264342308044434e+00 1.165000319480895996e+00 1.110783815383911133e+00
1.675533533096313477e+00 1.147026181221008301e+00 1.137952208518981934e+00
1.666717886924743652e+00 1.243291378021240234e+00 1.179615736007690430e+00
1.547831296920776367e+00 1.172342181205749512e+00 1.139315009117126465e+00
1.738105535507202148e+00 1.121029615402221680e+00 1.077775120735168457e+00
1.639565348625183105e+00 1.098489999771118164e+00 1.169330000877380371e+00
1.735768198966979980e+00 1.126377701759338379e+00 1.100178837776184082e+00
1.649543285369873047e+00 1.123090386390686035e+00 1.177967667579650879e+00
1.753921866416931152e+00 1.217914819717407227e+00 1.174693346023559570e+00
1.732831239700317383e+00 1.167300343513488770e+00 1.148134350776672363e+00
1.738113045692443848e+00 1.123638987541198730e+00 1.174423336982727051e+00
1.705072402954101562e+00 1.174189329147338867e+00 1.114293098449707031e+00
1.639449357986450195e+00 1.211063265800476074e+00 1.074776530265808105e+00
1.763174772262573242e+00 1.218967318534851074e+00 1.156350612640380859e+00
1.647184848785400391e+00 1.138110399246215820e+00 1.112955570220947266e+00
1.711639523506164551e+00 1.207725524902343750e+00 1.182182431221008301e+00
1.661152958869934082e+00 1.214507579803466797e+00 1.162831068038940430e+00
1.683636307716369629e+00 1.168441057205200195e+00 1.125980734825134277e+00
1.629971504211425781e+00 1.101202487945556641e+00 1.136194348335266113e+00
1.749370336532592773e+00 1.134593248367309570e+00 1.187040209770202637e+00
1.597556948661804199e+00 1.143750429153442383e+00 1.135315895080566406e+00
1.764547944068908691e+00 1.160504102706909180e+00 1.176004171371459961e+00
1.665300965309143066e+00 1.234805941581726074e+00 1.112649440765380859e+00
1.553173184394836426e+00 1.155973434448242188e+00 1.100730776786804199e+00
1.623865365982055664e+00 1.159348964691162109e+00 1.136454939842224121e+00
1.684773445129394531e+00 1.080108523368835449e+00 1.224872827529907227e+00
1.739207148551940918e+00 1.191079020500183105e+00 1.159865736961364746e+00
1.637981653213500977e+00 1.128420829772949219e+00 1.290841579437255859e+00
1.702096343040466309e+00 1.183918237686157227e+00 1.150851607322692871e+00
1.732690572738647461e+00 1.171909213066101074e+00 1.243926644325256348e+00
1.685799717903137207e+00 1.174575090408325195e+00 1.142538070678710938e+00
1.681115865707397461e+00 1.174029707908630371e+00 1.043101906776428223e+00
1.671289086341857910e+00 1.169144988059997559e+00 1.155499339103698730e+00
1.628846764564514160e+00 1.220260977745056152e+00 1.120970964431762695e+00
1.712632179260253906e+00 1.189371585845947266e+00 1.222875833511352539e+00
1.751367807388305664e+00 1.127550840377807617e+00 1.148166298866271973e+00
1.743668198585510254e+00 1.186998248100280762e+00 1.104067564010620117e+00
1.622125148773193359e+00 1.248787879943847656e+00 1.149284958839416504e+00
1.656397342681884766e+00 1.212664127349853516e+00 1.189034461975097656e+00
1.633342742919921875e+00 1.133278250694274902e+00 1.149066567420959473e+00
1.728688716888427734e+00 1.105797767639160156e+00 1.231717348098754883e+00
1.690370440483093262e+00 1.131806969642639160e+00 1.223239541053771973e+00
1.652551293373107910e+00 1.111831903457641602e+00 1.136599183082580566e+00
1.717266798019409180e+00 1.168236970901489258e+00 1.189809083938598633e+00
1.681686639785766602e+00 1.156281113624572754e+00 1.158620953559875488e+00
1.652560114860534668e+00 1.154679894447326660e+00 1.208086371421813965e+00
1.665285468101501465e+00 1.140828371047973633e+00 1.087867975234985352e+00
1.694599509239196777e+00 1.144680619239807129e+00 1.083624720573425293e+00
1.716330528259277344e+00 1.234152674674987793e+00 1.122492432594299316e+00
1.733261227607727051e+00 1.172660827636718750e+00 1.159646034240722656e+00
1.614049434661865234e+00 1.239076018333435059e+00 1.125952124595642090e+00
1.607763886451721191e+00 1.160101652145385742e+00 1.086757659912109375e+00
1.705013155937194824e+00 1.156860709190368652e+00 1.212511420249938965e+00
1.681149959564208984e+00 1.065148591995239258e+00 1.120923399925231934e+00
1.627172946929931641e+00 1.152991771697998047e+00 1.237442612648010254e+00
1.725583434104919434e+00 1.165218114852905273e+00 1.143443346023559570e+00
1.649980545043945312e+00 1.223245263099670410e+00 1.170110344886779785e+00
1.690976738929748535e+00 1.155374765396118164e+00 1.120352864265441895e+00
1.679538846015930176e+00 1.178450703620910645e+00 1.108148574829101562e+00
1.689977765083312988e+00 1.149311423301696777e+00 1.070098519325256348e+00
1.777964234352111816e+00 1.215988755226135254e+00 1.164669513702392578e+00
1.718985319137573242e+00 1.175691366195678711e+00 1.221053957939147949e+00
1.687544465065002441e+00 1.215899944305419922e+00 1.135342478752136230e+00
1.648018002510070801e+00 1.166864752769470215e+00 1.037028193473815918e+00
1.753287911415100098e+00 1.219449758529663086e+00 1.151412367820739746e+00
1.757534861564636230e+00 1.170318365097045898e+00 1.153560161590576172e+00
1.664744377136230469e+00 1.222517251968383789e+00 1.219702124595642090e+00
1.724101543426513672e+00 1.139009356498718262e+00 1.101902961730957031e+00
1.716567039489746094e+00 1.150629639625549316e+00 1.082725167274475098e+00
1.674998044967651367e+00 1.171007752418518066e+00 1.180121302604675293e+00
1.790277838706970215e+00 1.200827360153198242e+00 1.234871149063110352e+00
1.604765176773071289e+00 1.187489271163940430e+00 1.113609075546264648e+00
1.600091934204101562e+00 1.198060512542724609e+00 1.141303777694702148e+00
1.701763629913330078e+00 1.185889840126037598e+00 1.119364380836486816e+00
1.743546128273010254e+00 1.139453530311584473e+00 1.189485073089599609e+00
1.724143743515014648e+00 1.256011843681335449e+00 1.131182193756103516e+00
1.660857319831848145e+00 1.136914134025573730e+00 1.192271590232849121e+00
1.822146654129028320e+00 1.143570065498352051e+00 1.219380855560302734e+00
1.610239744186401367e+00 1.125453948974609375e+00 1.122437715530395508e+00
1.656168699264526367e+00 1.159921407699584961e+00 1.102733731269836426e+00
1.657217741012573242e+00 1.255443215370178223e+00 1.127269625663757324e+00
1.742831826210021973e+00 1.214801907539367676e+00 1.104349255561828613e+00
1.676292896270751953e+00 1.157810926437377930e+00 1.193605422973632812e+00
1.626271724700927734e+00 1.204985022544860840e+00 1.128852725028991699e+00
1.690935015678405762e+00 1.127869367599487305e+00 1.226912975311279297e+00
1.673228263854980469e+00 1.266487836837768555e+00 1.157932758331298828e+00
1.597593069076538086e+00 1.130956411361694336e+00 1.209917783737182617e+00
1.676646590232849121e+00 1.137325406074523926e+00 1.162549734115600586e+00
1.553382158279418945e+00 1.138581633567810059e+00 1.251083493232727051e+00
1.642494440078735352e+00 1.176754832267761230e+00 1.265047430992126465e+00
1.751737594604492188e+00 1.135400176048278809e+00 1.122094035148620605e+00
1.705406546592712402e+00 1.173410773277282715e+00 1.148224830627441406e+00
1.758417844772338867e+00 1.087695717811584473e+00 1.260235667228698730e+00
1.603540062904357910e+00 1.142347097396850586e+00 1.164612293243408203e+00
1.736510753631591797e+00 1.154712319374084473e+00 1.181632637977600098e+00
1.573719859123229980e+00 1.186402440071105957e+00 1.187748432159423828e+00
1.668906569480895996e+00 1.144390821456909180e+00 1.182147264480590820e+00
1.748625397682189941e+00 1.209166049957275391e+00 1.146198272705078125e+00
1.687019467353820801e+00 1.122096180915832520e+00 1.166372656822204590e+00
1.709030508995056152e+00 1.215592741966247559e+00 1.152853965759277344e+00
1.600179195404052734e+00 1.137259721755981445e+00 1.118433475494384766e+00
1.699125528335571289e+00 1.192786455154418945e+00 1.197549581527709961e+00
1.651976585388183594e+00 1.174164891242980957e+00 1.190822362899780273e+00
1.738766074180603027e+00 1.148288965225219727e+00 1.177939295768737793e+00
1.823451161384582520e+00 1.272193074226379395e+00 1.197197556495666504e+00
1.655410647392272949e+00 1.174091815948486328e+00 1.222758889198303223e+00
1.745874524116516113e+00 1.130241632461547852e+00 1.232273578643798828e+00
1.619431376457214355e+00 1.189457178115844727e+00 1.142922639846801758e+00
1.713529944419860840e+00 1.212598085403442383e+00 1.113062143325805664e+00
1.764006733894348145e+00 1.094640731811523438e+00 1.168234586715698242e+00
1.803787469863891602e+00 1.159896850585937500e+00 1.233290553092956543e+00
1.592903971672058105e+00 1.107958078384399414e+00 1.154644608497619629e+00
1.753460049629211426e+00 1.157292127609252930e+00 1.249158740043640137e+00
1.676903963088989258e+00 1.227618932723999023e+00 1.175049781799316406e+00
1.600580573081970215e+00 1.163501620292663574e+00 1.162383913993835449e+00
1.715726852416992188e+00 1.207787632942199707e+00 1.188320875167846680e+00
1.705785036087036133e+00 1.080849170684814453e+00 1.109296083450317383e+00
1.670011997222900391e+00 1.212784647941589355e+00 1.076696157455444336e+00
1.696836829185485840e+00 1.170147895812988281e+00 1.105315208435058594e+00
1.688130259513854980e+00 1.184429526329040527e+00 1.142864227294921875e+00
1.653343200683593750e+00 1.183519601821899414e+00 1.110695838928222656e+00
1.776888251304626465e+00 1.232113957405090332e+00 1.248989701271057129e+00
1.786738991737365723e+00 1.209622859954833984e+00 1.208650588989257812e+00
1.653338670730590820e+00 1.214215874671936035e+00 1.166759371757507324e+00
1.610480189323425293e+00 1.226476907730102539e+00 1.150911211967468262e+00
1.723231315612792969e+00 1.194050431251525879e+00 1.146871805191040039e+00
1.691678524017333984e+00 1.192459225654602051e+00 1.228321671485900879e+00
1.621934413909912109e+00 1.156384110450744629e+00 1.223064661026000977e+00
1.585960984230041504e+00 1.143456816673278809e+00 1.187981605529785156e+00
1.696546077728271484e+00 1.230532765388488770e+00 1.173905491828918457e+00
1.744319558143615723e+00 1.194088816642761230e+00 1.161193132400512695e+00
1.668734192848205566e+00 1.144352436065673828e+00 1.107057332992553711e+00
1.751751899719238281e+00 1.145504236221313477e+00 1.228533983230590820e+00
1.607322335243225098e+00 1.163092851638793945e+00 1.143658757209777832e+00
1.784544229507446289e+00 1.181755423545837402e+00 1.163121104240417480e+00
1.716224670410156250e+00 1.191823482513427734e+00 1.168124794960021973e+00
1.715982913970947266e+00 1.177683115005493164e+00 1.234115600585937500e+00
1.753483891487121582e+00 1.179893970489501953e+00 1.263684034347534180e+00
1.745687603950500488e+00 1.111724853515625000e+00 1.164922714233398438e+00
1.723791003227233887e+00 1.193712234497070312e+00 1.198221564292907715e+00
1.747655510902404785e+00 1.191149592399597168e+00 1.222800493240356445e+00
1.647432327270507812e+00 1.197804093360900879e+00 1.220147728919982910e+00
1.721633076667785645e+00 1.130568861961364746e+00 1.188712596893310547e+00
1.742032647132873535e+00 1.151055574417114258e+00 1.169832825660705566e+00
1.659499406814575195e+00 1.157848119735717773e+00 1.094308972358703613e+00
1.622546195983886719e+00 1.149055957794189453e+00 1.173648238182067871e+00
1.793722987174987793e+00 1.166531682014465332e+00 1.173655271530151367e+00
1.719161868095397949e+00 1.155929327011108398e+00 1.191590666770935059e+00
1.703345298767089844e+00 1.161714792251586914e+00 1.164700627326965332e+00
1.704909324645996094e+00 1.200762033462524414e+00 1.117232918739318848e+00
1.767021059989929199e+00 1.176707029342651367e+00 1.098012924194335938e+00
1.682716727256774902e+00 1.220936536788940430e+00 1.175677180290222168e+00
1.710819482803344727e+00 1.254825234413146973e+00 1.248142361640930176e+00
1.726109981536865234e+00 1.128564715385437012e+00 1.126872658729553223e+00
1.711502909660339355e+00 1.200918197631835938e+00 1.165798306465148926e+00
1.700063467025756836e+00 1.235637187957763672e+00 1.204584479331970215e+00
1.654200196266174316e+00 1.133799910545349121e+00 1.192680239677429199e+00
1.638459563255310059e+00 1.248903751373291016e+00 1.100389361381530762e+00
1.642036795616149902e+00 1.159382939338684082e+00 1.140468001365661621e+00
1.639680385589599609e+00 1.201084613800048828e+00 1.088279128074645996e+00
1.749355912208557129e+00 1.161581516265869141e+00 1.155067682266235352e+00
1.642272472381591797e+00 1.109545826911926270e+00 1.140458941459655762e+00
1.632627964019775391e+00 1.078096270561218262e+00 1.144749641418457031e+00
1.682637453079223633e+00 1.149731278419494629e+00 1.073026418685913086e+00
1.552483797073364258e+00 1.175156593322753906e+00 1.185910105705261230e+00
1.688082575798034668e+00 1.182657837867736816e+00 1.179962992668151855e+00
1.585377097129821777e+00 1.175831794738769531e+00 1.152798652648925781e+00
1.670712351799011230e+00 1.201662898063659668e+00 1.096209406852722168e+00
1.621942162513732910e+00 1.214909434318542480e+00 1.161005258560180664e+00
1.661403059959411621e+00 1.169937014579772949e+00 1.090078711509704590e+00
1.640956401824951172e+00 1.195209383964538574e+00 1.122243642807006836e+00
1.636678695678710938e+00 1.119721174240112305e+00 1.165736794471740723e+00
1.708439111709594727e+00 1.146428108215332031e+00 1.228895306587219238e+00
1.684936404228210449e+00 1.223647356033325195e+00 1.191714882850646973e+00
1.660010457038879395e+00 1.186573743820190430e+00 1.138025045394897461e+00
1.702884435653686523e+00 1.137669563293457031e+00 1.239978075027465820e+00
1.690931320190429688e+00 1.211986184120178223e+00 1.137736916542053223e+00
1.746909856796264648e+00 1.184697151184082031e+00 1.087329149246215820e+00
1.784484863281250000e+00 1.108018994331359863e+00 1.108401060104370117e+00
1.601132750511169434e+00 1.151815176010131836e+00 1.167910814285278320e+00
1.622638225555419922e+00 1.231018662452697754e+00 1.230299592018127441e+00
1.682751774787902832e+00 1.229456424713134766e+00 1.192884325981140137e+00
1.693657159805297852e+00 1.187187552452087402e+00 1.145328760147094727e+00
1.711644887924194336e+00 1.194476842880249023e+00 1.193006634712219238e+00
1.592262864112854004e+00 1.156485080718994141e+00 1.170437455177307129e+00
1.704544425010681152e+00 1.205726504325866699e+00 1.056378006935119629e+00
1.634050130844116211e+00 1.226467728614807129e+00 1.139087319374084473e+00
1.715427398681640625e+00 1.243873834609985352e+00 1.149965524673461914e+00
1.732717514038085938e+00 1.194367885589599609e+00 1.107222914695739746e+00
1.660799741744995117e+00 1.178788185119628906e+00 1.158564090728759766e+00
1.732917070388793945e+00 1.049555540084838867e+00 1.174944400787353516e+00
1.731374025344848633e+00 1.190352201461791992e+00 1.094912648200988770e+00
1.696160316467285156e+00 1.210036635398864746e+00 1.161165118217468262e+00
1.675392866134643555e+00 1.242546319961547852e+00 1.120154619216918945e+00
1.795511603355407715e+00 1.217718601226806641e+00 1.228246808052062988e+00
1.711572647094726562e+00 1.194866061210632324e+00 1.221508741378784180e+00
1.719574093818664551e+00 1.182725906372070312e+00 1.188041687011718750e+00
1.686753511428833008e+00 1.170732378959655762e+00 1.148749589920043945e+00
1.677706122398376465e+00 1.252294898033142090e+00 1.186988949775695801e+00
1.692558288574218750e+00 1.155628800392150879e+00 1.216659665107727051e+00
1.671172142028808594e+00 1.162906885147094727e+00 1.082463860511779785e+00
1.765516400337219238e+00 1.194596052169799805e+00 1.148965716361999512e+00
1.625324606895446777e+00 1.197941899299621582e+00 1.107498884201049805e+00
1.643983483314514160e+00 1.229645013809204102e+00 1.150274634361267090e+00
1.642725348472595215e+00 1.139806985855102539e+00 1.212037205696105957e+00
1.710183739662170410e+00 1.187724828720092773e+00 1.184229612350463867e+00
1.748549938201904297e+00 1.203624606132507324e+00 1.137638568878173828e+00
1.622622489929199219e+00 1.141768336296081543e+00 1.208935618400573730e+00
1.726518750190734863e+00 1.205143690109252930e+00 1.135409474372863770e+00
1.723841547966003418e+00 1.238297820091247559e+00 1.121034979820251465e+00
1.698666453361511230e+00 1.101441383361816406e+00 1.183616995811462402e+00
1.617679476737976074e+00 1.109359145164489746e+00 1.103663802146911621e+00
1.711727976799011230e+00 1.185972332954406738e+00 1.149986028671264648e+00
1.679109692573547363e+00 1.163227200508117676e+00 1.154221177101135254e+00
1.838427662849426270e+00 1.162923574447631836e+00 1.210504651069641113e+00
1.643674492835998535e+00 1.142649173736572266e+00 1.082098960876464844e+00
1.715966820716857910e+00 1.165226459503173828e+00 1.209995627403259277e+00
1.740608930587768555e+00 1.211979269981384277e+00 1.159113049507141113e+00
1.748677849769592285e+00 1.187138676643371582e+00 1.091901779174804688e+00
1.656586885452270508e+00 1.133883953094482422e+00 1.129271030426025391e+00
1.667852401733398438e+00 1.149597406387329102e+00 1.239199399948120117e+00
1.773724555969238281e+00 1.040155172348022461e+00 1.106378316879272461e+00
1.677425861358642578e+00 1.221722006797790527e+00 1.184407234191894531e+00
1.654918313026428223e+00 1.211080670356750488e+00 1.164346575736999512e+00
1.633532166481018066e+00 1.199214339256286621e+00 1.197033524513244629e+00
1.730103015899658203e+00 1.179358720779418945e+00 1.132096886634826660e+00
1.661566138267517090e+00 1.226422786712646484e+00 1.187983989715576172e+00
1.662539005279541016e+00 1.179571151733398438e+00 1.181211948394775391e+00
1.733009934425354004e+00 1.133806347846984863e+00 1.101824879646301270e+00
1.638129472732543945e+00 1.173344254493713379e+00 1.101979851722717285e+00
1.752768039703369141e+00 1.146568298339843750e+00 1.191562056541442871e+00
1.717184424400329590e+00 1.222677707672119141e+00 1.129624485969543457e+00
1.699255108833312988e+00 1.161111950874328613e+00 1.109660387039184570e+00
1.739194750785827637e+00 1.192422866821289062e+00 1.100220322608947754e+00
1.664581537246704102e+00 1.221396207809448242e+00 1.244495153427124023e+00
1.643020868301391602e+00 1.236928939819335938e+00 1.093504548072814941e+00
1.791574358940124512e+00 1.117786765098571777e+00 1.158825039863586426e+00
1.670816779136657715e+00 1.173737168312072754e+00 1.159718036651611328e+00
1.710119128227233887e+00 1.222680449485778809e+00 1.142296910285949707e+00
1.654090762138366699e+00 1.142874836921691895e+00 1.112175107002258301e+00
1.718098044395446777e+00 1.204475522041320801e+00 1.138019442558288574e+00
1.753188133239746094e+00 1.182001352310180664e+00 1.191548824310302734e+00
1.676918864250183105e+00 1.089327692985534668e+00 1.175827264785766602e+00
1.742036819458007812e+00 1.146969079971313477e+00 1.189571380615234375e+00
1.770034790039062500e+00 1.161886215209960938e+00 1.201405048370361328e+00
1.746305346488952637e+00 1.190780639648437500e+00 1.174362063407897949e+00
1.726084709167480469e+00 1.064115524291992188e+00 1.113885760307312012e+00
1.782041788101196289e+00 1.167768597602844238e+00 1.178553342819213867e+00
1.654749870300292969e+00 1.187237024307250977e+00 1.160174012184143066e+00
1.646921277046203613e+00 1.181098103523254395e+00 1.181454896926879883e+00
1.774222612380981445e+00 1.191070795059204102e+00 1.111287713050842285e+00
1.705955386161804199e+00 1.215256214141845703e+00 1.175971388816833496e+00
1.736381530761718750e+00 1.203412413597106934e+00 1.158962011337280273e+00
1.698084235191345215e+00 1.241301417350769043e+00 1.227249741554260254e+00
1.653124809265136719e+00 1.178527951240539551e+00 1.197253227233886719e+00
1.669576525688171387e+00 1.174916625022888184e+00 1.088336348533630371e+00
1.696606040000915527e+00 1.205506086349487305e+00 1.168673634529113770e+00
1.761866569519042969e+00 1.230278730392456055e+00 1.163093566894531250e+00
1.699075222015380859e+00 1.223676562309265137e+00 1.162373900413513184e+00
1.674056410789489746e+00 1.232818841934204102e+00 1.101773977279663086e+00
1.738322973251342773e+00 1.167782425880432129e+00 1.269494295120239258e+00
1.647206425666809082e+00 1.188169836997985840e+00 1.178965687751770020e+00
1.705957412719726562e+00 1.235886812210083008e+00 1.183798074722290039e+00
1.684842705726623535e+00 1.214086771011352539e+00 1.143716931343078613e+00
1.723189473152160645e+00 1.172738671302795410e+00 1.196033596992492676e+00
1.693593263626098633e+00 1.203358292579650879e+00 1.242897391319274902e+00
1.582814574241638184e+00 1.129137396812438965e+00 1.235466718673706055e+00
1.722400665283203125e+00 1.172808647155761719e+00 1.219517827033996582e+00
1.702961087226867676e+00 1.142948865890502930e+00 1.123683094978332520e+00
1.715943574905395508e+00 1.157777547836303711e+00 1.172247290611267090e+00
1.696464419364929199e+00 1.231289982795715332e+00 1.127988576889038086e+00
1.663252115249633789e+00 1.172002434730529785e+00 1.220109105110168457e+00
1.617812156677246094e+00 1.234099030494689941e+00 1.206014633178710938e+00
1.692202925682067871e+00 1.177284240722656250e+00 1.136333823204040527e+00
1.615251183509826660e+00 1.154400587081909180e+00 1.218954086303710938e+00
1.675026655197143555e+00 1.194316387176513672e+00 1.151225209236145020e+00
1.601406216621398926e+00 1.164258003234863281e+00 1.106987118721008301e+00
1.717216849327087402e+00 1.177272200584411621e+00 1.200944066047668457e+00
1.673903822898864746e+00 1.174956440925598145e+00 1.191740036010742188e+00
1.733082890510559082e+00 1.156106829643249512e+00 1.232102870941162109e+00
1.657498002052307129e+00 1.150894284248352051e+00 1.149902224540710449e+00
1.583441734313964844e+00 1.160950303077697754e+00 1.231284499168395996e+00
1.697720408439636230e+00 1.144586324691772461e+00 1.182532787322998047e+00
1.745767712593078613e+00 1.141023039817810059e+00 1.211388111114501953e+00
1.647474646568298340e+00 1.169210553169250488e+00 1.180128455162048340e+00
1.728687882423400879e+00 1.267715096473693848e+00 1.184841990470886230e+00
1.733225941658020020e+00 1.213921904563903809e+00 1.077415466308593750e+00
1.705984115600585938e+00 1.138567328453063965e+00 1.175112485885620117e+00
1.684326410293579102e+00 1.180388927459716797e+00 1.208390951156616211e+00
1.766311526298522949e+00 1.176138401031494141e+00 1.135640263557434082e+00
1.699362277984619141e+00 1.188654184341430664e+00 1.298326492309570312e+00
1.663030624389648438e+00 1.155826210975646973e+00 1.209842324256896973e+00
1.678462862968444824e+00 1.134500145912170410e+00 1.206742286682128906e+00
1.688419103622436523e+00 1.191878557205200195e+00 1.177949428558349609e+00
1.703375577926635742e+00 1.052617311477661133e+00 1.114102840423583984e+00
1.668172001838684082e+00 1.152236223220825195e+00 1.218262791633605957e+00
1.725695490837097168e+00 1.155647516250610352e+00 1.110966563224792480e+00
1.706519603729248047e+00 1.205142736434936523e+00 1.188433647155761719e+00
1.733591794967651367e+00 1.207421422004699707e+00 1.188289642333984375e+00
1.668549895286560059e+00 1.208842396736145020e+00 1.212917566299438477e+00
1.666831851005554199e+00 1.173619031906127930e+00 1.107180833816528320e+00
1.707002639770507812e+00 1.219619631767272949e+00 1.075885653495788574e+00
1.736243009567260742e+00 1.191824555397033691e+00 1.217005252838134766e+00
1.696825027465820312e+00 1.132309436798095703e+00 1.184649705886840820e+00
1.698788523674011230e+00 1.297946572303771973e+00 1.093197107315063477e+00
1.654203772544860840e+00 1.236600518226623535e+00 1.178218841552734375e+00
1.701515793800354004e+00 1.184078097343444824e+00 1.107369661331176758e+00
1.679869174957275391e+00 1.224005699157714844e+00 1.184823036193847656e+00
1.641529798507690430e+00 1.196442604064941406e+00 1.170487046241760254e+00
1.800425648689270020e+00 1.180672168731689453e+00 1.185578942298889160e+00
1.755034923553466797e+00 1.131498336791992188e+00 1.122368454933166504e+00
1.706686377525329590e+00 1.259790539741516113e+00 1.051102042198181152e+00
1.629018306732177734e+00 1.199727177619934082e+00 1.198394179344177246e+00
1.664642930030822754e+00 1.158117294311523438e+00 1.209530830383300781e+00
1.751676917076110840e+00 1.208971500396728516e+00 1.095738887786865234e+00
1.663364887237548828e+00 1.157340884208679199e+00 1.090575933456420898e+00
1.768247485160827637e+00 1.221462011337280273e+00 1.214743614196777344e+00
1.772386908531188965e+00 1.114108443260192871e+00 1.197842001914978027e+00
1.665473461151123047e+00 1.243151545524597168e+00 1.133000373840332031e+00
1.740914583206176758e+00 1.132627010345458984e+00 1.209750056266784668e+00
1.663161635398864746e+00 1.176712155342102051e+00 1.185358047485351562e+00
1.656705737113952637e+00 1.156506061553955078e+00 1.140821576118469238e+00
1.768288254737854004e+00 1.231045365333557129e+00 1.158130645751953125e+00
1.691614031791687012e+00 1.211990475654602051e+00 1.206966042518615723e+00
1.756910204887390137e+00 1.180417299270629883e+00 1.162814855575561523e+00
1.707424759864807129e+00 1.197474837303161621e+00 1.134238839149475098e+00
1.663530230522155762e+00 1.167262554168701172e+00 1.148368358612060547e+00
1.639369130134582520e+00 1.179110646247863770e+00 1.158846497535705566e+00
1.669207692146301270e+00 1.206959962844848633e+00 1.125597000122070312e+00
1.667793989181518555e+00 1.159358501434326172e+00 1.105952858924865723e+00
1.705631613731384277e+00 1.187776803970336914e+00 1.200129151344299316e+00
1.652490615844726562e+00 1.228276968002319336e+00 1.182649970054626465e+00
1.728973865509033203e+00 1.097797155380249023e+00 1.193423748016357422e+00
1.697121977806091309e+00 1.160202622413635254e+00 1.180992722511291504e+00
1.754405736923217773e+00 1.189163804054260254e+00 1.147813439369201660e+00
1.721815824508666992e+00 1.106311798095703125e+00 1.171147823333740234e+00
1.662109375000000000e+00 1.137618780136108398e+00 1.105258584022521973e+00
1.755030155181884766e+00 1.205064177513122559e+00 1.268534064292907715e+00
1.749201655387878418e+00 1.065956234931945801e+00 1.201177954673767090e+00
1.653437137603759766e+00 1.158850669860839844e+00 1.159949898719787598e+00
1.683503389358520508e+00 1.213970184326171875e+00 1.247992396354675293e+00
1.684305191040039062e+00 1.202686905860900879e+00 1.136726737022399902e+00
1.698447227478027344e+00 1.187021851539611816e+00 1.115964531898498535e+00
1.675473928451538086e+00 1.099710702896118164e+00 1.184445261955261230e+00
1.714796423912048340e+00 1.143234491348266602e+00 1.142246842384338379e+00
1.655241847038269043e+00 1.202991485595703125e+00 1.160958290100097656e+00
1.766311645507812500e+00 1.172136425971984863e+00 1.144003868103027344e+00
1.720571994781494141e+00 1.163767814636230469e+00 1.172832012176513672e+00
1.712574601173400879e+00 1.191949486732482910e+00 1.223644137382507324e+00
1.702790021896362305e+00 1.114594221115112305e+00 1.189733505249023438e+00
1.700584650039672852e+00 1.122978210449218750e+00 1.153643369674682617e+00
1.686254501342773438e+00 1.142747759819030762e+00 1.256757259368896484e+00
1.646762371063232422e+00 1.183499574661254883e+00 1.214424610137939453e+00
1.719627141952514648e+00 1.196999430656433105e+00 1.126511216163635254e+00
1.632883787155151367e+00 1.188326120376586914e+00 1.149925112724304199e+00
1.731821537017822266e+00 1.281164765357971191e+00 1.194872021675109863e+00
1.738685727119445801e+00 1.194700002670288086e+00 1.082167744636535645e+00
1.701636791229248047e+00 1.211768150329589844e+00 1.123100876808166504e+00
1.623285174369812012e+00 1.181967616081237793e+00 1.139998912811279297e+00
1.830657005310058594e+00 1.193998336791992188e+00 1.126690864562988281e+00
1.633189201354980469e+00 1.205385327339172363e+00 1.256893634796142578e+00
1.658828496932983398e+00 1.190085172653198242e+00 1.008490204811096191e+00
1.637737631797790527e+00 1.190302014350891113e+00 1.171511769294738770e+00
1.695716857910156250e+00 1.191452026367187500e+00 1.176005601882934570e+00
1.706686377525329590e+00 1.203266620635986328e+00 1.164381504058837891e+00
1.700493574142456055e+00 1.179760813713073730e+00 1.132106781005859375e+00
1.709169745445251465e+00 1.166182756423950195e+00 1.185979843139648438e+00
1.803332090377807617e+00 1.227102279663085938e+00 1.165294051170349121e+00
1.701897859573364258e+00 1.165788292884826660e+00 1.154209852218627930e+00
1.744794249534606934e+00 1.150505542755126953e+00 1.204146027565002441e+00
1.569556951522827148e+00 1.131476640701293945e+00 1.114925146102905273e+00
1.744315743446350098e+00 1.147140979766845703e+00 1.198142170906066895e+00
1.619510769844055176e+00 1.108317852020263672e+00 1.216618537902832031e+00
1.608498215675354004e+00 1.178256511688232422e+00 1.186431050300598145e+00
1.753032445907592773e+00 1.251363277435302734e+00 1.205987453460693359e+00
1.583576679229736328e+00 1.252758860588073730e+00 1.252560615539550781e+00
1.685479164123535156e+00 1.217088222503662109e+00 1.150254607200622559e+00
1.646216034889221191e+00 1.246488928794860840e+00 1.201587677001953125e+00
1.785207152366638184e+00 1.195904850959777832e+00 1.190842866897583008e+00
1.730820894241333008e+00 1.162958502769470215e+00 1.193791389465332031e+00
1.766439557075500488e+00 1.185142636299133301e+00 1.208897948265075684e+00
1.797362208366394043e+00 1.262565970420837402e+00 1.139551162719726562e+00
1.725800752639770508e+00 1.176234006881713867e+00 1.180397987365722656e+00
1.724313139915466309e+00 1.171326160430908203e+00 1.169387102127075195e+00
1.632360100746154785e+00 1.116100549697875977e+00 1.176641821861267090e+00
1.686732769012451172e+00 1.228053569793701172e+00 1.218070149421691895e+00
1.678966045379638672e+00 1.177121281623840332e+00 1.174022674560546875e+00
1.696080923080444336e+00 1.172058582305908203e+00 1.135665059089660645e+00
1.718042016029357910e+00 1.194569945335388184e+00 1.189530372619628906e+00
1.723776221275329590e+00 1.172086358070373535e+00 1.268410563468933105e+00
1.613770008087158203e+00 1.153294324874877930e+00 1.125157833099365234e+00
1.683475852012634277e+00 1.169419765472412109e+00 1.252795815467834473e+00
1.709785699844360352e+00 1.230370044708251953e+00 1.143720984458923340e+00
1.661673784255981445e+00 1.167528748512268066e+00 1.154656887054443359e+00
1.738939881324768066e+00 1.160864472389221191e+00 1.216862201690673828e+00
1.665572762489318848e+00 1.213946342468261719e+00 1.091595530509948730e+00
1.745784878730773926e+00 1.156858444213867188e+00 1.189460396766662598e+00
1.734661340713500977e+00 1.188798785209655762e+00 1.101179838180541992e+00
1.713905930519104004e+00 1.291458964347839355e+00 1.128788828849792480e+00
1.740781784057617188e+00 1.103376984596252441e+00 1.116670250892639160e+00
1.715199232101440430e+00 1.201251268386840820e+00 1.207280874252319336e+00
1.680429458618164062e+00 1.243710875511169434e+00 1.176726341247558594e+00
1.670074701309204102e+00 1.306186318397521973e+00 1.184638977050781250e+00
1.778344273567199707e+00 1.205652713775634766e+00 1.222573518753051758e+00
1.665816187858581543e+00 1.203794836997985840e+00 1.302386641502380371e+00
1.699330449104309082e+00 1.113354206085205078e+00 1.231870174407958984e+00
1.703171253204345703e+00 1.103272795677185059e+00 1.124394416809082031e+00
1.723424315452575684e+00 1.234777450561523438e+00 1.226770520210266113e+00
1.612888097763061523e+00 1.220638871192932129e+00 1.255799174308776855e+00
1.596722960472106934e+00 1.212805867195129395e+00 1.127384305000305176e+00
1.724008202552795410e+00 1.203822374343872070e+00 1.185822248458862305e+00
1.691330075263977051e+00 1.203434705734252930e+00 1.127546072006225586e+00
1.661150932312011719e+00 1.237439274787902832e+00 1.185656189918518066e+00
1.734203457832336426e+00 1.224640369415283203e+00 1.164728283882141113e+00
1.583108782768249512e+00 1.212284207344055176e+00 1.139942884445190430e+00
1.712755799293518066e+00 1.192841053009033203e+00 1.202536463737487793e+00
1.724475383758544922e+00 1.239126205444335938e+00 1.153681039810180664e+00
1.648997545242309570e+00 1.223904609680175781e+00 1.160796523094177246e+00
1.723294496536254883e+00 1.184830904006958008e+00 1.068323016166687012e+00
1.609070539474487305e+00 1.224667310714721680e+00 1.119634151458740234e+00
1.670644760131835938e+00 1.184829115867614746e+00 1.178419113159179688e+00
1.635847330093383789e+00 1.189809560775756836e+00 1.164128661155700684e+00
1.659521937370300293e+00 1.221083521842956543e+00 1.122906804084777832e+00
1.661206841468811035e+00 1.173112988471984863e+00 1.142355561256408691e+00
1.751882195472717285e+00 1.170965552330017090e+00 1.178695082664489746e+00
1.725576877593994141e+00 1.142952799797058105e+00 1.143404483795166016e+00
1.745068907737731934e+00 1.133227825164794922e+00 1.135697364807128906e+00
1.685310482978820801e+00 1.170545458793640137e+00 1.079373478889465332e+00
1.665012359619140625e+00 1.242062568664550781e+00 1.159764885902404785e+00
1.658375978469848633e+00 1.196206450462341309e+00 1.238777399063110352e+00
1.662331581115722656e+00 1.211921930313110352e+00 1.200498342514038086e+00
1.652764797210693359e+00 1.169856905937194824e+00 1.203837394714355469e+00
1.671008706092834473e+00 1.233584880828857422e+00 1.128022670745849609e+00
1.698214650154113770e+00 1.176088094711303711e+00 1.089251160621643066e+00
1.748788595199584961e+00 1.133645772933959961e+00 1.173358798027038574e+00
1.701902151107788086e+00 1.218172550201416016e+00 1.191465139389038086e+00
1.735005259513854980e+00 1.295428037643432617e+00 1.113076210021972656e+00
1.714215159416198730e+00 1.167048454284667969e+00 1.178299427032470703e+00
1.713476657867431641e+00 1.221360445022583008e+00 1.153469324111938477e+00
1.656779289245605469e+00 1.156846642494201660e+00 1.155463337898254395e+00
1.625471234321594238e+00 1.261573314666748047e+00 1.252183794975280762e+00
1.669000267982482910e+00 1.157643318176269531e+00 1.227319955825805664e+00
1.783389210700988770e+00 1.290099143981933594e+00 1.188012242317199707e+00
1.782999396324157715e+00 1.196375846862792969e+00 1.106831431388854980e+00
1.647728323936462402e+00 1.210002899169921875e+00 1.119876861572265625e+00
1.690231204032897949e+00 1.183557987213134766e+00 1.171438932418823242e+00
1.627699613571166992e+00 1.177272915840148926e+00 1.203212141990661621e+00
1.673586964607238770e+00 1.186489343643188477e+00 1.052251935005187988e+00
1.663482666015625000e+00 1.204096555709838867e+00 1.101167798042297363e+00
1.766359925270080566e+00 1.200914144515991211e+00 1.137079596519470215e+00
1.706346631050109863e+00 1.147680521011352539e+00 1.255108118057250977e+00
1.758308291435241699e+00 1.157241702079772949e+00 1.314515948295593262e+00
1.613742828369140625e+00 1.154780149459838867e+00 1.139649510383605957e+00
1.800783753395080566e+00 1.232986569404602051e+00 1.179010510444641113e+00
1.654146552085876465e+00 1.177129864692687988e+00 1.187152385711669922e+00
1.657170772552490234e+00 1.187896490097045898e+00 1.275180339813232422e+00
1.707996964454650879e+00 1.160013675689697266e+00 1.129128217697143555e+00
1.750894546508789062e+00 1.176818609237670898e+00 1.132694721221923828e+00
1.683394074440002441e+00 1.203853607177734375e+00 1.071996569633483887e+00
1.827670574188232422e+00 1.119942188262939453e+00 1.142582058906555176e+00
1.663586497306823730e+00 1.238912343978881836e+00 1.213125944137573242e+00
1.688867807388305664e+00 1.203156709671020508e+00 1.199082374572753906e+00
1.714035034179687500e+00 1.161004185676574707e+00 1.167252063751220703e+00
1.663450837135314941e+00 1.189467906951904297e+00 1.129207372665405273e+00
1.705178976058959961e+00 1.262524724006652832e+00 1.092048525810241699e+00
1.691986322402954102e+00 1.233951687812805176e+00 1.195437550544738770e+00
1.732257008552551270e+00 1.203860402107238770e+00 1.094899058341979980e+00
1.581902027130126953e+00 1.179309844970703125e+00 1.231418490409851074e+00
1.658526659011840820e+00 1.208369970321655273e+00 1.207843542098999023e+00
1.667102098464965820e+00 1.214136004447937012e+00 1.221689343452453613e+00
1.665856003761291504e+00 1.153705835342407227e+00 1.151676058769226074e+00
1.677102208137512207e+00 1.195283174514770508e+00 1.195985913276672363e+00
1.684166073799133301e+00 1.180348753929138184e+00 1.089698910713195801e+00
1.758755564689636230e+00 1.213606476783752441e+00 1.202795743942260742e+00
1.718988060951232910e+00 1.204947113990783691e+00 1.116017818450927734e+00
1.649133920669555664e+00 1.177494049072265625e+00 1.123652219772338867e+00
1.723208427429199219e+00 1.175776004791259766e+00 1.117677211761474609e+00
1.641456723213195801e+00 1.148057818412780762e+00 1.099323511123657227e+00
1.676136970520019531e+00 1.086552619934082031e+00 1.145569205284118652e+00
1.698884010314941406e+00 1.197114467620849609e+00 1.200278639793395996e+00
1.616459965705871582e+00 1.189819097518920898e+00 1.270759701728820801e+00
1.658012747764587402e+00 1.203693032264709473e+00 1.106218099594116211e+00
1.657711267471313477e+00 1.219357490539550781e+00 1.089839100837707520e+00
1.716553926467895508e+00 1.218582153320312500e+00 1.160529732704162598e+00
1.614353656768798828e+00 1.170382380485534668e+00 1.162956833839416504e+00
1.744440913200378418e+00 1.250630259513854980e+00 1.151139020919799805e+00
1.653305530548095703e+00 1.191922187805175781e+00 1.241472005844116211e+00
1.622485399246215820e+00 1.188895463943481445e+00 1.131517052650451660e+00
1.740801453590393066e+00 1.212821125984191895e+00 1.151628732681274414e+00
1.683294177055358887e+00 1.190880179405212402e+00 1.120771527290344238e+00
1.724245429039001465e+00 1.174839973449707031e+00 1.216597437858581543e+00
1.764862179756164551e+00 1.158075690269470215e+00 1.189310669898986816e+00
1.694666028022766113e+00 1.182876586914062500e+00 1.099295616149902344e+00
1.601573705673217773e+00 1.165301561355590820e+00 1.201184868812561035e+00
1.767123937606811523e+00 1.139421224594116211e+00 1.185606360435485840e+00
1.573230266571044922e+00 1.156332731246948242e+00 1.146678805351257324e+00
1.765379428863525391e+00 1.233036637306213379e+00 1.233912229537963867e+00
1.644841909408569336e+00 1.122901916503906250e+00 1.183783173561096191e+00
1.629771709442138672e+00 1.131528258323669434e+00 1.190268278121948242e+00
1.661032319068908691e+00 1.233287692070007324e+00 1.191548466682434082e+00
1.712573170661926270e+00 1.221503615379333496e+00 1.218042612075805664e+00
1.680057764053344727e+00 1.213887333869934082e+00 1.150702238082885742e+00
1.724589467048645020e+00 1.148932933807373047e+00 1.098025083541870117e+00
1.598806262016296387e+00 1.262547373771667480e+00 1.268881559371948242e+00
1.695121407508850098e+00 1.225405454635620117e+00 1.187231183052062988e+00
1.743257880210876465e+00 1.152845740318298340e+00 1.284570932388305664e+00
1.695907950401306152e+00 1.233442068099975586e+00 1.221531987190246582e+00
1.745312094688415527e+00 1.121419072151184082e+00 1.201679706573486328e+00
1.671768546104431152e+00 1.211072087287902832e+00 1.115038394927978516e+00
1.688392162322998047e+00 1.216257572174072266e+00 1.213884949684143066e+00
1.712590932846069336e+00 1.161176085472106934e+00 1.148715376853942871e+00
1.726740837097167969e+00 1.291449308395385742e+00 1.204088687896728516e+00
1.658432006835937500e+00 1.212110757827758789e+00 1.244749426841735840e+00
1.723719358444213867e+00 1.176339864730834961e+00 1.142344713211059570e+00
1.796348571777343750e+00 1.253406167030334473e+00 1.117404222488403320e+00
1.751920223236083984e+00 1.199516057968139648e+00 1.148139834403991699e+00
1.718201518058776855e+00 1.200657486915588379e+00 1.259059429168701172e+00
1.680072903633117676e+00 1.209438443183898926e+00 1.207751512527465820e+00
1.672240257263183594e+00 1.151071310043334961e+00 1.144869446754455566e+00
1.767953395843505859e+00 1.218833088874816895e+00 1.111991524696350098e+00
1.690050482749938965e+00 1.157916069030761719e+00 1.223461270332336426e+00
1.830790162086486816e+00 1.175793766975402832e+00 1.254845023155212402e+00
1.616011977195739746e+00 1.097474694252014160e+00 1.190219640731811523e+00
1.624747753143310547e+00 1.154345035552978516e+00 1.177403450012207031e+00
1.694710135459899902e+00 1.222359180450439453e+00 1.119408607482910156e+00
1.696629881858825684e+00 1.168341875076293945e+00 1.120138406753540039e+00
1.708941459655761719e+00 1.127295017242431641e+00 1.210566163063049316e+00
1.665004491806030273e+00 1.197730064392089844e+00 1.184776067733764648e+00
1.769326329231262207e+00 1.166916847229003906e+00 1.199354171752929688e+00
1.698692798614501953e+00 1.141623377799987793e+00 1.218539118766784668e+00
1.714534521102905273e+00 1.152208805084228516e+00 1.234016537666320801e+00
1.660383224487304688e+00 1.243653655052185059e+00 1.182008028030395508e+00
1.650565385818481445e+00 1.202265620231628418e+00 1.140235781669616699e+00
1.657505631446838379e+00 1.195448040962219238e+00 1.098476886749267578e+00
1.684349536895751953e+00 1.228840231895446777e+00 1.134888052940368652e+00
1.622475385665893555e+00 1.256641864776611328e+00 1.217997431755065918e+00
1.647830843925476074e+00 1.152515292167663574e+00 1.228377223014831543e+00
1.716304540634155273e+00 1.207504034042358398e+00 1.221765279769897461e+00
1.682121276855468750e+00 1.201640248298645020e+00 1.235862255096435547e+00
1.745472669601440430e+00 1.209679841995239258e+00 1.234504818916320801e+00
1.706513166427612305e+00 1.221757054328918457e+00 1.124647974967956543e+00
1.683970212936401367e+00 1.155920505523681641e+00 1.132364630699157715e+00
1.748911142349243164e+00 1.193374514579772949e+00 1.112732887268066406e+00
1.727554559707641602e+00 1.252828478813171387e+00 1.143270850181579590e+00
1.644561886787414551e+00 1.173913836479187012e+00 1.169670581817626953e+00
1.702666640281677246e+00 1.188856482505798340e+00 1.226760387420654297e+00
1.754411458969116211e+00 1.191967010498046875e+00 1.170795202255249023e+00
1.637256741523742676e+00 1.178132772445678711e+00 1.157992124557495117e+00
1.730121016502380371e+00 1.169100761413574219e+00 1.259383678436279297e+00
1.686397075653076172e+00 1.206790447235107422e+00 1.207352876663208008e+00
1.657766580581665039e+00 1.157767653465270996e+00 1.083211779594421387e+00
1.600556254386901855e+00 1.184626936912536621e+00 1.157232046127319336e+00
1.714225888252258301e+00 1.108968853950500488e+00 1.190182447433471680e+00
1.727540612220764160e+00 1.170541882514953613e+00 1.261559128761291504e+00
1.710127234458923340e+00 1.204169273376464844e+00 1.146359205245971680e+00
1.722108244895935059e+00 1.140918731689453125e+00 1.178056836128234863e+00
1.659222364425659180e+00 1.222547292709350586e+00 1.177144646644592285e+00
1.678130388259887695e+00 1.177701830863952637e+00 1.197761535644531250e+00
1.659196853637695312e+00 1.204792618751525879e+00 1.194375991821289062e+00
1.724878907203674316e+00 1.180452823638916016e+00 1.129036903381347656e+00
1.732976317405700684e+00 1.172852993011474609e+00 1.227207064628601074e+00
1.672503352165222168e+00 1.202859878540039062e+00 1.171058654785156250e+00
1.671749711036682129e+00 1.204520940780639648e+00 1.281655430793762207e+00
1.711304068565368652e+00 1.223931789398193359e+00 1.211035966873168945e+00
1.712052464485168457e+00 1.148243308067321777e+00 1.163628697395324707e+00
1.599444746971130371e+00 1.267866134643554688e+00 1.189880013465881348e+00
1.680095791816711426e+00 1.253426790237426758e+00 1.076290607452392578e+00
1.684791088104248047e+00 1.247270941734313965e+00 1.140367865562438965e+00
1.639544486999511719e+00 1.155090808868408203e+00 1.189332127571105957e+00
1.619452834129333496e+00 1.173555374145507812e+00 1.178185939788818359e+00
1.796185970306396484e+00 1.192408084869384766e+00 1.194319367408752441e+00
1.757031321525573730e+00 1.143615245819091797e+00 1.195572733879089355e+00
1.692994236946105957e+00 1.170145988464355469e+00 1.154664039611816406e+00
1.677683353424072266e+00 1.207551360130310059e+00 1.197611093521118164e+00
1.797688126564025879e+00 1.241554379463195801e+00 1.085911273956298828e+00
1.641848921775817871e+00 1.196855425834655762e+00 1.075976252555847168e+00
1.660408258438110352e+00 1.188628077507019043e+00 1.182030558586120605e+00
1.752452492713928223e+00 1.194652676582336426e+00 1.117924690246582031e+00
1.625886201858520508e+00 1.235273599624633789e+00 1.247091174125671387e+00
1.601516008377075195e+00 1.166529297828674316e+00 1.145911812782287598e+00
1.767554998397827148e+00 1.198297381401062012e+00 1.147891044616699219e+00
1.697595357894897461e+00 1.185502290725708008e+00 1.166385769844055176e+00
1.760235548019409180e+00 1.155187606811523438e+00 1.185793638229370117e+00
1.718203425407409668e+00 1.194368243217468262e+00 1.278662085533142090e+00
1.690933585166931152e+00 1.172998666763305664e+00 1.163407206535339355e+00
1.667035818099975586e+00 1.242855787277221680e+00 1.174701213836669922e+00
1.647393822669982910e+00 1.175653815269470215e+00 1.200155019760131836e+00
1.728240489959716797e+00 1.249143600463867188e+00 1.173130393028259277e+00
1.704028129577636719e+00 1.147614121437072754e+00 1.161904811859130859e+00
1.679130315780639648e+00 1.246574521064758301e+00 1.204223752021789551e+00
1.674683332443237305e+00 1.186946392059326172e+00 1.227159023284912109e+00
1.752547860145568848e+00 1.237571954727172852e+00 1.120306372642517090e+00
1.644969940185546875e+00 1.168861627578735352e+00 1.134162902832031250e+00
1.692861676216125488e+00 1.250950813293457031e+00 1.236614704132080078e+00
1.745947837829589844e+00 1.175945520401000977e+00 1.199449181556701660e+00
1.724902391433715820e+00 1.105099201202392578e+00 1.169455170631408691e+00
1.665325880050659180e+00 1.229059576988220215e+00 1.067135810852050781e+00
1.809026598930358887e+00 1.149672865867614746e+00 1.155587673187255859e+00
1.726107120513916016e+00 1.129053592681884766e+00 1.181979656219482422e+00
1.729891896247863770e+00 1.113662958145141602e+00 1.174683213233947754e+00
1.615157842636108398e+00 1.259897470474243164e+00 1.163165688514709473e+00
1.731338620185852051e+00 1.205051898956298828e+00 1.243685603141784668e+00
1.645762801170349121e+00 1.182832360267639160e+00 1.149413704872131348e+00
1.685665965080261230e+00 1.117190003395080566e+00 1.148260354995727539e+00
1.702211976051330566e+00 1.240430831909179688e+00 1.137075424194335938e+00
1.668848037719726562e+00 1.199735999107360840e+00 1.222232699394226074e+00
1.686040043830871582e+00 1.151224613189697266e+00 1.259337544441223145e+00
1.816548585891723633e+00 1.216852664947509766e+00 1.126010417938232422e+00
1.719448566436767578e+00 1.159031748771667480e+00 1.173563599586486816e+00
1.750733852386474609e+00 1.176361441612243652e+00 1.142913818359375000e+00
1.703842520713806152e+00 1.169266223907470703e+00 1.108527779579162598e+00
1.650978684425354004e+00 1.260308027267456055e+00 1.249360203742980957e+00
1.619118452072143555e+00 1.177407503128051758e+00 1.140862464904785156e+00
1.635683417320251465e+00 1.207943081855773926e+00 1.194140911102294922e+00
1.715450286865234375e+00 1.184557199478149414e+00 1.237451314926147461e+00
1.752453923225402832e+00 1.170427680015563965e+00 1.189591050148010254e+00
1.647525429725646973e+00 1.208181977272033691e+00 1.080983877182006836e+00
1.759594321250915527e+00 1.171639084815979004e+00 1.137425899505615234e+00
1.617947578430175781e+00 1.250037789344787598e+00 1.220497131347656250e+00
1.770090937614440918e+00 1.214036107063293457e+00 1.197362422943115234e+00
1.659508705139160156e+00 1.251479268074035645e+00 1.181474208831787109e+00
1.587073683738708496e+00 1.200493931770324707e+00 1.164641022682189941e+00
1.612405180931091309e+00 1.225146532058715820e+00 1.216534733772277832e+00
1.613733053207397461e+00 1.260359883308410645e+00 1.137355327606201172e+00
1.712041974067687988e+00 1.228068351745605469e+00 1.130954623222351074e+00
1.652577877044677734e+00 1.186539530754089355e+00 1.143264770507812500e+00
1.774079203605651855e+00 1.179615974426269531e+00 1.058109164237976074e+00
1.676682114601135254e+00 1.141486763954162598e+00 1.139648556709289551e+00
1.633737444877624512e+00 1.201687455177307129e+00 1.172509551048278809e+00
1.696721315383911133e+00 1.172457337379455566e+00 1.075624823570251465e+00
1.685180783271789551e+00 1.180770516395568848e+00 1.246913313865661621e+00
1.695308089256286621e+00 1.237355470657348633e+00 1.099216699600219727e+00
1.712362289428710938e+00 1.166226506233215332e+00 1.194466590881347656e+00
1.667245507240295410e+00 1.154431581497192383e+00 1.164381265640258789e+00
1.667345404624938965e+00 1.190515637397766113e+00 1.158691883087158203e+00
1.733344078063964844e+00 1.227206707000732422e+00 1.261494040489196777e+00
1.734390497207641602e+00 1.202100872993469238e+00 1.205079674720764160e+00
1.787859797477722168e+00 1.194028377532958984e+00 1.148445606231689453e+00
1.689771413803100586e+00 1.200430154800415039e+00 1.183735013008117676e+00
1.726743459701538086e+00 1.263143301010131836e+00 1.162465095520019531e+00
1.696791648864746094e+00 1.188704609870910645e+00 1.126857638359069824e+00
1.675260424613952637e+00 1.251174092292785645e+00 1.189228177070617676e+00
1.700916051864624023e+00 1.139279961585998535e+00 1.122194528579711914e+00
1.671700000762939453e+00 1.169461965560913086e+00 1.135629415512084961e+00
1.764664411544799805e+00 1.244287610054016113e+00 1.245837926864624023e+00
1.693240284919738770e+00 1.196563243865966797e+00 1.156976580619812012e+00
1.743327856063842773e+00 1.234404087066650391e+00 1.255219578742980957e+00
1.716028332710266113e+00 1.262914061546325684e+00 1.229259371757507324e+00
1.668956160545349121e+00 1.141647100448608398e+00 1.253680467605590820e+00
1.648902416229248047e+00 1.139782547950744629e+00 1.108835101127624512e+00
1.695644259452819824e+00 1.135471940040588379e+00 1.222495794296264648e+00
1.738742232322692871e+00 1.225946068763732910e+00 1.217051744461059570e+00
1.621972560882568359e+00 1.203647255897521973e+00 1.143997073173522949e+00
1.650796175003051758e+00 1.272389769554138184e+00 1.137969732284545898e+00
1.727346181869506836e+00 1.187673807144165039e+00 1.239007234573364258e+00
1.696300625801086426e+00 1.123415708541870117e+00 1.247106790542602539e+00
1.582360506057739258e+00 1.196858048439025879e+00 1.163224220275878906e+00
1.709797859191894531e+00 1.219055056571960449e+00 1.295119047164916992e+00
1.689541101455688477e+00 1.210169553756713867e+00 1.223504543304443359e+00
1.648093461990356445e+00 1.166019320487976074e+00 1.095068573951721191e+00
1.667292833328247070e+00 1.228638887405395508e+00 1.155688762664794922e+00
1.698246002197265625e+00 1.207340121269226074e+00 1.118411660194396973e+00
1.636119723320007324e+00 1.276715874671936035e+00 1.207057476043701172e+00
1.744905948638916016e+00 1.258137941360473633e+00 1.167628526687622070e+00
1.814554214477539062e+00 1.171775817871093750e+00 1.189728736877441406e+00
1.793694853782653809e+00 1.260685205459594727e+00 1.233107447624206543e+00
1.767755985260009766e+00 1.181634068489074707e+00 1.122293829917907715e+00
1.749122738838195801e+00 1.167698383331298828e+00 1.275279164314270020e+00
1.693157792091369629e+00 1.222720980644226074e+00 1.219276189804077148e+00
1.769177079200744629e+00 1.178877353668212891e+00 1.194674134254455566e+00
1.645904660224914551e+00 1.256243228912353516e+00 1.263007044792175293e+00
1.677584052085876465e+00 1.197107911109924316e+00 1.226852059364318848e+00
1.711265325546264648e+00 1.212208151817321777e+00 1.232797265052795410e+00
1.672012209892272949e+00 1.190880417823791504e+00 1.167039513587951660e+00
1.749005675315856934e+00 1.209409356117248535e+00 1.150231957435607910e+00
1.679542541503906250e+00 1.192865014076232910e+00 1.167455434799194336e+00
1.759389162063598633e+00 1.167503595352172852e+00 1.217149734497070312e+00
1.653533220291137695e+00 1.256209135055541992e+00 1.195092797279357910e+00
1.701483607292175293e+00 1.199575424194335938e+00 1.228487730026245117e+00
1.807439923286437988e+00 1.209197044372558594e+00 1.185456156730651855e+00
1.701399207115173340e+00 1.244771122932434082e+00 1.234280705451965332e+00
1.744295239448547363e+00 1.247261166572570801e+00 1.264121174812316895e+00
1.720795989036560059e+00 1.211587905883789062e+00 1.237265706062316895e+00
1.741680860519409180e+00 1.243279814720153809e+00 1.273283243179321289e+00
1.623927474021911621e+00 1.163796067237854004e+00 1.138122916221618652e+00
1.688388347625732422e+00 1.251626133918762207e+00 1.199930548667907715e+00
1.630063772201538086e+00 1.228281021118164062e+00 1.178400635719299316e+00
1.707387685775756836e+00 1.197872519493103027e+00 1.149950027465820312e+00
1.612927556037902832e+00 1.202268719673156738e+00 1.205629467964172363e+00
1.744447946548461914e+00 1.126567244529724121e+00 1.170485496520996094e+00
1.810726284980773926e+00 1.210917949676513672e+00 1.182695984840393066e+00
1.790302991867065430e+00 1.166828036308288574e+00 1.183069467544555664e+00
1.713057041168212891e+00 1.264509201049804688e+00 1.155133247375488281e+00
1.623827219009399414e+00 1.187152266502380371e+00 1.154743075370788574e+00
1.740242242813110352e+00 1.155591607093811035e+00 1.149756550788879395e+00
1.757193922996520996e+00 1.198198556900024414e+00 1.223060250282287598e+00
1.714299798011779785e+00 1.222433805465698242e+00 1.177129268646240234e+00
1.672523975372314453e+00 1.256319880485534668e+00 1.166878938674926758e+00
1.620526790618896484e+00 1.186982870101928711e+00 1.252643942832946777e+00
1.561527371406555176e+00 1.185919046401977539e+00 1.123916864395141602e+00
1.718775868415832520e+00 1.243322968482971191e+00 1.137107968330383301e+00
1.656536340713500977e+00 1.144077777862548828e+00 1.105762124061584473e+00
1.611776232719421387e+00 1.181591391563415527e+00 1.145997166633605957e+00
1.715946316719055176e+00 1.222150206565856934e+00 1.116365432739257812e+00
1.705404520034790039e+00 1.253142356872558594e+00 1.183125734329223633e+00
1.540840029716491699e+00 1.138187766075134277e+00 1.165190100669860840e+00
1.670131206512451172e+00 1.174049854278564453e+00 1.220165252685546875e+00
1.646418809890747070e+00 1.157192111015319824e+00 1.175987720489501953e+00
1.735265612602233887e+00 1.190561175346374512e+00 1.176187038421630859e+00
1.688998579978942871e+00 1.219862341880798340e+00 1.311352252960205078e+00
1.768808364868164062e+00 1.183820366859436035e+00 1.210584878921508789e+00
1.616397976875305176e+00 1.195581436157226562e+00 1.174714803695678711e+00
1.814173817634582520e+00 1.165011763572692871e+00 1.187308549880981445e+00
1.777939915657043457e+00 1.150702118873596191e+00 1.228047490119934082e+00
1.689161658287048340e+00 1.154557228088378906e+00 1.213907957077026367e+00
1.678633809089660645e+00 1.184189796447753906e+00 1.214341998100280762e+00
1.613126158714294434e+00 1.214304566383361816e+00 1.054343581199645996e+00
1.650662660598754883e+00 1.210135102272033691e+00 1.165127277374267578e+00
1.691659212112426758e+00 1.173370599746704102e+00 1.216783404350280762e+00
1.651066541671752930e+00 1.201384067535400391e+00 1.222463369369506836e+00
1.788796186447143555e+00 1.226435184478759766e+00 1.131498217582702637e+00
1.646530151367187500e+00 1.219098806381225586e+00 1.197241187095642090e+00
1.684328317642211914e+00 1.216703772544860840e+00 1.214990139007568359e+00
1.621690750122070312e+00 1.147525310516357422e+00 1.203499317169189453e+00
1.672672748565673828e+00 1.147541642189025879e+00 1.155687689781188965e+00
1.657519221305847168e+00 1.173443436622619629e+00 1.250597238540649414e+00
1.663163781166076660e+00 1.219234108924865723e+00 1.153994560241699219e+00
1.639361381530761719e+00 1.256118893623352051e+00 1.318385958671569824e+00
1.643123269081115723e+00 1.258732914924621582e+00 1.208725333213806152e+00
1.602274894714355469e+00 1.242237091064453125e+00 1.209535598754882812e+00
1.720070719718933105e+00 1.186091661453247070e+00 1.214182138442993164e+00
1.710098385810852051e+00 1.179156661033630371e+00 1.158586025238037109e+00
1.706149101257324219e+00 1.225410819053649902e+00 1.193775296211242676e+00
1.637211322784423828e+00 1.297351360321044922e+00 1.201239109039306641e+00
1.617602944374084473e+00 1.163427352905273438e+00 1.132741928100585938e+00
1.578193545341491699e+00 1.246780514717102051e+00 1.210199117660522461e+00
1.682496666908264160e+00 1.169794201850891113e+00 1.180173993110656738e+00
1.707935214042663574e+00 1.246496558189392090e+00 1.161474704742431641e+00
1.736544370651245117e+00 1.167407274246215820e+00 1.193704128265380859e+00
1.819380879402160645e+00 1.237224936485290527e+00 1.260738372802734375e+00
1.697731494903564453e+00 1.266878962516784668e+00 1.126037716865539551e+00
1.725471496582031250e+00 1.154286742210388184e+00 1.276700139045715332e+00
1.712288498878479004e+00 1.119542479515075684e+00 1.079190731048583984e+00
1.651844024658203125e+00 1.226899623870849609e+00 1.144612431526184082e+00
1.716491341590881348e+00 1.169970631599426270e+00 1.202060937881469727e+00
1.742188096046447754e+00 1.214684724807739258e+00 1.160838484764099121e+00
1.645771265029907227e+00 1.237522721290588379e+00 1.136136054992675781e+00
1.630065917968750000e+00 1.229890465736389160e+00 1.168541908264160156e+00
1.672989249229431152e+00 1.198132514953613281e+00 1.117801547050476074e+00
1.784332156181335449e+00 1.253581523895263672e+00 1.066982507705688477e+00
1.637125492095947266e+00 1.183426380157470703e+00 1.183074355125427246e+00
1.720980525016784668e+00 1.297403931617736816e+00 1.121339440345764160e+00
1.706602692604064941e+00 1.177291154861450195e+00 1.172452092170715332e+00
1.667691111564636230e+00 1.191782712936401367e+00 1.196230411529541016e+00
1.745024204254150391e+00 1.225579619407653809e+00 1.153564095497131348e+00
1.661432266235351562e+00 1.158262729644775391e+00 1.164934754371643066e+00
1.624522805213928223e+00 1.260719656944274902e+00 1.186793088912963867e+00
1.640480756759643555e+00 1.266837716102600098e+00 1.245996952056884766e+00
1.640972971916198730e+00 1.135016679763793945e+00 1.164128541946411133e+00
1.644940257072448730e+00 1.268240571022033691e+00 1.136244297027587891e+00
1.693090081214904785e+00 1.168914198875427246e+00 1.208540439605712891e+00
1.687448859214782715e+00 1.210887193679809570e+00 1.206153273582458496e+00
1.666278719902038574e+00 1.222760558128356934e+00 1.216421723365783691e+00
1.725224256515502930e+00 1.193724751472473145e+00 1.230418801307678223e+00
1.717031717300415039e+00 1.175282001495361328e+00 1.255093455314636230e+00
1.795698404312133789e+00 1.228956818580627441e+00 1.129454731941223145e+00
1.647080659866333008e+00 1.169991374015808105e+00 1.184032797813415527e+00
1.724763512611389160e+00 1.237986922264099121e+00 1.156654119491577148e+00
1.590880990028381348e+00 1.166152596473693848e+00 1.002091050148010254e+00
1.701368331909179688e+00 1.225477695465087891e+00 1.174622058868408203e+00
1.687442421913146973e+00 1.204705595970153809e+00 1.097981810569763184e+00
1.671385169029235840e+00 1.213314890861511230e+00 1.105715513229370117e+00
1.711306571960449219e+00 1.272160053253173828e+00 1.212473630905151367e+00
1.678717017173767090e+00 1.176813960075378418e+00 1.171302676200866699e+00
1.709032297134399414e+00 1.225010275840759277e+00 1.159024596214294434e+00
1.692748069763183594e+00 1.240952134132385254e+00 1.086325407028198242e+00
1.689151525497436523e+00 1.206734895706176758e+00 1.240251421928405762e+00
1.713906407356262207e+00 1.183990359306335449e+00 1.209175944328308105e+00
1.625676274299621582e+00 1.249651193618774414e+00 1.141704201698303223e+00
1.679283738136291504e+00 1.185457587242126465e+00 1.210179567337036133e+00
1.735829114913940430e+00 1.213338017463684082e+00 1.144629478454589844e+00
1.772270560264587402e+00 1.250509738922119141e+00 1.201517820358276367e+00
1.690830469131469727e+00 1.261812090873718262e+00 1.180410981178283691e+00
1.693840146064758301e+00 1.191665887832641602e+00 1.212017774581909180e+00
1.739319324493408203e+00 1.163759231567382812e+00 1.181530475616455078e+00
1.717959642410278320e+00 1.139687657356262207e+00 1.283968210220336914e+00
1.667997837066650391e+00 1.200505971908569336e+00 1.151486873626708984e+00
1.736286401748657227e+00 1.175433635711669922e+00 1.100959062576293945e+00
1.689681291580200195e+00 1.203685641288757324e+00 1.209475636482238770e+00
1.691444754600524902e+00 1.126503467559814453e+00 1.155969500541687012e+00
1.592426180839538574e+00 1.185076832771301270e+00 1.141130805015563965e+00
1.745671272277832031e+00 1.220525622367858887e+00 1.103553056716918945e+00
1.631110787391662598e+00 1.245214939117431641e+00 1.251076936721801758e+00
1.730102539062500000e+00 1.187962532043457031e+00 1.224376797676086426e+00
1.665313243865966797e+00 1.263170480728149414e+00 1.148520588874816895e+00
1.704839825630187988e+00 1.260301589965820312e+00 1.171827197074890137e+00
1.805174946784973145e+00 1.299103975296020508e+00 1.209385871887207031e+00
1.756661295890808105e+00 1.144733428955078125e+00 1.176477789878845215e+00
1.682808041572570801e+00 1.231823921203613281e+00 1.212687134742736816e+00
1.613967537879943848e+00 1.161821961402893066e+00 1.177418231964111328e+00
1.658762097358703613e+00 1.212819337844848633e+00 1.243800997734069824e+00
1.713792920112609863e+00 1.202141642570495605e+00 1.184746623039245605e+00
1.753141403198242188e+00 1.207539916038513184e+00 1.137549638748168945e+00
1.625020384788513184e+00 1.180777907371520996e+00 1.180012345314025879e+00
1.679486870765686035e+00 1.178775668144226074e+00 1.224989652633666992e+00
1.633498072624206543e+00 1.186436653137207031e+00 1.163577675819396973e+00
1.795483350753784180e+00 1.238772153854370117e+00 1.198691487312316895e+00
1.736859202384948730e+00 1.187339305877685547e+00 1.190909028053283691e+00
1.667607784271240234e+00 1.215994000434875488e+00 1.163451910018920898e+00
1.661765575408935547e+00 1.239593148231506348e+00 1.235208153724670410e+00
1.695704340934753418e+00 1.210694909095764160e+00 1.133270859718322754e+00
1.641410231590270996e+00 1.264070272445678711e+00 1.150602340698242188e+00
1.691060900688171387e+00 1.258465886116027832e+00 1.232327580451965332e+00
1.673355102539062500e+00 1.271243453025817871e+00 1.250264286994934082e+00
1.697222590446472168e+00 1.231439352035522461e+00 1.171469926834106445e+00
1.838973283767700195e+00 1.234907865524291992e+00 1.258107781410217285e+00
1.683428049087524414e+00 1.239201426506042480e+00 1.145157456398010254e+00
1.726132035255432129e+00 1.164808750152587891e+00 1.220516085624694824e+00
1.705369353294372559e+00 1.223249793052673340e+00 1.101354479789733887e+00
1.682454228401184082e+00 1.248335599899291992e+00 1.192602038383483887e+00
1.770968556404113770e+00 1.138655662536621094e+00 1.221929430961608887e+00
1.679639339447021484e+00 1.283657431602478027e+00 1.132732629776000977e+00
1.691292047500610352e+00 1.207954645156860352e+00 1.161298990249633789e+00
1.644123077392578125e+00 1.243976116180419922e+00 1.125430583953857422e+00
1.739727497100830078e+00 1.191465497016906738e+00 1.161547780036926270e+00
1.730994224548339844e+00 1.157930612564086914e+00 1.181257963180541992e+00
1.770668268203735352e+00 1.286199927330017090e+00 1.206600546836853027e+00
1.688725709915161133e+00 1.221472978591918945e+00 1.069432139396667480e+00
1.726020455360412598e+00 1.197387695312500000e+00 1.135606408119201660e+00
1.662301540374755859e+00 1.186993360519409180e+00 1.132495284080505371e+00
1.599480271339416504e+00 1.179756164550781250e+00 1.195178151130676270e+00
1.671465873718261719e+00 1.204183340072631836e+00 1.202883481979370117e+00
1.734158158302307129e+00 1.207494378089904785e+00 1.251643657684326172e+00
1.738607287406921387e+00 1.324549555778503418e+00 1.142190694808959961e+00
1.678165793418884277e+00 1.245291709899902344e+00 1.090957880020141602e+00
1.753205418586730957e+00 1.194275379180908203e+00 1.161201000213623047e+00
1.641187906265258789e+00 1.180597424507141113e+00 1.171301007270812988e+00
1.653750658035278320e+00 1.211347103118896484e+00 1.184266448020935059e+00
1.608143568038940430e+00 1.218168497085571289e+00 1.187340617179870605e+00
1.745813846588134766e+00 1.263665556907653809e+00 1.229336738586425781e+00
1.708258628845214844e+00 1.205941200256347656e+00 1.128889441490173340e+00
1.769859075546264648e+00 1.224102377891540527e+00 1.227663636207580566e+00
1.653280258178710938e+00 1.217165589332580566e+00 1.147017478942871094e+00
1.700128674507141113e+00 1.221631288528442383e+00 1.226151108741760254e+00
1.727988362312316895e+00 1.268424034118652344e+00 1.223794817924499512e+00
1.693533062934875488e+00 1.264994978904724121e+00 1.080099940299987793e+00
1.640798687934875488e+00 1.238367676734924316e+00 1.222641229629516602e+00
1.607128143310546875e+00 1.180200338363647461e+00 1.218171954154968262e+00
1.730246782302856445e+00 1.284070014953613281e+00 1.270753741264343262e+00
1.739018678665161133e+00 1.204293608665466309e+00 1.116510510444641113e+00
1.711242198944091797e+00 1.194808363914489746e+00 1.139011025428771973e+00
1.638807296752929688e+00 1.196796774864196777e+00 1.132829785346984863e+00
1.701364636421203613e+00 1.215649485588073730e+00 1.237928986549377441e+00
1.661944508552551270e+00 1.241241812705993652e+00 1.191781640052795410e+00
1.683282732963562012e+00 1.216581940650939941e+00 1.189096093177795410e+00
1.628688335418701172e+00 1.186346054077148438e+00 1.214570283889770508e+00
1.718877911567687988e+00 1.180368542671203613e+00 1.173091292381286621e+00
1.782312035560607910e+00 1.224642276763916016e+00 1.098715305328369141e+00
1.800014019012451172e+00 1.173994898796081543e+00 1.194455742835998535e+00
1.731688976287841797e+00 1.165759086608886719e+00 1.269710421562194824e+00
1.675380468368530273e+00 1.216319918632507324e+00 1.177222609519958496e+00
1.620760560035705566e+00 1.281464457511901855e+00 1.180871963500976562e+00
1.730422973632812500e+00 1.248572826385498047e+00 1.068081617355346680e+00
1.657358288764953613e+00 1.202875256538391113e+00 1.226062536239624023e+00
1.700490832328796387e+00 1.213232755661010742e+00 1.297806620597839355e+00
1.665328502655029297e+00 1.248760700225830078e+00 1.233993291854858398e+00
1.571060657501220703e+00 1.208014369010925293e+00 1.167415976524353027e+00
1.695236921310424805e+00 1.241552829742431641e+00 1.157173156738281250e+00
1.713996887207031250e+00 1.233120918273925781e+00 1.178610801696777344e+00
1.690441250801086426e+00 1.269522309303283691e+00 1.138633370399475098e+00
1.745357155799865723e+00 1.216003060340881348e+00 1.163195490837097168e+00
1.661649346351623535e+00 1.209039568901062012e+00 1.149823784828186035e+00
1.760813951492309570e+00 1.244285941123962402e+00 1.041357040405273438e+00
1.650141835212707520e+00 1.185381770133972168e+00 1.191710233688354492e+00
1.752465844154357910e+00 1.249553561210632324e+00 1.096118450164794922e+00
1.693922281265258789e+00 1.186819195747375488e+00 1.090173959732055664e+00
1.696837425231933594e+00 1.210076212882995605e+00 1.232967495918273926e+00
1.652688741683959961e+00 1.270627737045288086e+00 1.114825487136840820e+00
1.681957125663757324e+00 1.282642006874084473e+00 1.179421067237854004e+00
1.721199631690979004e+00 1.147254109382629395e+00 1.220010995864868164e+00
1.723716139793395996e+00 1.184706449508666992e+00 1.172539710998535156e+00
1.719653964042663574e+00 1.278323769569396973e+00 1.149044275283813477e+00
1.779966473579406738e+00 1.178537607192993164e+00 1.191987037658691406e+00
1.666291236877441406e+00 1.232875347137451172e+00 1.159579753875732422e+00
1.676852703094482422e+00 1.202027082443237305e+00 1.173420071601867676e+00
1.734724640846252441e+00 1.260159969329833984e+00 1.141983866691589355e+00
1.651286959648132324e+00 1.168114185333251953e+00 1.193425536155700684e+00
1.726787924766540527e+00 1.216028094291687012e+00 1.261328697204589844e+00
1.571686744689941406e+00 1.245540738105773926e+00 1.193984031677246094e+00
1.637885212898254395e+00 1.222507834434509277e+00 1.153625726699829102e+00
1.653428077697753906e+00 1.229833960533142090e+00 1.092618346214294434e+00
1.691432952880859375e+00 1.154635310173034668e+00 1.196009159088134766e+00
1.646517276763916016e+00 1.190324783325195312e+00 1.161892175674438477e+00
1.663971185684204102e+00 1.245079994201660156e+00 1.215126514434814453e+00
1.695215582847595215e+00 1.180645227432250977e+00 1.211566090583801270e+00
1.747798442840576172e+00 1.117723345756530762e+00 1.254814147949218750e+00
1.645809054374694824e+00 1.232677221298217773e+00 1.149896502494812012e+00
1.747681260108947754e+00 1.205425977706909180e+00 1.277651667594909668e+00
1.728129506111145020e+00 1.216540813446044922e+00 1.242784738540649414e+00
1.697389006614685059e+00 1.203132510185241699e+00 1.114959478378295898e+00
1.608325719833374023e+00 1.221813321113586426e+00 1.162758469581604004e+00
1.734578728675842285e+00 1.194617509841918945e+00 1.152576804161071777e+00
1.648448228836059570e+00 1.219663619995117188e+00 1.245934009552001953e+00
1.721346020698547363e+00 1.166154503822326660e+00 1.077034354209899902e+00
1.750564694404602051e+00 1.165463805198669434e+00 1.114013910293579102e+00
1.665128707885742188e+00 1.234066724777221680e+00 1.144076704978942871e+00
1.688353538513183594e+00 1.246125817298889160e+00 1.106555461883544922e+00
1.717347264289855957e+00 1.241718292236328125e+00 1.176372528076171875e+00
1.646095156669616699e+00 1.201539993286132812e+00 1.230642080307006836e+00
1.704825639724731445e+00 1.178459763526916504e+00 1.175767540931701660e+00
1.683312416076660156e+00 1.288222551345825195e+00 1.210186481475830078e+00
1.690070748329162598e+00 1.205418109893798828e+00 1.064247012138366699e+00
1.717024922370910645e+00 1.245001316070556641e+00 1.137158870697021484e+00
1.746839165687561035e+00 1.151692271232604980e+00 1.174359321594238281e+00
1.702734708786010742e+00 1.187020659446716309e+00 1.121592044830322266e+00
1.615170836448669434e+00 1.225327253341674805e+00 1.233873844146728516e+00
1.622022986412048340e+00 1.241209983825683594e+00 1.154694676399230957e+00
1.706801414489746094e+00 1.218183755874633789e+00 1.174714326858520508e+00
1.721569299697875977e+00 1.145951151847839355e+00 1.107216119766235352e+00
1.721971154212951660e+00 1.214643597602844238e+00 1.227326631546020508e+00
1.758238077163696289e+00 1.145265579223632812e+00 1.189720749855041504e+00
1.698380112648010254e+00 1.232452869415283203e+00 1.208447098731994629e+00
1.788386702537536621e+00 1.200944423675537109e+00 1.173296451568603516e+00
1.567242622375488281e+00 1.168125271797180176e+00 1.243328928947448730e+00
1.663100361824035645e+00 1.234345078468322754e+00 1.196525573730468750e+00
1.796614050865173340e+00 1.167806506156921387e+00 1.204473018646240234e+00
1.748300552368164062e+00 1.189638018608093262e+00 1.155810475349426270e+00
1.714738726615905762e+00 1.240930557250976562e+00 1.127816557884216309e+00
1.728068828582763672e+00 1.171118497848510742e+00 1.115039944648742676e+00
1.683447718620300293e+00 1.209898710250854492e+00 1.203840494155883789e+00
1.638716340065002441e+00 1.188161849975585938e+00 1.204310774803161621e+00
1.695406198501586914e+00 1.228750109672546387e+00 1.107444167137145996e+00
1.683981180191040039e+00 1.255277872085571289e+00 1.158777832984924316e+00
1.729144930839538574e+00 1.193355917930603027e+00 1.139452815055847168e+00
1.630657076835632324e+00 1.229964375495910645e+00 1.081172585487365723e+00
1.662307381629943848e+00 1.235460400581359863e+00 1.168458938598632812e+00
1.690297007560729980e+00 1.178398013114929199e+00 1.167397260665893555e+00
1.590866565704345703e+00 1.287576079368591309e+00 1.135749101638793945e+00
1.647153019905090332e+00 1.166666507720947266e+00 1.213921427726745605e+00
1.772714853286743164e+00 1.241032481193542480e+00 1.256479978561401367e+00
1.715065956115722656e+00 1.225810289382934570e+00 1.200577497482299805e+00
1.797529339790344238e+00 1.260549902915954590e+00 1.186086773872375488e+00
1.791970849037170410e+00 1.230868577957153320e+00 1.151979684829711914e+00
1.704799532890319824e+00 1.170675277709960938e+00 1.171695470809936523e+00
1.650916934013366699e+00 1.185328245162963867e+00 1.213809728622436523e+00
1.754242897033691406e+00 1.267156600952148438e+00 1.184880018234252930e+00
1.645406365394592285e+00 1.168629169464111328e+00 1.253691792488098145e+00
1.676665544509887695e+00 1.224512815475463867e+00 1.190199255943298340e+00
1.671518445014953613e+00 1.169042587280273438e+00 1.267855286598205566e+00
1.623834609985351562e+00 1.237206697463989258e+00 1.244354963302612305e+00
1.698292136192321777e+00 1.261359810829162598e+00 1.209426403045654297e+00
1.686012268066406250e+00 1.166056752204895020e+00 1.158839583396911621e+00
1.672269940376281738e+00 1.194282293319702148e+00 1.117038726806640625e+00
1.611202359199523926e+00 1.242698669433593750e+00 1.245966434478759766e+00
1.686959028244018555e+00 1.278523802757263184e+00 1.230731725692749023e+00
1.691367030143737793e+00 1.144504308700561523e+00 1.148117184638977051e+00
1.727975845336914062e+00 1.224908471107482910e+00 1.205259919166564941e+00
1.644420742988586426e+00 1.215639948844909668e+00 1.148395061492919922e+00
1.723919153213500977e+00 1.179758787155151367e+00 1.199609279632568359e+00
1.738476395606994629e+00 1.255609512329101562e+00 1.089583158493041992e+00
1.633338212966918945e+00 1.254092216491699219e+00 1.118195652961730957e+00
1.670120120048522949e+00 1.140920042991638184e+00 1.252143144607543945e+00
1.736992001533508301e+00 1.201969981193542480e+00 1.116757392883300781e+00
1.689506769180297852e+00 1.237687110900878906e+00 1.100189089775085449e+00
1.769899368286132812e+00 1.201118826866149902e+00 1.127235531806945801e+00
1.586201667785644531e+00 1.223404288291931152e+00 1.184546351432800293e+00
1.729406118392944336e+00 1.184653997421264648e+00 1.309817075729370117e+00
1.651254892349243164e+00 1.168698191642761230e+00 1.114532470703125000e+00
1.761305332183837891e+00 1.264560699462890625e+00 1.211895942687988281e+00
1.744934320449829102e+00 1.259015798568725586e+00 1.245169043540954590e+00
1.690512895584106445e+00 1.233592629432678223e+00 1.112579584121704102e+00
1.686185121536254883e+00 1.192618489265441895e+00 1.204592466354370117e+00
1.727981209754943848e+00 1.162203431129455566e+00 1.091753721237182617e+00
1.734444618225097656e+00 1.164592266082763672e+00 1.166787743568420410e+00
1.587628483772277832e+00 1.267889618873596191e+00 1.118530392646789551e+00
1.708357691764831543e+00 1.251352190971374512e+00 1.305834770202636719e+00
1.724346041679382324e+00 1.229069709777832031e+00 1.199451088905334473e+00
1.698482751846313477e+00 1.283524394035339355e+00 1.226865053176879883e+00
1.737975478172302246e+00 1.134895324707031250e+00 1.180934429168701172e+00
1.676044821739196777e+00 1.267516732215881348e+00 1.166478753089904785e+00
1.770354151725769043e+00 1.236133813858032227e+00 1.292449116706848145e+00
1.728960752487182617e+00 1.242190003395080566e+00 1.158449053764343262e+00
1.715604543685913086e+00 1.174787759780883789e+00 1.123152375221252441e+00
1.683061361312866211e+00 1.196998119354248047e+00 1.207656979560852051e+00
1.730510830879211426e+00 1.208692669868469238e+00 1.227670550346374512e+00
1.659800887107849121e+00 1.218164682388305664e+00 1.149436712265014648e+00
1.707221388816833496e+00 1.203006148338317871e+00 1.159224271774291992e+00
1.746255278587341309e+00 1.207396626472473145e+00 1.148924112319946289e+00
1.750890135765075684e+00 1.240726351737976074e+00 1.110795855522155762e+00
1.752265691757202148e+00 1.191022396087646484e+00 1.051961183547973633e+00
1.625270009040832520e+00 1.202497482299804688e+00 1.214872598648071289e+00
1.686032295227050781e+00 1.225260853767395020e+00 1.178503274917602539e+00
1.667900443077087402e+00 1.142555594444274902e+00 1.159462809562683105e+00
1.659377694129943848e+00 1.213026046752929688e+00 1.172947883605957031e+00
1.684268355369567871e+00 1.216613411903381348e+00 1.235001087188720703e+00
1.792356133460998535e+00 1.252190709114074707e+00 1.229262471199035645e+00
1.588370323181152344e+00 1.196034073829650879e+00 1.173705816268920898e+00
1.660394430160522461e+00 1.181685686111450195e+00 1.128958344459533691e+00
1.738769173622131348e+00 1.257874965667724609e+00 1.145634055137634277e+00
1.686109423637390137e+00 1.254600644111633301e+00 1.098361492156982422e+00
1.771156072616577148e+00 1.212241053581237793e+00 1.212616324424743652e+00
1.730043530464172363e+00 1.187841534614562988e+00 1.113114595413208008e+00
1.683247804641723633e+00 1.247219443321228027e+00 1.221947193145751953e+00
1.640912055969238281e+00 1.289689183235168457e+00 1.196173191070556641e+00
1.685017585754394531e+00 1.224416255950927734e+00 1.176507234573364258e+00
1.690841555595397949e+00 1.254313349723815918e+00 1.265346407890319824e+00
1.721712231636047363e+00 1.178654313087463379e+00 1.122837305068969727e+00
1.734007716178894043e+00 1.219127058982849121e+00 1.215355873107910156e+00
1.637990593910217285e+00 1.148990988731384277e+00 1.246493220329284668e+00
1.701938271522521973e+00 1.240387678146362305e+00 1.215663313865661621e+00
1.814766407012939453e+00 1.203319430351257324e+00 1.249236345291137695e+00
1.686077237129211426e+00 1.207686185836791992e+00 1.244923472404479980e+00
1.766696214675903320e+00 1.248608708381652832e+00 1.239908576011657715e+00
1.724673867225646973e+00 1.244310379028320312e+00 1.179929018020629883e+00
1.717722415924072266e+00 1.239081263542175293e+00 1.205454111099243164e+00
1.703425049781799316e+00 1.257146000862121582e+00 1.261358737945556641e+00
1.734042286872863770e+00 1.203991770744323730e+00 1.140233874320983887e+00
1.738298296928405762e+00 1.206877827644348145e+00 1.174533247947692871e+00
1.816159248352050781e+00 1.175561547279357910e+00 1.142849922180175781e+00
1.727030515670776367e+00 1.300927400588989258e+00 1.291236400604248047e+00
1.595421314239501953e+00 1.251232862472534180e+00 1.262790322303771973e+00
1.746341228485107422e+00 1.195780038833618164e+00 1.155352950096130371e+00
1.740664839744567871e+00 1.250755429267883301e+00 1.212601423263549805e+00
1.749837994575500488e+00 1.203467965126037598e+00 1.134611487388610840e+00
1.690010786056518555e+00 1.272292375564575195e+00 1.171761512756347656e+00
1.743433594703674316e+00 1.188721537590026855e+00 1.168565511703491211e+00
1.669502615928649902e+00 1.204541087150573730e+00 1.164823293685913086e+00
1.760848522186279297e+00 1.223422527313232422e+00 1.091009140014648438e+00
1.727833628654479980e+00 1.236804604530334473e+00 1.213395714759826660e+00
1.693204164505004883e+00 1.166106343269348145e+00 1.204431653022766113e+00
1.634292125701904297e+00 1.210371017456054688e+00 1.166062712669372559e+00
1.719771742820739746e+00 1.144227504730224609e+00 1.133029937744140625e+00
1.650963068008422852e+00 1.224766135215759277e+00 1.143659353256225586e+00
1.702390432357788086e+00 1.222200274467468262e+00 1.251549124717712402e+00
1.703172087669372559e+00 1.216811299324035645e+00 1.236204385757446289e+00
1.683863282203674316e+00 1.190805554389953613e+00 1.179532527923583984e+00
1.838745594024658203e+00 1.280637741088867188e+00 1.149691700935363770e+00
1.691490173339843750e+00 1.236407041549682617e+00 1.228848457336425781e+00
1.675054073333740234e+00 1.190930962562561035e+00 1.103169679641723633e+00
1.697005391120910645e+00 1.195280432701110840e+00 1.191084146499633789e+00
1.701390862464904785e+00 1.233288764953613281e+00 1.185978651046752930e+00
1.667240858078002930e+00 1.199127435684204102e+00 1.138634681701660156e+00
1.674436450004577637e+00 1.172121405601501465e+00 1.250247359275817871e+00
1.687755703926086426e+00 1.252578496932983398e+00 1.205969929695129395e+00
1.599101185798645020e+00 1.220386862754821777e+00 1.229722738265991211e+00
1.720569729804992676e+00 1.307525277137756348e+00 1.203842759132385254e+00
1.725491881370544434e+00 1.213278293609619141e+00 1.239909887313842773e+00
1.807285547256469727e+00 1.202042579650878906e+00 1.207929253578186035e+00
1.728292822837829590e+00 1.204080820083618164e+00 1.064078211784362793e+00
1.672993421554565430e+00 1.283414602279663086e+00 1.155589342117309570e+00
1.698626875877380371e+00 1.121557354927062988e+00 1.183743238449096680e+00
1.702242732048034668e+00 1.179757952690124512e+00 1.143288135528564453e+00
1.617669701576232910e+00 1.227704286575317383e+00 1.163905978202819824e+00
1.661769032478332520e+00 1.224084138870239258e+00 1.154528737068176270e+00
1.716192722320556641e+00 1.214802026748657227e+00 1.152558445930480957e+00
1.623832225799560547e+00 1.261407613754272461e+00 1.171790838241577148e+00
1.639162540435791016e+00 1.290411949157714844e+00 1.201369881629943848e+00
1.712005138397216797e+00 1.222259402275085449e+00 1.077557921409606934e+00
1.717867136001586914e+00 1.166076660156250000e+00 1.201740145683288574e+00
1.753398299217224121e+00 1.246833562850952148e+00 1.189834237098693848e+00
1.680002450942993164e+00 1.296388149261474609e+00 1.143048286437988281e+00
1.761531829833984375e+00 1.250199794769287109e+00 1.109239935874938965e+00
1.829883694648742676e+00 1.139512538909912109e+00 1.181425333023071289e+00
1.680490732192993164e+00 1.261034846305847168e+00 1.221216797828674316e+00
1.753548383712768555e+00 1.260380983352661133e+00 1.205043911933898926e+00
1.695040702819824219e+00 1.159267663955688477e+00 1.208152890205383301e+00
1.692515611648559570e+00 1.221311330795288086e+00 1.202805995941162109e+00
1.706869482994079590e+00 1.238704085350036621e+00 1.185066580772399902e+00
1.712424278259277344e+00 1.208646416664123535e+00 1.165692567825317383e+00
1.746868848800659180e+00 1.214649081230163574e+00 1.214486002922058105e+00
1.674328327178955078e+00 1.229903221130371094e+00 1.276922583580017090e+00
1.680685877799987793e+00 1.210694432258605957e+00 1.230002999305725098e+00
1.758184552192687988e+00 1.239812612533569336e+00 1.166790485382080078e+00
1.687034249305725098e+00 1.205392241477966309e+00 1.204665184020996094e+00
1.599296689033508301e+00 1.228544950485229492e+00 1.159068346023559570e+00
1.680942177772521973e+00 1.197918057441711426e+00 1.107108116149902344e+00
1.711853861808776855e+00 1.249580740928649902e+00 1.274227857589721680e+00
1.724460482597351074e+00 1.202765226364135742e+00 1.095931410789489746e+00
1.636471748352050781e+00 1.147173285484313965e+00 1.048537492752075195e+00
1.759216427803039551e+00 1.251593589782714844e+00 1.136933922767639160e+00
1.719575881958007812e+00 1.158432841300964355e+00 1.158193588256835938e+00
1.735445857048034668e+00 1.176228284835815430e+00 1.232401251792907715e+00
1.733585238456726074e+00 1.286495447158813477e+00 1.212780237197875977e+00
1.775042057037353516e+00 1.237867355346679688e+00 1.252854824066162109e+00
1.687644839286804199e+00 1.237026095390319824e+00 1.170498967170715332e+00
1.647745847702026367e+00 1.213949441909790039e+00 1.157941818237304688e+00
1.728455543518066406e+00 1.238405585289001465e+00 1.119854450225830078e+00
1.765467286109924316e+00 1.206275701522827148e+00 1.173923611640930176e+00
1.724950432777404785e+00 1.275951027870178223e+00 1.215540289878845215e+00
1.685827612876892090e+00 1.224592447280883789e+00 1.120587706565856934e+00
1.706990599632263184e+00 1.212381124496459961e+00 1.159970879554748535e+00
1.684525609016418457e+00 1.214473009109497070e+00 1.114358067512512207e+00
1.749903321266174316e+00 1.181558132171630859e+00 1.146619677543640137e+00
1.623430013656616211e+00 1.302777409553527832e+00 1.185885310173034668e+00
1.737136363983154297e+00 1.214694380760192871e+00 1.229064464569091797e+00
1.679640769958496094e+00 1.230733275413513184e+00 1.195558667182922363e+00
1.704411149024963379e+00 1.171148777008056641e+00 1.266600966453552246e+00
1.760019421577453613e+00 1.231452465057373047e+00 1.206723332405090332e+00
1.731382608413696289e+00 1.308799147605895996e+00 1.201406717300415039e+00
1.655412793159484863e+00 1.213324666023254395e+00 1.073221683502197266e+00
1.687389254570007324e+00 1.188673257827758789e+00 1.192771553993225098e+00
1.666347980499267578e+00 1.260600090026855469e+00 1.193285822868347168e+00
1.686254262924194336e+00 1.288854360580444336e+00 1.207506179809570312e+00
1.716432929039001465e+00 1.179092764854431152e+00 1.204057693481445312e+00
1.633704423904418945e+00 1.279682874679565430e+00 1.214856624603271484e+00
1.725067257881164551e+00 1.219887375831604004e+00 1.239495158195495605e+00
1.684995770454406738e+00 1.325652480125427246e+00 1.112303614616394043e+00
1.739246845245361328e+00 1.170402646064758301e+00 1.274113178253173828e+00
1.640797019004821777e+00 1.235414505004882812e+00 1.263648509979248047e+00
1.746919631958007812e+00 1.162233352661132812e+00 1.217470169067382812e+00
1.693974733352661133e+00 1.281862020492553711e+00 1.140949368476867676e+00
1.658871173858642578e+00 1.269457578659057617e+00 1.184108138084411621e+00
1.703816175460815430e+00 1.222743034362792969e+00 1.347491264343261719e+00
1.684017896652221680e+00 1.240580916404724121e+00 1.157932281494140625e+00
1.632567644119262695e+00 1.197846770286560059e+00 1.127335309982299805e+00
1.713184714317321777e+00 1.188659548759460449e+00 1.207505583763122559e+00
1.824174761772155762e+00 1.219026565551757812e+00 1.226829171180725098e+00
1.679896354675292969e+00 1.183683514595031738e+00 1.274722099304199219e+00
1.791694760322570801e+00 1.226542234420776367e+00 1.138531804084777832e+00
1.715623855590820312e+00 1.233121395111083984e+00 1.175517320632934570e+00
1.671560168266296387e+00 1.236794948577880859e+00 1.188903450965881348e+00
1.728047013282775879e+00 1.221367597579956055e+00 1.242005586624145508e+00
1.741057276725769043e+00 1.189545989036560059e+00 1.215205788612365723e+00
1.671286225318908691e+00 1.231726765632629395e+00 1.133509278297424316e+00
1.642265915870666504e+00 1.228101253509521484e+00 1.088050127029418945e+00
1.806670069694519043e+00 1.252456188201904297e+00 1.224440574645996094e+00
1.658486843109130859e+00 1.142275571823120117e+00 1.043811559677124023e+00
1.713588595390319824e+00 1.191737413406372070e+00 1.190226078033447266e+00
1.673028469085693359e+00 1.209589123725891113e+00 1.252157807350158691e+00
1.710469961166381836e+00 1.249396562576293945e+00 1.212408423423767090e+00
1.726751804351806641e+00 1.229388713836669922e+00 1.211622476577758789e+00
1.672209382057189941e+00 1.220522999763488770e+00 1.205595374107360840e+00
1.600805759429931641e+00 1.194577097892761230e+00 1.197752594947814941e+00
1.771546006202697754e+00 1.258523941040039062e+00 1.178791761398315430e+00
1.649496674537658691e+00 1.227650403976440430e+00 1.217743158340454102e+00
1.696282386779785156e+00 1.290414690971374512e+00 1.183534860610961914e+00
1.652702331542968750e+00 1.257054567337036133e+00 1.195036411285400391e+00
1.663968443870544434e+00 1.162147283554077148e+00 1.145654559135437012e+00
1.677696466445922852e+00 1.202398419380187988e+00 1.122429609298706055e+00
1.656191945075988770e+00 1.218607068061828613e+00 1.142137408256530762e+00
1.796672224998474121e+00 1.225582003593444824e+00 1.097792983055114746e+00
1.765895843505859375e+00 1.166174292564392090e+00 1.221492886543273926e+00
1.728141784667968750e+00 1.205004811286926270e+00 1.187972664833068848e+00
1.732910871505737305e+00 1.223045349121093750e+00 1.263233423233032227e+00
1.622458219528198242e+00 1.179219961166381836e+00 1.096171498298645020e+00
1.686814785003662109e+00 1.209756970405578613e+00 1.170846343040466309e+00
1.683625102043151855e+00 1.208749532699584961e+00 1.155201196670532227e+00
1.681548357009887695e+00 1.219938635826110840e+00 1.246014118194580078e+00
1.708404421806335449e+00 1.219753623008728027e+00 1.179761171340942383e+00
1.760316371917724609e+00 1.209464550018310547e+00 1.216310024261474609e+00
1.636119961738586426e+00 1.254937291145324707e+00 1.197948098182678223e+00
1.738655686378479004e+00 1.198332309722900391e+00 1.136130928993225098e+00
1.721670746803283691e+00 1.239233851432800293e+00 1.208474636077880859e+00
1.697951316833496094e+00 1.136958599090576172e+00 1.163060903549194336e+00
1.761613726615905762e+00 1.194578051567077637e+00 1.210962176322937012e+00
1.747392773628234863e+00 1.264900803565979004e+00 1.248306035995483398e+00
1.572574138641357422e+00 1.208914875984191895e+00 1.217698216438293457e+00
1.647426843643188477e+00 1.242119073867797852e+00 1.237449288368225098e+00
1.696689724922180176e+00 1.216621994972229004e+00 1.191935658454895020e+00
1.684189081192016602e+00 1.257081627845764160e+00 1.149201631546020508e+00
1.751078128814697266e+00 1.222361445426940918e+00 1.091268658638000488e+00
1.692322969436645508e+00 1.263802528381347656e+00 1.185110092163085938e+00
1.728152513504028320e+00 1.260697960853576660e+00 1.281482219696044922e+00
1.685789704322814941e+00 1.204223513603210449e+00 1.215862751007080078e+00
1.632115721702575684e+00 1.155124545097351074e+00 1.186443686485290527e+00
1.784208774566650391e+00 1.314305305480957031e+00 1.116939783096313477e+00
1.684202790260314941e+00 1.214097261428833008e+00 1.097126364707946777e+00
1.698363065719604492e+00 1.217365145683288574e+00 1.206445336341857910e+00
1.664016127586364746e+00 1.287190079689025879e+00 1.160883069038391113e+00
1.695548772811889648e+00 1.220742702484130859e+00 1.033007144927978516e+00
1.684219121932983398e+00 1.273902773857116699e+00 1.121964931488037109e+00
1.723785042762756348e+00 1.149094223976135254e+00 1.190340995788574219e+00
1.712519049644470215e+00 1.185610413551330566e+00 1.155714631080627441e+00
1.710398197174072266e+00 1.271528482437133789e+00 1.299842596054077148e+00
1.687062501907348633e+00 1.191238760948181152e+00 1.156404256820678711e+00
1.670176267623901367e+00 1.251100897789001465e+00 1.153868436813354492e+00
1.744603037834167480e+00 1.205343723297119141e+00 1.269114851951599121e+00
1.667334675788879395e+00 1.258823871612548828e+00 1.248155117034912109e+00
1.696708440780639648e+00 1.167680740356445312e+00 1.239229083061218262e+00
1.648499011993408203e+00 1.248690724372863770e+00 1.178367018699645996e+00
1.745145797729492188e+00 1.231920003890991211e+00 1.157370924949645996e+00
1.697295546531677246e+00 1.250082492828369141e+00 1.221785664558410645e+00
1.717935681343078613e+00 1.184808850288391113e+00 1.120124816894531250e+00
1.722288370132446289e+00 1.255202174186706543e+00 1.155920147895812988e+00
1.674726009368896484e+00 1.201415657997131348e+00 1.255659461021423340e+00
1.672302961349487305e+00 1.217611074447631836e+00 1.165085077285766602e+00
1.652209877967834473e+00 1.189603447914123535e+00 1.135709762573242188e+00
1.662438750267028809e+00 1.293005585670471191e+00 1.162456631660461426e+00
1.692150592803955078e+00 1.243826866149902344e+00 1.167956948280334473e+00
1.696756958961486816e+00 1.215217828750610352e+00 1.160307645797729492e+00
1.639646530151367188e+00 1.201153159141540527e+00 1.164166212081909180e+00
1.729421377182006836e+00 1.161965012550354004e+00 1.201194405555725098e+00
1.611579537391662598e+00 1.212186098098754883e+00 1.187015652656555176e+00
1.813044905662536621e+00 1.285993337631225586e+00 1.171728730201721191e+00
1.717866063117980957e+00 1.233676552772521973e+00 1.148273229598999023e+00
1.693460583686828613e+00 1.211700558662414551e+00 1.142750859260559082e+00
1.692357420921325684e+00 1.203441023826599121e+00 1.139147996902465820e+00
1.767749786376953125e+00 1.237282276153564453e+00 1.075971245765686035e+00
1.781241416931152344e+00 1.216937541961669922e+00 1.134534597396850586e+00
1.725040555000305176e+00 1.167546868324279785e+00 1.139061808586120605e+00
1.774997949600219727e+00 1.171249389648437500e+00 1.094674825668334961e+00
1.639298558235168457e+00 1.212726831436157227e+00 1.234375357627868652e+00
1.702530741691589355e+00 1.254490137100219727e+00 1.133256793022155762e+00
1.693708300590515137e+00 1.191544294357299805e+00 1.167732715606689453e+00
1.691065430641174316e+00 1.174813270568847656e+00 1.183870911598205566e+00
1.757588267326354980e+00 1.148773670196533203e+00 1.275038719177246094e+00
1.712319731712341309e+00 1.202764272689819336e+00 1.091481447219848633e+00
1.687927246093750000e+00 1.264464259147644043e+00 1.214338779449462891e+00
1.599704146385192871e+00 1.271758317947387695e+00 1.182089686393737793e+00
1.699652671813964844e+00 1.219213962554931641e+00 1.119615793228149414e+00
1.736422538757324219e+00 1.232284903526306152e+00 1.136912703514099121e+00
1.743157148361206055e+00 1.214618802070617676e+00 1.223062396049499512e+00
1.722377538681030273e+00 1.286588191986083984e+00 1.134943127632141113e+00
1.662851333618164062e+00 1.174019575119018555e+00 1.187118172645568848e+00
1.721227288246154785e+00 1.203755855560302734e+00 1.181738257408142090e+00
1.709191322326660156e+00 1.262065887451171875e+00 1.165737032890319824e+00
1.755593776702880859e+00 1.193268895149230957e+00 1.246606588363647461e+00
1.630150198936462402e+00 1.209570765495300293e+00 1.156870365142822266e+00
1.803775072097778320e+00 1.273260474205017090e+00 1.208060503005981445e+00
1.595082879066467285e+00 1.211478590965270996e+00 1.206558465957641602e+00
1.675127983093261719e+00 1.220894932746887207e+00 1.176275014877319336e+00
1.667796850204467773e+00 1.213876605033874512e+00 1.135616779327392578e+00
1.652078866958618164e+00 1.194334387779235840e+00 1.167164087295532227e+00
1.670808315277099609e+00 1.178053855895996094e+00 1.117881059646606445e+00
1.725449204444885254e+00 1.135865211486816406e+00 1.220178127288818359e+00
1.721597194671630859e+00 1.251779913902282715e+00 1.195605635643005371e+00
1.796488523483276367e+00 1.239593505859375000e+00 1.208509445190429688e+00
1.712198376655578613e+00 1.221113085746765137e+00 1.284163355827331543e+00
1.697413921356201172e+00 1.186965584754943848e+00 1.222269296646118164e+00
1.702293872833251953e+00 1.196921586990356445e+00 1.224747776985168457e+00
1.692324161529541016e+00 1.269011855125427246e+00 1.201153397560119629e+00
1.664547801017761230e+00 1.226570963859558105e+00 1.142491579055786133e+00
1.697238802909851074e+00 1.298205614089965820e+00 1.212007403373718262e+00
1.646970152854919434e+00 1.139391660690307617e+00 1.140157461166381836e+00
1.692588329315185547e+00 1.179045915603637695e+00 1.171511292457580566e+00
1.685054183006286621e+00 1.283032417297363281e+00 1.198538184165954590e+00
1.624220252037048340e+00 1.217950463294982910e+00 1.206205606460571289e+00
1.649786829948425293e+00 1.199972629547119141e+00 1.129662752151489258e+00
1.655357837677001953e+00 1.190938711166381836e+00 1.181729316711425781e+00
1.683621168136596680e+00 1.221725702285766602e+00 1.096021771430969238e+00
1.601626515388488770e+00 1.208383917808532715e+00 1.077117562294006348e+00
1.764716863632202148e+00 1.208172440528869629e+00 1.189621806144714355e+00
1.647320628166198730e+00 1.279688119888305664e+00 1.146573185920715332e+00
1.644695520401000977e+00 1.240384578704833984e+00 1.150907158851623535e+00
1.618836760520935059e+00 1.265875220298767090e+00 1.093065977096557617e+00
1.669846057891845703e+00 1.267672419548034668e+00 1.282554268836975098e+00
1.712746381759643555e+00 1.166159749031066895e+00 1.267006397247314453e+00
1.606004238128662109e+00 1.232652068138122559e+00 1.182407259941101074e+00
1.707933425903320312e+00 1.224055409431457520e+00 1.100893855094909668e+00
1.752030849456787109e+00 1.189094901084899902e+00 1.179709672927856445e+00
1.686737537384033203e+00 1.199375391006469727e+00 1.124512314796447754e+00
1.659664630889892578e+00 1.252499461174011230e+00 1.162409663200378418e+00
1.558037519454956055e+00 1.257429242134094238e+00 1.195696353912353516e+00
1.621089935302734375e+00 1.216305732727050781e+00 1.263533949851989746e+00
1.730743646621704102e+00 1.224348306655883789e+00 1.296235799789428711e+00
1.648549556732177734e+00 1.213155746459960938e+00 1.116101741790771484e+00
1.703616142272949219e+00 1.182617783546447754e+00 1.175794005393981934e+00
1.736390829086303711e+00 1.248860239982604980e+00 1.225792169570922852e+00
1.653357148170471191e+00 1.187403559684753418e+00 1.178768754005432129e+00
1.669575214385986328e+00 1.194923996925354004e+00 1.157759189605712891e+00
1.627351760864257812e+00 1.207038402557373047e+00 1.256947875022888184e+00
1.748148441314697266e+00 1.185114026069641113e+00 1.178963780403137207e+00
1.684591054916381836e+00 1.195964813232421875e+00 1.128906726837158203e+00
1.749937295913696289e+00 1.199806571006774902e+00 1.205376625061035156e+00
1.631615400314331055e+00 1.158120989799499512e+00 1.091590046882629395e+00
1.716747999191284180e+00 1.210173964500427246e+00 1.185529947280883789e+00
1.698396563529968262e+00 1.268501281738281250e+00 1.198528766632080078e+00
1.676529169082641602e+00 1.244739294052124023e+00 1.199911355972290039e+00
1.669160246849060059e+00 1.192273020744323730e+00 1.142418861389160156e+00
1.653221249580383301e+00 1.223762869834899902e+00 1.176613569259643555e+00
1.724418044090270996e+00 1.284209132194519043e+00 1.135566353797912598e+00
1.747342348098754883e+00 1.196937203407287598e+00 1.151900410652160645e+00
1.669925212860107422e+00 1.266381502151489258e+00 1.195938825607299805e+00
1.681362986564636230e+00 1.243312239646911621e+00 1.214259505271911621e+00
1.717507123947143555e+00 1.234060764312744141e+00 1.236323356628417969e+00
1.708664417266845703e+00 1.212077736854553223e+00 1.096282362937927246e+00
1.679814815521240234e+00 1.245650291442871094e+00 1.171227931976318359e+00
1.712106704711914062e+00 1.285852193832397461e+00 1.099907398223876953e+00
1.726096987724304199e+00 1.210286021232604980e+00 1.187847495079040527e+00
1.777245879173278809e+00 1.232647418975830078e+00 1.148448109626770020e+00
1.638987541198730469e+00 1.242282390594482422e+00 1.123295664787292480e+00
1.622367262840270996e+00 1.212478518486022949e+00 1.165138006210327148e+00
1.698895215988159180e+00 1.220592617988586426e+00 1.249586343765258789e+00
1.647773385047912598e+00 1.212370514869689941e+00 1.237076163291931152e+00
1.684239268302917480e+00 1.283561348915100098e+00 1.132267951965332031e+00
1.658270716667175293e+00 1.206573724746704102e+00 1.238309741020202637e+00
1.707529067993164062e+00 1.175954222679138184e+00 1.322578787803649902e+00
1.627319574356079102e+00 1.172287344932556152e+00 1.130208253860473633e+00
1.709333419799804688e+00 1.235073924064636230e+00 1.111952424049377441e+00
1.716621994972229004e+00 1.219058871269226074e+00 1.194984912872314453e+00
1.615887522697448730e+00 1.277637004852294922e+00 1.240676999092102051e+00
1.712150573730468750e+00 1.169123530387878418e+00 1.136968970298767090e+00
1.771673321723937988e+00 1.214613556861877441e+00 1.172749638557434082e+00
1.695231676101684570e+00 1.261138558387756348e+00 1.164289116859436035e+00
1.714316129684448242e+00 1.236959934234619141e+00 1.257279634475708008e+00
1.742228031158447266e+00 1.217027664184570312e+00 1.270488500595092773e+00
1.691808342933654785e+00 1.266772747039794922e+00 1.167221188545227051e+00
1.667006850242614746e+00 1.220100283622741699e+00 1.164380073547363281e+00
1.660022497177124023e+00 1.190077781677246094e+00 1.142832756042480469e+00
1.682194471359252930e+00 1.213429212570190430e+00 1.205079078674316406e+00
1.740004539489746094e+00 1.252048134803771973e+00 1.187744259834289551e+00
1.697028756141662598e+00 1.246824502944946289e+00 1.187465429306030273e+00
1.730485439300537109e+00 1.287261247634887695e+00 1.151178598403930664e+00
1.715304136276245117e+00 1.172972202301025391e+00 1.181644320487976074e+00
1.726418256759643555e+00 1.200242042541503906e+00 1.277081370353698730e+00
1.665692090988159180e+00 1.266193628311157227e+00 1.156302213668823242e+00
1.717697501182556152e+00 1.207823753356933594e+00 1.218875765800476074e+00
1.691066861152648926e+00 1.258091211318969727e+00 1.147074341773986816e+00
1.733227610588073730e+00 1.251956462860107422e+00 1.329311609268188477e+00
1.669516444206237793e+00 1.218427658081054688e+00 1.213309764862060547e+00
1.724526882171630859e+00 1.196604132652282715e+00 1.222410202026367188e+00
1.743396282196044922e+00 1.252124667167663574e+00 1.156588792800903320e+00
1.710864901542663574e+00 1.162931323051452637e+00 1.181819558143615723e+00
1.686470746994018555e+00 1.280493736267089844e+00 1.166935324668884277e+00
1.710822701454162598e+00 1.214281916618347168e+00 1.180870771408081055e+00
1.679564237594604492e+00 1.238277196884155273e+00 1.213266730308532715e+00
1.715831518173217773e+00 1.240162014961242676e+00 1.170993685722351074e+00
1.707469582557678223e+00 1.193461894989013672e+00 1.316442012786865234e+00
1.736372351646423340e+00 1.213856697082519531e+00 1.234516143798828125e+00
1.683061003684997559e+00 1.222129344940185547e+00 1.259299755096435547e+00
1.698376893997192383e+00 1.188416719436645508e+00 1.211626648902893066e+00
1.680942058563232422e+00 1.203258037567138672e+00 1.255301833152770996e+00
1.679250121116638184e+00 1.219815969467163086e+00 1.235523223876953125e+00
1.693872809410095215e+00 1.163553714752197266e+00 1.244475603103637695e+00
1.714813947677612305e+00 1.225573301315307617e+00 1.178378939628601074e+00
1.679039239883422852e+00 1.194074630737304688e+00 1.168141841888427734e+00
1.738375067710876465e+00 1.266671180725097656e+00 1.200353026390075684e+00
1.734825015068054199e+00 1.209337472915649414e+00 1.237190485000610352e+00
1.662826895713806152e+00 1.175166964530944824e+00 1.100516915321350098e+00
1.740771055221557617e+00 1.207921028137207031e+00 1.166114211082458496e+00
1.718989849090576172e+00 1.268176555633544922e+00 1.140478253364562988e+00
1.703161954879760742e+00 1.205135583877563477e+00 1.168136119842529297e+00
1.756853461265563965e+00 1.231388211250305176e+00 1.211367249488830566e+00
1.696288943290710449e+00 1.221328139305114746e+00 1.190840125083923340e+00
1.690814733505249023e+00 1.292493939399719238e+00 1.164929151535034180e+00
1.720320463180541992e+00 1.214321494102478027e+00 1.210924386978149414e+00
1.727332234382629395e+00 1.153853416442871094e+00 1.199161648750305176e+00
1.717640161514282227e+00 1.188263177871704102e+00 1.229801654815673828e+00
1.697531461715698242e+00 1.257974267005920410e+00 1.268592476844787598e+00
1.740975260734558105e+00 1.150756239891052246e+00 1.139104485511779785e+00
1.664917230606079102e+00 1.220811128616333008e+00 1.220159769058227539e+00
1.707168340682983398e+00 1.279543399810791016e+00 1.141786575317382812e+00
1.780891418457031250e+00 1.258496880531311035e+00 1.168701767921447754e+00
1.672797799110412598e+00 1.196921825408935547e+00 1.059910655021667480e+00
1.710067391395568848e+00 1.259126424789428711e+00 1.215733885765075684e+00
1.759272933006286621e+00 1.235376834869384766e+00 1.127704024314880371e+00
1.705576419830322266e+00 1.278341650962829590e+00 1.165793895721435547e+00
1.692410349845886230e+00 1.212061285972595215e+00 1.215579390525817871e+00
1.696246862411499023e+00 1.247080922126770020e+00 1.199111580848693848e+00
1.703329920768737793e+00 1.230510711669921875e+00 1.186958670616149902e+00
1.776202082633972168e+00 1.198723196983337402e+00 1.234414219856262207e+00
1.777134418487548828e+00 1.186481475830078125e+00 1.181229114532470703e+00
1.701468229293823242e+00 1.198773264884948730e+00 1.150582313537597656e+00
1.803182125091552734e+00 1.312191367149353027e+00 1.135567665100097656e+00
1.729272365570068359e+00 1.214001178741455078e+00 1.155406832695007324e+00
1.760495424270629883e+00 1.192700147628784180e+00 1.203617095947265625e+00
1.628355503082275391e+00 1.208003520965576172e+00 1.144960880279541016e+00
1.750489234924316406e+00 1.262983798980712891e+00 1.170534014701843262e+00
1.708767414093017578e+00 1.192250967025756836e+00 1.156421065330505371e+00
1.693329572677612305e+00 1.257002353668212891e+00 1.183385968208312988e+00
1.681153297424316406e+00 1.240441918373107910e+00 1.149131655693054199e+00
1.689244031906127930e+00 1.277122735977172852e+00 1.127315163612365723e+00
1.716619014739990234e+00 1.244944930076599121e+00 1.121410131454467773e+00
1.623219966888427734e+00 1.275620341300964355e+00 1.147667050361633301e+00
1.714501738548278809e+00 1.198146581649780273e+00 1.148766875267028809e+00
1.708505153656005859e+00 1.259157180786132812e+00 1.228188276290893555e+00
1.611598014831542969e+00 1.191247701644897461e+00 1.236023664474487305e+00
1.678386449813842773e+00 1.254307508468627930e+00 1.163794994354248047e+00
1.649766921997070312e+00 1.246277570724487305e+00 1.208620190620422363e+00
1.718179702758789062e+00 1.210441589355468750e+00 1.097802519798278809e+00
1.707201004028320312e+00 1.177029132843017578e+00 1.221607208251953125e+00
1.679215431213378906e+00 1.221463561058044434e+00 1.089923620223999023e+00
1.756091117858886719e+00 1.218302965164184570e+00 1.234804987907409668e+00
1.633901476860046387e+00 1.220163702964782715e+00 1.243205547332763672e+00
1.692560672760009766e+00 1.199713110923767090e+00 1.239748001098632812e+00
1.667760848999023438e+00 1.161481976509094238e+00 1.233250737190246582e+00
1.717442512512207031e+00 1.172476410865783691e+00 1.138830661773681641e+00
1.692462205886840820e+00 1.253182053565979004e+00 1.236956954002380371e+00
1.675744891166687012e+00 1.251642465591430664e+00 1.095087051391601562e+00
1.768372416496276855e+00 1.204093575477600098e+00 1.155364751815795898e+00
1.702996015548706055e+00 1.225141763687133789e+00 1.250677704811096191e+00
1.672691941261291504e+00 1.274217724800109863e+00 1.146529674530029297e+00
1.666773080825805664e+00 1.204257488250732422e+00 1.230115056037902832e+00
1.738574981689453125e+00 1.204993963241577148e+00 1.232417941093444824e+00
1.678600192070007324e+00 1.168606996536254883e+00 1.247873425483703613e+00
1.756759047508239746e+00 1.217522025108337402e+00 1.255247116088867188e+00
1.723934412002563477e+00 1.253101587295532227e+00 1.249268651008605957e+00
1.696538805961608887e+00 1.242276787757873535e+00 1.184056997299194336e+00
1.707212209701538086e+00 1.212926626205444336e+00 1.172494173049926758e+00
1.657555818557739258e+00 1.235418081283569336e+00 1.273390889167785645e+00
1.634704470634460449e+00 1.271756529808044434e+00 1.260719895362854004e+00
1.573138713836669922e+00 1.181434273719787598e+00 1.199401974678039551e+00
1.632350444793701172e+00 1.223625779151916504e+00 1.124135851860046387e+00
1.611387491226196289e+00 1.260144710540771484e+00 1.201423645019531250e+00
1.754576444625854492e+00 1.265845417976379395e+00 1.268438577651977539e+00
1.701305627822875977e+00 1.246227741241455078e+00 1.187458992004394531e+00
1.733585834503173828e+00 1.236168265342712402e+00 1.202010989189147949e+00
1.668710470199584961e+00 1.338214159011840820e+00 1.253511548042297363e+00
1.650807619094848633e+00 1.212340831756591797e+00 1.123136758804321289e+00
1.764663457870483398e+00 1.217063903808593750e+00 1.141565561294555664e+00
1.848847389221191406e+00 1.302642822265625000e+00 1.239134550094604492e+00
1.675937175750732422e+00 1.191565513610839844e+00 1.261894583702087402e+00
1.677777409553527832e+00 1.250409245491027832e+00 1.157419204711914062e+00
1.658178567886352539e+00 1.225744843482971191e+00 1.187045097351074219e+00
1.758949160575866699e+00 1.264898896217346191e+00 1.173372626304626465e+00
1.695411443710327148e+00 1.260454416275024414e+00 1.195101737976074219e+00
1.626590490341186523e+00 1.267804265022277832e+00 1.192591786384582520e+00
1.790302634239196777e+00 1.173885345458984375e+00 1.164744496345520020e+00
1.646605968475341797e+00 1.208448290824890137e+00 1.162349462509155273e+00
1.700140595436096191e+00 1.230979561805725098e+00 1.186975717544555664e+00
1.655888438224792480e+00 1.220747590065002441e+00 1.199173331260681152e+00
1.661824345588684082e+00 1.236916780471801758e+00 1.193370223045349121e+00
1.697121024131774902e+00 1.234730362892150879e+00 1.116285681724548340e+00
1.793458580970764160e+00 1.192383527755737305e+00 1.200844287872314453e+00
1.654458522796630859e+00 1.261140942573547363e+00 1.215679645538330078e+00
1.677237391471862793e+00 1.300643682479858398e+00 1.111023068428039551e+00
1.716260671615600586e+00 1.174199819564819336e+00 1.221776604652404785e+00
1.747460126876831055e+00 1.278564214706420898e+00 1.132704615592956543e+00
1.695264458656311035e+00 1.280945062637329102e+00 1.139313697814941406e+00
1.674717307090759277e+00 1.276905417442321777e+00 1.276439547538757324e+00
1.739656925201416016e+00 1.251116871833801270e+00 1.174046754837036133e+00
1.754291296005249023e+00 1.216243028640747070e+00 1.208506941795349121e+00
1.585323333740234375e+00 1.226075530052185059e+00 1.191458940505981445e+00
1.772731423377990723e+00 1.172747611999511719e+00 1.253540277481079102e+00
1.727166056632995605e+00 1.214753627777099609e+00 1.123415708541870117e+00
1.757965922355651855e+00 1.190874099731445312e+00 1.131273865699768066e+00
1.687678813934326172e+00 1.240223288536071777e+00 1.190593004226684570e+00
1.777347683906555176e+00 1.215510010719299316e+00 1.106619358062744141e+00
1.703434109687805176e+00 1.223776221275329590e+00 1.191230058670043945e+00
1.661306142807006836e+00 1.235957741737365723e+00 1.161622166633605957e+00
1.705862164497375488e+00 1.208464741706848145e+00 1.155654549598693848e+00
1.736762285232543945e+00 1.234130024909973145e+00 1.197931528091430664e+00
1.690414428710937500e+00 1.282507538795471191e+00 1.208928942680358887e+00
1.664034605026245117e+00 1.253011107444763184e+00 1.207911491394042969e+00
1.580602049827575684e+00 1.302741646766662598e+00 1.197892785072326660e+00
1.616577267646789551e+00 1.210832238197326660e+00 1.141006827354431152e+00
1.643841624259948730e+00 1.279366970062255859e+00 1.090331673622131348e+00
1.729543685913085938e+00 1.212032914161682129e+00 1.137583971023559570e+00
1.797195792198181152e+00 1.229736447334289551e+00 1.197693586349487305e+00
1.636593341827392578e+00 1.172562599182128906e+00 1.169034957885742188e+00
1.710697889328002930e+00 1.167575836181640625e+00 1.065817236900329590e+00
1.765424966812133789e+00 1.212139606475830078e+00 1.275487661361694336e+00
1.664742469787597656e+00 1.233514428138732910e+00 1.226229071617126465e+00
1.700473546981811523e+00 1.221139669418334961e+00 1.228629231452941895e+00
1.691129803657531738e+00 1.208808183670043945e+00 1.178577780723571777e+00
1.789686203002929688e+00 1.276172757148742676e+00 1.178736686706542969e+00
1.682555198669433594e+00 1.207817435264587402e+00 1.145343184471130371e+00
1.670020461082458496e+00 1.272910118103027344e+00 1.183849453926086426e+00
1.685338258743286133e+00 1.203365683555603027e+00 1.118582963943481445e+00
1.730337381362915039e+00 1.207849740982055664e+00 1.245846986770629883e+00
1.758227109909057617e+00 1.227805495262145996e+00 1.179226160049438477e+00
1.672363638877868652e+00 1.204293131828308105e+00 1.202924966812133789e+00
1.696772217750549316e+00 1.265208125114440918e+00 1.074105024337768555e+00
1.661265492439270020e+00 1.291776776313781738e+00 1.130917310714721680e+00
1.731693387031555176e+00 1.273615241050720215e+00 1.215091586112976074e+00
1.656700611114501953e+00 1.304077386856079102e+00 1.212582111358642578e+00
1.699537277221679688e+00 1.214549422264099121e+00 1.246797680854797363e+00
1.693604111671447754e+00 1.261888742446899414e+00 1.159112095832824707e+00
1.706895589828491211e+00 1.279826998710632324e+00 1.136975646018981934e+00
1.713268876075744629e+00 1.308101415634155273e+00 1.225396394729614258e+00
1.700714945793151855e+00 1.248588800430297852e+00 1.175728797912597656e+00
1.626792550086975098e+00 1.227215290069580078e+00 1.199863791465759277e+00
1.641140937805175781e+00 1.295225977897644043e+00 1.194890141487121582e+00
1.710456013679504395e+00 1.300719380378723145e+00 1.265551805496215820e+00
1.775496006011962891e+00 1.155855417251586914e+00 1.100684881210327148e+00
1.646079897880554199e+00 1.240147113800048828e+00 1.245967268943786621e+00
1.670135855674743652e+00 1.190433025360107422e+00 1.210474729537963867e+00
1.660020232200622559e+00 1.211917400360107422e+00 1.216890931129455566e+00
1.726547956466674805e+00 1.194496870040893555e+00 1.150736689567565918e+00
1.734896302223205566e+00 1.199855446815490723e+00 1.226115703582763672e+00
1.702681899070739746e+00 1.189937353134155273e+00 1.159081935882568359e+00
1.685934185981750488e+00 1.206376075744628906e+00 1.183266282081604004e+00
1.758002281188964844e+00 1.189454674720764160e+00 1.193113565444946289e+00
1.749895572662353516e+00 1.211951255798339844e+00 1.101528286933898926e+00
1.667016625404357910e+00 1.205407261848449707e+00 1.238459587097167969e+00
1.669997215270996094e+00 1.266219496726989746e+00 1.174822449684143066e+00
1.773267269134521484e+00 1.253422975540161133e+00 1.176385521888732910e+00
1.647630453109741211e+00 1.198050498962402344e+00 1.159968852996826172e+00
1.717732548713684082e+00 1.209706783294677734e+00 1.151986360549926758e+00
1.679231524467468262e+00 1.226976633071899414e+00 1.224906682968139648e+00
1.705380320549011230e+00 1.180286407470703125e+00 1.176660895347595215e+00
1.644362807273864746e+00 1.255923032760620117e+00 1.256269693374633789e+00
1.697574257850646973e+00 1.168757319450378418e+00 1.156978726387023926e+00
1.695166468620300293e+00 1.249031066894531250e+00 1.195822358131408691e+00
1.669641017913818359e+00 1.193362236022949219e+00 1.249377965927124023e+00
1.799490451812744141e+00 1.221504807472229004e+00 1.078793287277221680e+00
1.741851091384887695e+00 1.219718337059020996e+00 1.165942549705505371e+00
1.766089320182800293e+00 1.283457756042480469e+00 1.152285695075988770e+00
1.650327444076538086e+00 1.160862684249877930e+00 1.164507627487182617e+00
1.688855886459350586e+00 1.247909665107727051e+00 1.167099714279174805e+00
1.647867441177368164e+00 1.269553542137145996e+00 1.117195129394531250e+00
1.694756746292114258e+00 1.262264013290405273e+00 1.272861957550048828e+00
1.721092343330383301e+00 1.212141513824462891e+00 1.234811067581176758e+00
1.743674635887145996e+00 1.153332591056823730e+00 1.220060944557189941e+00
1.652216792106628418e+00 1.217906355857849121e+00 1.217838764190673828e+00
1.712261319160461426e+00 1.196174144744873047e+00 1.104918003082275391e+00
1.650835275650024414e+00 1.193822383880615234e+00 1.244250297546386719e+00
1.701396942138671875e+00 1.208971381187438965e+00 1.240647912025451660e+00
1.661131858825683594e+00 1.206070303916931152e+00 1.218639850616455078e+00
1.664130806922912598e+00 1.251783609390258789e+00 1.111305236816406250e+00
1.640197277069091797e+00 1.150998830795288086e+00 1.225688815116882324e+00
1.669715285301208496e+00 1.207081794738769531e+00 1.160408973693847656e+00
1.775993585586547852e+00 1.274684906005859375e+00 1.165325999259948730e+00
1.707816123962402344e+00 1.187600255012512207e+00 1.225580692291259766e+00
1.628099083900451660e+00 1.218575716018676758e+00 1.235184788703918457e+00
1.646987438201904297e+00 1.277096271514892578e+00 1.147007822990417480e+00
1.663075327873229980e+00 1.121572136878967285e+00 1.218470215797424316e+00
1.731356263160705566e+00 1.180213093757629395e+00 1.154312729835510254e+00
1.753682374954223633e+00 1.170701265335083008e+00 1.196890115737915039e+00
1.728897809982299805e+00 1.251352787017822266e+00 1.165854454040527344e+00
1.643570780754089355e+00 1.213304877281188965e+00 1.196847081184387207e+00
1.722150564193725586e+00 1.170335769653320312e+00 1.227570652961730957e+00
1.810264110565185547e+00 1.190732002258300781e+00 1.216624259948730469e+00
1.679165959358215332e+00 1.275980830192565918e+00 1.156664967536926270e+00
1.708046793937683105e+00 1.230997204780578613e+00 1.221313238143920898e+00
1.674587249755859375e+00 1.182525038719177246e+00 1.200459241867065430e+00
1.669528484344482422e+00 1.219840884208679199e+00 1.185799598693847656e+00
1.621795892715454102e+00 1.281347036361694336e+00 1.190370321273803711e+00
1.660955071449279785e+00 1.196753025054931641e+00 1.200412631034851074e+00
1.735867023468017578e+00 1.253138065338134766e+00 1.222481131553649902e+00
1.643828511238098145e+00 1.231357932090759277e+00 1.120692968368530273e+00
1.689913868904113770e+00 1.275853633880615234e+00 1.128460049629211426e+00
1.610866904258728027e+00 1.243036389350891113e+00 1.307038784027099609e+00
1.705684065818786621e+00 1.307563424110412598e+00 1.289669632911682129e+00
1.776222229003906250e+00 1.210579991340637207e+00 1.204280138015747070e+00
1.673886656761169434e+00 1.192519783973693848e+00 1.215110182762145996e+00
1.727960109710693359e+00 1.205186605453491211e+00 1.186615109443664551e+00
1.767905592918395996e+00 1.247584223747253418e+00 1.221090078353881836e+00
1.691860437393188477e+00 1.214637994766235352e+00 1.150697708129882812e+00
1.644908308982849121e+00 1.195048093795776367e+00 1.138614177703857422e+00
1.652934670448303223e+00 1.273519277572631836e+00 1.098803281784057617e+00
1.767766356468200684e+00 1.237207174301147461e+00 1.222743749618530273e+00
1.657463669776916504e+00 1.260936498641967773e+00 1.187639355659484863e+00
1.599973082542419434e+00 1.237715840339660645e+00 1.182300090789794922e+00
1.640079379081726074e+00 1.306491851806640625e+00 1.202256321907043457e+00
1.713674068450927734e+00 1.243577361106872559e+00 1.253189682960510254e+00
1.684367060661315918e+00 1.289074420928955078e+00 1.200397968292236328e+00
1.715548038482666016e+00 1.233572125434875488e+00 1.095927596092224121e+00
1.713915944099426270e+00 1.239882946014404297e+00 1.159672975540161133e+00
1.753085494041442871e+00 1.262286067008972168e+00 1.146041631698608398e+00
1.683151483535766602e+00 1.272520422935485840e+00 1.197536468505859375e+00
1.665783047676086426e+00 1.155430674552917480e+00 1.175583362579345703e+00
1.800991058349609375e+00 1.252183556556701660e+00 1.200730443000793457e+00
1.696916580200195312e+00 1.293281078338623047e+00 1.060769319534301758e+00
1.720972299575805664e+00 1.280518770217895508e+00 1.167893290519714355e+00
1.684442281723022461e+00 1.239482641220092773e+00 1.243403911590576172e+00
1.676036596298217773e+00 1.266196846961975098e+00 1.191194176673889160e+00
1.715163946151733398e+00 1.195406913757324219e+00 1.059633016586303711e+00
1.668978571891784668e+00 1.309335708618164062e+00 1.176353096961975098e+00
1.664544939994812012e+00 1.206917405128479004e+00 1.171396255493164062e+00
1.653510570526123047e+00 1.226141095161437988e+00 1.170621991157531738e+00
1.588778376579284668e+00 1.191364288330078125e+00 1.223994493484497070e+00
1.722378969192504883e+00 1.251793146133422852e+00 1.161323666572570801e+00
1.734881043434143066e+00 1.216286063194274902e+00 1.201330065727233887e+00
1.694088101387023926e+00 1.268868923187255859e+00 1.124369144439697266e+00
1.647233128547668457e+00 1.200375556945800781e+00 1.199391365051269531e+00
1.687017440795898438e+00 1.208927035331726074e+00 1.235869646072387695e+00
1.672657132148742676e+00 1.244364142417907715e+00 1.160988330841064453e+00
1.790211200714111328e+00 1.215969443321228027e+00 1.191355586051940918e+00
1.707696199417114258e+00 1.198586940765380859e+00 1.149675607681274414e+00
1.609094738960266113e+00 1.172565817832946777e+00 1.148696780204772949e+00
1.716815590858459473e+00 1.285907745361328125e+00 1.280505299568176270e+00
1.732915759086608887e+00 1.216633319854736328e+00 1.237013697624206543e+00
1.683370113372802734e+00 1.186176061630249023e+00 1.200030446052551270e+00
1.659094929695129395e+00 1.238460063934326172e+00 1.207188963890075684e+00
1.656706213951110840e+00 1.227694153785705566e+00 1.135430335998535156e+00
1.751340508460998535e+00 1.205697059631347656e+00 1.209852099418640137e+00
1.766650676727294922e+00 1.234324216842651367e+00 1.171247959136962891e+00
1.699537277221679688e+00 1.269594669342041016e+00 1.113504171371459961e+00
1.637122154235839844e+00 1.257143616676330566e+00 1.254065990447998047e+00
1.655532240867614746e+00 1.252735853195190430e+00 1.137643098831176758e+00
1.641736149787902832e+00 1.273829221725463867e+00 1.180674672126770020e+00
1.695837974548339844e+00 1.259867787361145020e+00 1.254788279533386230e+00
1.686478018760681152e+00 1.154980778694152832e+00 1.173102855682373047e+00
1.751003623008728027e+00 1.207739233970642090e+00 1.176964044570922852e+00
1.730146408081054688e+00 1.237081050872802734e+00 1.218686938285827637e+00
1.760603070259094238e+00 1.281916141510009766e+00 1.145616173744201660e+00
1.724153876304626465e+00 1.212525248527526855e+00 1.165842533111572266e+00
1.617556571960449219e+00 1.287832140922546387e+00 1.134522080421447754e+00
1.558279395103454590e+00 1.177839875221252441e+00 1.173076748847961426e+00
1.705874323844909668e+00 1.209635972976684570e+00 1.142735958099365234e+00
1.704625606536865234e+00 1.247320294380187988e+00 1.254045486450195312e+00
1.717451930046081543e+00 1.261589765548706055e+00 1.240272521972656250e+00
1.704887986183166504e+00 1.206409931182861328e+00 1.162802338600158691e+00
1.724745035171508789e+00 1.181821346282958984e+00 1.202704548835754395e+00
1.755867600440979004e+00 1.272192358970642090e+00 1.237245321273803711e+00
1.590418815612792969e+00 1.277345180511474609e+00 1.115448236465454102e+00
1.665578603744506836e+00 1.232709407806396484e+00 1.198694348335266113e+00
1.599917173385620117e+00 1.223886847496032715e+00 1.200820088386535645e+00
1.613238453865051270e+00 1.170274615287780762e+00 1.175274848937988281e+00
1.679503083229064941e+00 1.229774713516235352e+00 1.191284060478210449e+00
1.698776483535766602e+00 1.257933020591735840e+00 1.169096589088439941e+00
1.754340410232543945e+00 1.217154860496520996e+00 1.151566028594970703e+00
1.685354232788085938e+00 1.196875810623168945e+00 1.056221723556518555e+00
1.770629048347473145e+00 1.239112615585327148e+00 1.174263715744018555e+00
1.729005336761474609e+00 1.218885064125061035e+00 1.165831923484802246e+00
1.616858124732971191e+00 1.241610288619995117e+00 1.234983086585998535e+00
1.659119248390197754e+00 1.306063055992126465e+00 1.143987655639648438e+00
1.656167745590209961e+00 1.231395244598388672e+00 1.247709393501281738e+00
1.686491250991821289e+00 1.245931744575500488e+00 1.162596464157104492e+00
1.624942779541015625e+00 1.307420134544372559e+00 1.199082374572753906e+00
1.704299211502075195e+00 1.185841202735900879e+00 1.152815222740173340e+00
1.709483385086059570e+00 1.244531393051147461e+00 1.178942680358886719e+00
1.779350638389587402e+00 1.192532896995544434e+00 1.115651488304138184e+00
1.661720275878906250e+00 1.175591468811035156e+00 1.186325907707214355e+00
1.783019423484802246e+00 1.232905745506286621e+00 1.267912745475769043e+00
1.751686215400695801e+00 1.206157565116882324e+00 1.204675316810607910e+00
1.672924876213073730e+00 1.227160930633544922e+00 1.193644881248474121e+00
1.668856859207153320e+00 1.236566424369812012e+00 1.329777956008911133e+00
1.674739599227905273e+00 1.189822435379028320e+00 1.271744728088378906e+00
1.706177592277526855e+00 1.242662429809570312e+00 1.313145875930786133e+00
1.670140504837036133e+00 1.193629264831542969e+00 1.099107861518859863e+00
1.775932312011718750e+00 1.315611004829406738e+00 1.232823014259338379e+00
1.706848025321960449e+00 1.269122242927551270e+00 1.183360576629638672e+00
1.684257149696350098e+00 1.253792285919189453e+00 1.120092630386352539e+00
1.651572346687316895e+00 1.163319110870361328e+00 1.276826858520507812e+00
1.774803876876831055e+00 1.201759934425354004e+00 1.137814521789550781e+00
1.578615546226501465e+00 1.201171875000000000e+00 1.182608246803283691e+00
1.559062719345092773e+00 1.236456036567687988e+00 1.196216940879821777e+00
1.684040307998657227e+00 1.283988714218139648e+00 1.163463592529296875e+00
1.672117233276367188e+00 1.263469219207763672e+00 1.162798643112182617e+00
1.619231581687927246e+00 1.254062771797180176e+00 1.139726161956787109e+00
1.729371547698974609e+00 1.246274709701538086e+00 1.171625733375549316e+00
1.727363944053649902e+00 1.208014488220214844e+00 1.212794065475463867e+00
1.718847036361694336e+00 1.218161344528198242e+00 1.109315276145935059e+00
1.686637639999389648e+00 1.255090594291687012e+00 1.088867902755737305e+00
1.622390627861022949e+00 1.246713399887084961e+00 1.161745309829711914e+00
1.696321725845336914e+00 1.173048377037048340e+00 1.284788846969604492e+00
1.702703833580017090e+00 1.283226013183593750e+00 1.236140131950378418e+00
1.783081412315368652e+00 1.189214348793029785e+00 1.208986520767211914e+00
1.652770400047302246e+00 1.249273061752319336e+00 1.213175654411315918e+00
1.630672693252563477e+00 1.188312649726867676e+00 1.149573922157287598e+00
1.745924353599548340e+00 1.282463550567626953e+00 1.223066926002502441e+00
1.654453635215759277e+00 1.208987474441528320e+00 1.226421475410461426e+00
1.740043520927429199e+00 1.221818566322326660e+00 1.168232560157775879e+00
1.661571979522705078e+00 1.163754105567932129e+00 1.223528742790222168e+00
1.709349274635314941e+00 1.203983187675476074e+00 1.254609107971191406e+00
1.731191515922546387e+00 1.211875081062316895e+00 1.158899188041687012e+00
1.677633285522460938e+00 1.288175821304321289e+00 1.180544137954711914e+00
1.633761405944824219e+00 1.267268061637878418e+00 1.182776212692260742e+00
1.691713809967041016e+00 1.329631328582763672e+00 1.213786959648132324e+00
1.683745026588439941e+00 1.272374391555786133e+00 1.144493699073791504e+00
1.726367950439453125e+00 1.184545516967773438e+00 1.176339864730834961e+00
1.768322467803955078e+00 1.267664074897766113e+00 1.227483391761779785e+00
1.693737983703613281e+00 1.292500615119934082e+00 1.214615941047668457e+00
1.736394524574279785e+00 1.311898469924926758e+00 1.094556331634521484e+00
1.666637897491455078e+00 1.167255282402038574e+00 1.198646545410156250e+00
1.710883498191833496e+00 1.235313773155212402e+00 1.194178223609924316e+00
1.734967708587646484e+00 1.286099314689636230e+00 1.242610573768615723e+00
1.691768646240234375e+00 1.251249194145202637e+00 1.168770074844360352e+00
1.615845203399658203e+00 1.307066559791564941e+00 1.160743236541748047e+00
1.776776432991027832e+00 1.344420552253723145e+00 1.244620919227600098e+00
1.671619176864624023e+00 1.252356052398681641e+00 1.196652293205261230e+00
1.669303059577941895e+00 1.230599999427795410e+00 1.253673076629638672e+00
1.604764342308044434e+00 1.221778512001037598e+00 1.228857517242431641e+00
1.661067485809326172e+00 1.283446073532104492e+00 1.239103555679321289e+00
1.670286655426025391e+00 1.197073101997375488e+00 1.205175399780273438e+00
1.615385770797729492e+00 1.290264248847961426e+00 1.141952395439147949e+00
1.740774750709533691e+00 1.226089000701904297e+00 1.161551713943481445e+00
1.724409103393554688e+00 1.282020449638366699e+00 1.217155098915100098e+00
1.800167441368103027e+00 1.196810722351074219e+00 1.251303076744079590e+00
1.710698962211608887e+00 1.235287666320800781e+00 1.282170057296752930e+00
1.694708704948425293e+00 1.289306282997131348e+00 1.137010097503662109e+00
1.712121248245239258e+00 1.313705086708068848e+00 1.188391089439392090e+00
1.755377292633056641e+00 1.209044337272644043e+00 1.250851631164550781e+00
1.685552239418029785e+00 1.224792599678039551e+00 1.155264377593994141e+00
1.687175273895263672e+00 1.235072374343872070e+00 1.247847199440002441e+00
1.687929749488830566e+00 1.220291137695312500e+00 1.268172144889831543e+00
1.668945670127868652e+00 1.176532864570617676e+00 1.245138406753540039e+00
1.637522220611572266e+00 1.200108528137207031e+00 1.183400750160217285e+00
1.686740159988403320e+00 1.250949740409851074e+00 1.166283011436462402e+00
1.671750664710998535e+00 1.240226387977600098e+00 1.153203487396240234e+00
1.622048854827880859e+00 1.234674096107482910e+00 1.196243286132812500e+00
1.692993998527526855e+00 1.213344812393188477e+00 1.285321474075317383e+00
1.659537792205810547e+00 1.297857761383056641e+00 1.133589863777160645e+00
1.716753482818603516e+00 1.252718329429626465e+00 1.153484106063842773e+00
1.729767560958862305e+00 1.215008974075317383e+00 1.240046739578247070e+00
1.761925339698791504e+00 1.194723367691040039e+00 1.142593741416931152e+00
1.669643878936767578e+00 1.178620576858520508e+00 1.263297557830810547e+00
1.667981147766113281e+00 1.309906721115112305e+00 1.253375411033630371e+00
1.677073955535888672e+00 1.210659146308898926e+00 1.164544701576232910e+00
1.664448738098144531e+00 1.250421643257141113e+00 1.067722678184509277e+00
1.649837017059326172e+00 1.223327159881591797e+00 1.202314376831054688e+00
1.727896571159362793e+00 1.119629383087158203e+00 1.202456951141357422e+00
1.693781018257141113e+00 1.137342095375061035e+00 1.186426877975463867e+00
1.713777184486389160e+00 1.235149741172790527e+00 1.230273723602294922e+00
1.657851934432983398e+00 1.224394798278808594e+00 1.115960001945495605e+00
1.696556210517883301e+00 1.272891640663146973e+00 1.148890852928161621e+00
1.713704347610473633e+00 1.273760795593261719e+00 1.283769726753234863e+00
1.759770393371582031e+00 1.222005724906921387e+00 1.122325062751770020e+00
1.717737793922424316e+00 1.258819699287414551e+00 1.094663619995117188e+00
1.620418429374694824e+00 1.275400161743164062e+00 1.277644395828247070e+00
1.653077840805053711e+00 1.231737852096557617e+00 1.257015585899353027e+00
1.669672369956970215e+00 1.241599678993225098e+00 1.386468648910522461e+00
1.706223249435424805e+00 1.212592124938964844e+00 1.091332793235778809e+00
1.727022409439086914e+00 1.183023691177368164e+00 1.136662721633911133e+00
1.658697605133056641e+00 1.220038533210754395e+00 1.202495932579040527e+00
1.675953269004821777e+00 1.230904459953308105e+00 1.219897031784057617e+00
1.669380664825439453e+00 1.182845711708068848e+00 1.218365669250488281e+00
1.739480495452880859e+00 1.295539498329162598e+00 1.151186704635620117e+00
1.736023306846618652e+00 1.285782694816589355e+00 1.175637722015380859e+00
1.689444065093994141e+00 1.238234281539916992e+00 1.131120920181274414e+00
1.761068105697631836e+00 1.220480442047119141e+00 1.176151871681213379e+00
1.652208447456359863e+00 1.221866250038146973e+00 1.195542335510253906e+00
1.733713150024414062e+00 1.225549697875976562e+00 1.136722087860107422e+00
1.701112508773803711e+00 1.246298551559448242e+00 1.171411514282226562e+00
1.806364655494689941e+00 1.263428807258605957e+00 1.179160594940185547e+00
1.688043475151062012e+00 1.196502089500427246e+00 1.214957594871520996e+00
1.738893628120422363e+00 1.207674622535705566e+00 1.207593083381652832e+00
1.727431178092956543e+00 1.218990325927734375e+00 1.203146576881408691e+00
1.683861494064331055e+00 1.231355428695678711e+00 1.152844309806823730e+00
1.742994427680969238e+00 1.304274082183837891e+00 1.120362758636474609e+00
1.700461149215698242e+00 1.262769699096679688e+00 1.165529727935791016e+00
1.728674888610839844e+00 1.222436189651489258e+00 1.118224620819091797e+00
1.760323643684387207e+00 1.326168537139892578e+00 1.139118313789367676e+00
1.689533829689025879e+00 1.345985889434814453e+00 1.182540178298950195e+00
1.710302948951721191e+00 1.155338764190673828e+00 1.187119364738464355e+00
1.618737816810607910e+00 1.201108217239379883e+00 1.188830018043518066e+00
1.666046380996704102e+00 1.209537386894226074e+00 1.218844532966613770e+00
1.658270597457885742e+00 1.175421953201293945e+00 1.190402865409851074e+00
1.750215888023376465e+00 1.225340843200683594e+00 1.201624631881713867e+00
1.666029572486877441e+00 1.245676636695861816e+00 1.215317606925964355e+00
1.717228293418884277e+00 1.279889225959777832e+00 1.206526994705200195e+00
1.675708770751953125e+00 1.250326037406921387e+00 1.172444939613342285e+00
1.848024129867553711e+00 1.148050069808959961e+00 1.279287338256835938e+00
1.733961462974548340e+00 1.286028265953063965e+00 1.200906038284301758e+00
1.737330555915832520e+00 1.203152418136596680e+00 1.154316663742065430e+00
1.661143302917480469e+00 1.308031201362609863e+00 1.186089515686035156e+00
1.663494467735290527e+00 1.263576388359069824e+00 1.148201465606689453e+00
1.654825329780578613e+00 1.141137123107910156e+00 1.198835611343383789e+00
1.630974531173706055e+00 1.282476067543029785e+00 1.207577228546142578e+00
1.743995904922485352e+00 1.216996550559997559e+00 1.226551890373229980e+00
1.751063823699951172e+00 1.202606916427612305e+00 1.197794198989868164e+00
1.693230986595153809e+00 1.222979545593261719e+00 1.179087638854980469e+00
1.618327617645263672e+00 1.310343384742736816e+00 1.238735914230346680e+00
1.659219026565551758e+00 1.223543047904968262e+00 1.224585294723510742e+00
1.704166650772094727e+00 1.241141438484191895e+00 1.165253400802612305e+00
1.692460536956787109e+00 1.205909490585327148e+00 1.272164463996887207e+00
1.766868114471435547e+00 1.286551952362060547e+00 1.174728155136108398e+00
1.646523118019104004e+00 1.198649764060974121e+00 1.139519214630126953e+00
1.702509403228759766e+00 1.187670946121215820e+00 1.259275674819946289e+00
1.785983681678771973e+00 1.265530824661254883e+00 1.230358958244323730e+00
1.685633063316345215e+00 1.233071208000183105e+00 1.200076580047607422e+00
1.761153459548950195e+00 1.185524702072143555e+00 1.220384240150451660e+00
1.702292919158935547e+00 1.211730003356933594e+00 1.174200773239135742e+00
1.635324716567993164e+00 1.290231704711914062e+00 1.168469071388244629e+00
1.771992206573486328e+00 1.267717719078063965e+00 1.180073857307434082e+00
1.755065441131591797e+00 1.261813402175903320e+00 1.175275444984436035e+00
1.740666270256042480e+00 1.239324808120727539e+00 1.068546891212463379e+00
1.709859013557434082e+00 1.248351812362670898e+00 1.170391440391540527e+00
1.641124963760375977e+00 1.226262688636779785e+00 1.111322641372680664e+00
1.742701649665832520e+00 1.265215158462524414e+00 1.208612918853759766e+00
1.661211013793945312e+00 1.239270329475402832e+00 1.329263329505920410e+00
1.688518762588500977e+00 1.244309663772583008e+00 1.116709232330322266e+00
1.646325349807739258e+00 1.223426222801208496e+00 1.184854149818420410e+00
1.695559024810791016e+00 1.240507483482360840e+00 1.122009158134460449e+00
1.756280779838562012e+00 1.267193436622619629e+00 1.237388610839843750e+00
1.740887641906738281e+00 1.268753528594970703e+00 1.195173621177673340e+00
1.650773882865905762e+00 1.248681783676147461e+00 1.210190296173095703e+00
1.659205675125122070e+00 1.242791056632995605e+00 1.225993275642395020e+00
1.669114232063293457e+00 1.220329523086547852e+00 1.212029337882995605e+00
1.660533189773559570e+00 1.240803122520446777e+00 1.166176080703735352e+00
1.661695122718811035e+00 1.292581200599670410e+00 1.277864694595336914e+00
1.673428416252136230e+00 1.248692512512207031e+00 1.187242031097412109e+00
1.634125351905822754e+00 1.255135059356689453e+00 1.268614172935485840e+00
1.700123190879821777e+00 1.256937503814697266e+00 1.193103671073913574e+00
1.723113894462585449e+00 1.245445013046264648e+00 1.286780476570129395e+00
1.728610634803771973e+00 1.261085867881774902e+00 1.123397350311279297e+00
1.752843737602233887e+00 1.260175347328186035e+00 1.201680541038513184e+00
1.707959532737731934e+00 1.256979823112487793e+00 1.179239153861999512e+00
1.795469164848327637e+00 1.288103580474853516e+00 1.128676652908325195e+00
1.739200592041015625e+00 1.235267162322998047e+00 1.230338931083679199e+00
1.648688554763793945e+00 1.250215649604797363e+00 1.334222197532653809e+00
1.731820464134216309e+00 1.318212032318115234e+00 1.107929587364196777e+00
1.744918942451477051e+00 1.208088994026184082e+00 1.188753366470336914e+00
1.689460158348083496e+00 1.236981749534606934e+00 1.079415321350097656e+00
1.750962257385253906e+00 1.188630700111389160e+00 1.179698586463928223e+00
1.713709950447082520e+00 1.241414189338684082e+00 1.149384140968322754e+00
1.723522782325744629e+00 1.262097358703613281e+00 1.223698973655700684e+00
1.697402834892272949e+00 1.302702665328979492e+00 1.272576093673706055e+00
1.720633864402770996e+00 1.219239354133605957e+00 1.105497598648071289e+00
1.689451336860656738e+00 1.310166239738464355e+00 1.240497827529907227e+00
1.826700806617736816e+00 1.141220927238464355e+00 1.150248169898986816e+00
1.713686585426330566e+00 1.246024489402770996e+00 1.261021256446838379e+00
1.708272099494934082e+00 1.253549337387084961e+00 1.188048601150512695e+00
1.673704981803894043e+00 1.251008510589599609e+00 1.103790640830993652e+00
1.797840833663940430e+00 1.244856595993041992e+00 1.232374191284179688e+00
1.562120199203491211e+00 1.212102651596069336e+00 1.175995230674743652e+00
1.759549021720886230e+00 1.229673862457275391e+00 1.223806023597717285e+00
1.725205659866333008e+00 1.315280079841613770e+00 1.234341382980346680e+00
1.706532478332519531e+00 1.208601713180541992e+00 1.152998447418212891e+00
1.647305965423583984e+00 1.212769150733947754e+00 1.106265664100646973e+00
1.696101427078247070e+00 1.266070246696472168e+00 1.165720820426940918e+00
1.724731922149658203e+00 1.175570249557495117e+00 1.185910344123840332e+00
1.745159029960632324e+00 1.261807084083557129e+00 1.156716704368591309e+00
1.714397907257080078e+00 1.252939939498901367e+00 1.218289494514465332e+00
1.798424243927001953e+00 1.224732995033264160e+00 1.132169961929321289e+00
1.733603954315185547e+00 1.255357861518859863e+00 1.181177258491516113e+00
1.705850481986999512e+00 1.229136943817138672e+00 1.180177450180053711e+00
1.735467672348022461e+00 1.204585313796997070e+00 1.127076983451843262e+00
1.743402004241943359e+00 1.235757589340209961e+00 1.187545418739318848e+00
1.657627820968627930e+00 1.269437789916992188e+00 1.213783383369445801e+00
1.779210329055786133e+00 1.318609952926635742e+00 1.194766044616699219e+00
1.686731338500976562e+00 1.230767011642456055e+00 1.196789503097534180e+00
1.769086837768554688e+00 1.271124124526977539e+00 1.164659857749938965e+00
1.567091345787048340e+00 1.189631938934326172e+00 1.157202363014221191e+00
1.682448267936706543e+00 1.220699429512023926e+00 1.244467616081237793e+00
1.694069623947143555e+00 1.336460590362548828e+00 1.104142546653747559e+00
1.671527743339538574e+00 1.262716054916381836e+00 1.214311003684997559e+00
1.652020692825317383e+00 1.275982022285461426e+00 1.181424140930175781e+00
1.741211175918579102e+00 1.300474166870117188e+00 1.245664834976196289e+00
1.643391370773315430e+00 1.238759756088256836e+00 1.216008186340332031e+00
1.741449713706970215e+00 1.299279212951660156e+00 1.223728179931640625e+00
1.632654070854187012e+00 1.162644147872924805e+00 1.293783068656921387e+00
1.648074269294738770e+00 1.203874468803405762e+00 1.118676304817199707e+00
1.789578557014465332e+00 1.161046743392944336e+00 1.138218879699707031e+00
1.798555850982666016e+00 1.223104476928710938e+00 1.101008176803588867e+00
1.654417753219604492e+00 1.173959374427795410e+00 1.199714779853820801e+00
1.695181369781494141e+00 1.266913771629333496e+00 1.156735420227050781e+00
1.741719841957092285e+00 1.234947919845581055e+00 1.227890372276306152e+00
1.686269283294677734e+00 1.296465992927551270e+00 1.195712566375732422e+00
1.706980109214782715e+00 1.275348663330078125e+00 1.143851876258850098e+00
1.658257603645324707e+00 1.223094463348388672e+00 1.152733087539672852e+00
1.794531106948852539e+00 1.196028470993041992e+00 1.206253290176391602e+00
1.735808491706848145e+00 1.292181849479675293e+00 1.137615442276000977e+00
1.681063890457153320e+00 1.249038457870483398e+00 1.147487401962280273e+00
1.785765767097473145e+00 1.158890128135681152e+00 1.148983120918273926e+00
1.644254803657531738e+00 1.215148687362670898e+00 1.162125468254089355e+00
1.662476778030395508e+00 1.261693954467773438e+00 1.280727624893188477e+00
1.654105186462402344e+00 1.252372860908508301e+00 1.162119865417480469e+00
1.676768541336059570e+00 1.242242217063903809e+00 1.164801597595214844e+00
1.676608800888061523e+00 1.302730798721313477e+00 1.161326169967651367e+00
1.698098182678222656e+00 1.211673855781555176e+00 1.179894208908081055e+00
1.665974378585815430e+00 1.219605445861816406e+00 1.172110319137573242e+00
1.729489445686340332e+00 1.205439329147338867e+00 1.168546795845031738e+00
1.662735581398010254e+00 1.237276196479797363e+00 1.250491023063659668e+00
1.721608757972717285e+00 1.180271863937377930e+00 1.161268591880798340e+00
1.637698411941528320e+00 1.227683424949645996e+00 1.231573820114135742e+00
1.698703289031982422e+00 1.284071087837219238e+00 1.247183561325073242e+00
1.715893745422363281e+00 1.229148387908935547e+00 1.204801678657531738e+00
1.739104628562927246e+00 1.276222586631774902e+00 1.151676058769226074e+00
1.718210220336914062e+00 1.330063343048095703e+00 1.147357106208801270e+00
1.813690900802612305e+00 1.211410403251647949e+00 1.229728221893310547e+00
1.759859919548034668e+00 1.232208132743835449e+00 1.163644909858703613e+00
1.722103476524353027e+00 1.166812658309936523e+00 1.255568027496337891e+00
1.684866666793823242e+00 1.218601107597351074e+00 1.197616696357727051e+00
1.663603425025939941e+00 1.233867883682250977e+00 1.100733757019042969e+00
1.736152887344360352e+00 1.198547601699829102e+00 1.200692534446716309e+00
1.690731287002563477e+00 1.221822023391723633e+00 1.191915631294250488e+00
1.721546173095703125e+00 1.221373796463012695e+00 1.199762225151062012e+00
1.722464084625244141e+00 1.234256863594055176e+00 1.132334232330322266e+00
1.696231126785278320e+00 1.256420731544494629e+00 1.170931220054626465e+00
1.614070653915405273e+00 1.298550963401794434e+00 1.161283969879150391e+00
1.701499223709106445e+00 1.260680317878723145e+00 1.239920854568481445e+00
1.674360156059265137e+00 1.263954281806945801e+00 1.118477225303649902e+00
1.712394714355468750e+00 1.265781164169311523e+00 1.096525311470031738e+00
1.728088736534118652e+00 1.285023450851440430e+00 1.225143194198608398e+00
1.739529967308044434e+00 1.264664530754089355e+00 1.189478874206542969e+00
1.776739478111267090e+00 1.160748481750488281e+00 1.154973149299621582e+00
1.737924814224243164e+00 1.315598964691162109e+00 1.191845536231994629e+00
1.663396835327148438e+00 1.219691395759582520e+00 1.217016458511352539e+00
1.750089406967163086e+00 1.276274561882019043e+00 1.186675071716308594e+00
1.658886075019836426e+00 1.258488535881042480e+00 1.029992938041687012e+00
1.658479452133178711e+00 1.234171390533447266e+00 1.180545091629028320e+00
1.707937240600585938e+00 1.261794805526733398e+00 1.170117616653442383e+00
1.672662377357482910e+00 1.231439232826232910e+00 1.194658637046813965e+00
1.689706325531005859e+00 1.313783764839172363e+00 1.279599070549011230e+00
1.806626796722412109e+00 1.190525412559509277e+00 1.169075846672058105e+00
1.621896624565124512e+00 1.198535323143005371e+00 1.212279677391052246e+00
1.776828289031982422e+00 1.256920337677001953e+00 1.137464761734008789e+00
1.624150156974792480e+00 1.258032441139221191e+00 1.202002525329589844e+00
1.676879763603210449e+00 1.245005488395690918e+00 1.206093549728393555e+00
1.702580094337463379e+00 1.280542612075805664e+00 1.159411311149597168e+00
1.618351459503173828e+00 1.215987801551818848e+00 1.189476609230041504e+00
1.815802335739135742e+00 1.195258736610412598e+00 1.163572788238525391e+00
1.764116048812866211e+00 1.202429533004760742e+00 1.209455251693725586e+00
1.711719512939453125e+00 1.224194049835205078e+00 1.213215947151184082e+00
1.690459489822387695e+00 1.233272194862365723e+00 1.225892424583435059e+00
1.724386215209960938e+00 1.203683495521545410e+00 1.247043728828430176e+00
1.698895692825317383e+00 1.176651358604431152e+00 1.216932654380798340e+00
1.666685461997985840e+00 1.229976058006286621e+00 1.250331640243530273e+00
1.683948040008544922e+00 1.298017978668212891e+00 1.163007855415344238e+00
1.637648344039916992e+00 1.280799865722656250e+00 1.177117705345153809e+00
1.751196265220642090e+00 1.280240654945373535e+00 1.187422871589660645e+00
1.781995177268981934e+00 1.242257356643676758e+00 1.171657800674438477e+00
1.650529742240905762e+00 1.259113669395446777e+00 1.233719825744628906e+00
1.668291568756103516e+00 1.253206133842468262e+00 1.104560852050781250e+00
1.771167874336242676e+00 1.240829944610595703e+00 1.180271506309509277e+00
1.724078536033630371e+00 1.249257087707519531e+00 1.250082731246948242e+00
1.644770383834838867e+00 1.254472255706787109e+00 1.194833517074584961e+00
1.731000900268554688e+00 1.240382075309753418e+00 1.139541864395141602e+00
1.681038737297058105e+00 1.276449441909790039e+00 1.245710849761962891e+00
1.665005445480346680e+00 1.280393362045288086e+00 1.176886558532714844e+00
1.742610335350036621e+00 1.303382158279418945e+00 1.195331454277038574e+00
1.755600094795227051e+00 1.235592365264892578e+00 1.159106135368347168e+00
1.755195379257202148e+00 1.247912526130676270e+00 1.216533541679382324e+00
1.677351236343383789e+00 1.328975558280944824e+00 1.230703949928283691e+00
1.698533535003662109e+00 1.173070311546325684e+00 1.229889035224914551e+00
1.689213037490844727e+00 1.286111474037170410e+00 1.287381172180175781e+00
1.678647637367248535e+00 1.201920866966247559e+00 1.336335182189941406e+00
1.798933982849121094e+00 1.240443587303161621e+00 1.126353740692138672e+00
1.595561385154724121e+00 1.241285920143127441e+00 1.099127888679504395e+00
1.725933670997619629e+00 1.278941988945007324e+00 1.191666126251220703e+00
1.763906836509704590e+00 1.294227123260498047e+00 1.164788603782653809e+00
1.663817167282104492e+00 1.180627822875976562e+00 1.214790582656860352e+00
1.703008174896240234e+00 1.232555866241455078e+00 1.190283417701721191e+00
1.655816674232482910e+00 1.250055432319641113e+00 1.156318426132202148e+00
1.704354763031005859e+00 1.237170696258544922e+00 1.183245658874511719e+00
1.686535835266113281e+00 1.302255868911743164e+00 1.247964859008789062e+00
1.760355114936828613e+00 1.279371857643127441e+00 1.179497480392456055e+00
1.673174381256103516e+00 1.268904685974121094e+00 1.110060811042785645e+00
1.746217608451843262e+00 1.283631920814514160e+00 1.208066225051879883e+00
1.694257736206054688e+00 1.288436174392700195e+00 1.255394935607910156e+00
1.663425326347351074e+00 1.163860917091369629e+00 1.180639266967773438e+00
1.679657936096191406e+00 1.248935222625732422e+00 1.246088624000549316e+00
1.712286591529846191e+00 1.221161365509033203e+00 1.244021415710449219e+00
1.676779866218566895e+00 1.328020930290222168e+00 1.233466982841491699e+00
1.758657217025756836e+00 1.266607165336608887e+00 1.226932406425476074e+00
1.661861419677734375e+00 1.271404623985290527e+00 1.194245696067810059e+00
1.651619076728820801e+00 1.309101819992065430e+00 1.147030472755432129e+00
1.733124017715454102e+00 1.233468532562255859e+00 1.286188960075378418e+00
1.739019513130187988e+00 1.233535766601562500e+00 1.118715047836303711e+00
1.660697817802429199e+00 1.215025424957275391e+00 1.158018827438354492e+00
1.682074904441833496e+00 1.244097352027893066e+00 1.229060530662536621e+00
1.685895442962646484e+00 1.188127756118774414e+00 1.243461966514587402e+00
1.766601443290710449e+00 1.283267855644226074e+00 1.100317358970642090e+00
1.696202874183654785e+00 1.235305905342102051e+00 1.227107048034667969e+00
1.630782485008239746e+00 1.273090481758117676e+00 1.254718184471130371e+00
1.687891840934753418e+00 1.244532585144042969e+00 1.213434815406799316e+00
1.827726006507873535e+00 1.261868119239807129e+00 1.200497508049011230e+00
1.680170416831970215e+00 1.210836648941040039e+00 1.175455570220947266e+00
1.760377764701843262e+00 1.235309243202209473e+00 1.154395222663879395e+00
1.634641766548156738e+00 1.227556705474853516e+00 1.159960150718688965e+00
1.678350925445556641e+00 1.234139084815979004e+00 1.184887290000915527e+00
1.687792897224426270e+00 1.305672526359558105e+00 1.194450378417968750e+00
1.615828990936279297e+00 1.302485466003417969e+00 1.190373659133911133e+00
1.638290524482727051e+00 1.261815667152404785e+00 1.207448840141296387e+00
1.619642496109008789e+00 1.247339725494384766e+00 1.158573627471923828e+00
1.706129550933837891e+00 1.271986126899719238e+00 1.129067420959472656e+00
1.621326923370361328e+00 1.270721554756164551e+00 1.190542936325073242e+00
1.727755427360534668e+00 1.268487095832824707e+00 1.179139137268066406e+00
1.766772270202636719e+00 1.342749834060668945e+00 1.135458707809448242e+00
1.746137738227844238e+00 1.200954794883728027e+00 1.123549818992614746e+00
1.676008701324462891e+00 1.266390085220336914e+00 1.224974870681762695e+00
1.679164052009582520e+00 1.275860071182250977e+00 1.147186040878295898e+00
1.639728307723999023e+00 1.257638335227966309e+00 1.252911210060119629e+00
1.751862883567810059e+00 1.286098718643188477e+00 1.194981217384338379e+00
1.565255880355834961e+00 1.266003608703613281e+00 1.127522706985473633e+00
1.767685770988464355e+00 1.276096463203430176e+00 1.197130203247070312e+00
1.741838097572326660e+00 1.305819392204284668e+00 1.157046198844909668e+00
1.789337277412414551e+00 1.362698197364807129e+00 1.200474619865417480e+00
1.674081206321716309e+00 1.240188002586364746e+00 1.243265271186828613e+00
1.640329003334045410e+00 1.239298105239868164e+00 1.229355573654174805e+00
1.654829740524291992e+00 1.320771336555480957e+00 1.142198681831359863e+00
1.658356666564941406e+00 1.229738354682922363e+00 1.170798897743225098e+00
1.706314086914062500e+00 1.236943125724792480e+00 1.207602739334106445e+00
1.715329289436340332e+00 1.314796805381774902e+00 1.285370230674743652e+00
1.718433380126953125e+00 1.332260251045227051e+00 1.199101924896240234e+00
1.638888239860534668e+00 1.259741783142089844e+00 1.144247651100158691e+00
1.704607844352722168e+00 1.209776759147644043e+00 1.108549475669860840e+00
1.663964748382568359e+00 1.268928289413452148e+00 1.185605406761169434e+00
1.728246450424194336e+00 1.184179544448852539e+00 1.191035270690917969e+00
1.752812623977661133e+00 1.327635765075683594e+00 1.217377305030822754e+00
1.674303054809570312e+00 1.277349233627319336e+00 1.194437026977539062e+00
1.652045488357543945e+00 1.204164028167724609e+00 1.202092409133911133e+00
1.761406660079956055e+00 1.258988142013549805e+00 1.192589044570922852e+00
1.729697346687316895e+00 1.243696451187133789e+00 1.096382141113281250e+00
1.726679801940917969e+00 1.201651096343994141e+00 1.152583003044128418e+00
1.691379785537719727e+00 1.267825841903686523e+00 1.116965174674987793e+00
1.701568007469177246e+00 1.244402050971984863e+00 1.216472268104553223e+00
1.654315233230590820e+00 1.266045928001403809e+00 1.187215089797973633e+00
1.766197800636291504e+00 1.246180534362792969e+00 1.223034501075744629e+00
1.730272412300109863e+00 1.224187135696411133e+00 1.182627677917480469e+00
1.666979551315307617e+00 1.232254624366760254e+00 1.220545887947082520e+00
1.752628684043884277e+00 1.286047220230102539e+00 1.268729567527770996e+00
1.618364572525024414e+00 1.319477796554565430e+00 1.198206543922424316e+00
1.695634841918945312e+00 1.185037136077880859e+00 1.217041373252868652e+00
1.725203633308410645e+00 1.234434127807617188e+00 1.189161419868469238e+00
1.739816665649414062e+00 1.191530466079711914e+00 1.171426296234130859e+00
1.773422837257385254e+00 1.250526428222656250e+00 1.281154036521911621e+00
1.738777995109558105e+00 1.249752402305603027e+00 1.209790587425231934e+00
1.714020133018493652e+00 1.324696898460388184e+00 1.212208867073059082e+00
1.648018956184387207e+00 1.192341566085815430e+00 1.154947042465209961e+00
1.702784538269042969e+00 1.181295156478881836e+00 1.144473433494567871e+00
1.676171422004699707e+00 1.175849080085754395e+00 1.183686852455139160e+00
1.731748819351196289e+00 1.178491592407226562e+00 1.210425376892089844e+00
1.771567344665527344e+00 1.268079400062561035e+00 1.220667839050292969e+00
1.703823447227478027e+00 1.255740761756896973e+00 1.157605409622192383e+00
1.695438861846923828e+00 1.202886939048767090e+00 1.128891110420227051e+00
1.752757549285888672e+00 1.228043794631958008e+00 1.167748570442199707e+00
1.686554670333862305e+00 1.166278839111328125e+00 1.251205205917358398e+00
1.680404901504516602e+00 1.248498558998107910e+00 1.066289663314819336e+00
1.655870795249938965e+00 1.231720566749572754e+00 1.157148838043212891e+00
1.681017041206359863e+00 1.186762094497680664e+00 1.190505027770996094e+00
1.676428198814392090e+00 1.298156261444091797e+00 1.074152588844299316e+00
1.604717969894409180e+00 1.221782088279724121e+00 1.196777343750000000e+00
1.659157514572143555e+00 1.272207975387573242e+00 1.208867192268371582e+00
1.689939737319946289e+00 1.243870735168457031e+00 1.184708237648010254e+00
1.706677675247192383e+00 1.262783169746398926e+00 1.170168280601501465e+00
1.768650054931640625e+00 1.243385434150695801e+00 1.216428875923156738e+00
1.666549682617187500e+00 1.194963455200195312e+00 1.161648154258728027e+00
1.754797577857971191e+00 1.261349320411682129e+00 1.090178489685058594e+00
1.700358033180236816e+00 1.312145590782165527e+00 1.077078819274902344e+00
1.688091754913330078e+00 1.218516707420349121e+00 1.183266162872314453e+00
1.687607407569885254e+00 1.218742609024047852e+00 1.217819452285766602e+00
1.748196721076965332e+00 1.260464668273925781e+00 1.206356763839721680e+00
1.703578233718872070e+00 1.208093285560607910e+00 1.109186291694641113e+00
1.681927204132080078e+00 1.182819843292236328e+00 1.148856163024902344e+00
1.685405135154724121e+00 1.234488964080810547e+00 1.262557983398437500e+00
1.706626415252685547e+00 1.317038655281066895e+00 1.225204825401306152e+00
1.692134618759155273e+00 1.210640549659729004e+00 1.212285280227661133e+00
1.680685758590698242e+00 1.218434453010559082e+00 1.207049369812011719e+00
1.714159011840820312e+00 1.268965601921081543e+00 1.138305425643920898e+00
1.698148369789123535e+00 1.216343760490417480e+00 1.191392540931701660e+00
1.728116989135742188e+00 1.205146789550781250e+00 1.203297257423400879e+00
1.706164240837097168e+00 1.234489321708679199e+00 1.211051702499389648e+00
1.687229156494140625e+00 1.268489003181457520e+00 1.180344820022583008e+00
1.642162322998046875e+00 1.201408863067626953e+00 1.200933337211608887e+00
1.606541752815246582e+00 1.264909505844116211e+00 1.209919452667236328e+00
1.766041398048400879e+00 1.287642955780029297e+00 1.206170201301574707e+00
1.726323485374450684e+00 1.234294533729553223e+00 1.181088924407958984e+00
1.690497756004333496e+00 1.287389397621154785e+00 1.194729208946228027e+00
1.617256999015808105e+00 1.236381530761718750e+00 1.144245743751525879e+00
1.619926214218139648e+00 1.218216300010681152e+00 1.156845808029174805e+00
1.697468280792236328e+00 1.352199077606201172e+00 1.125169515609741211e+00
1.804521322250366211e+00 1.259929776191711426e+00 1.107656598091125488e+00
1.765793085098266602e+00 1.201676011085510254e+00 1.261895060539245605e+00
1.700005769729614258e+00 1.252838969230651855e+00 1.212354421615600586e+00
1.619415760040283203e+00 1.245593309402465820e+00 1.207759857177734375e+00
1.719484448432922363e+00 1.326343297958374023e+00 1.321645259857177734e+00
1.770849227905273438e+00 1.193724989891052246e+00 1.096276402473449707e+00
1.739628076553344727e+00 1.236724138259887695e+00 1.182678937911987305e+00
1.677234888076782227e+00 1.217577934265136719e+00 1.169506907463073730e+00
1.717676639556884766e+00 1.289917588233947754e+00 1.230047106742858887e+00
1.701075077056884766e+00 1.279224038124084473e+00 1.221562623977661133e+00
1.697923660278320312e+00 1.346643567085266113e+00 1.206542968750000000e+00
1.768663883209228516e+00 1.173092126846313477e+00 1.300720810890197754e+00
1.719986200332641602e+00 1.195655941963195801e+00 1.220228791236877441e+00
1.773033857345581055e+00 1.303699970245361328e+00 1.229594349861145020e+00
1.691563844680786133e+00 1.280544400215148926e+00 1.214958190917968750e+00
1.726658463478088379e+00 1.291384577751159668e+00 1.178847551345825195e+00
1.644866466522216797e+00 1.175908684730529785e+00 1.141821503639221191e+00
1.600630521774291992e+00 1.108617305755615234e+00 1.207337141036987305e+00
1.672993659973144531e+00 1.338779568672180176e+00 1.260632276535034180e+00
1.713567256927490234e+00 1.176014542579650879e+00 1.224122643470764160e+00
1.682681441307067871e+00 1.304783105850219727e+00 1.171307802200317383e+00
1.728733897209167480e+00 1.255573034286499023e+00 1.164232373237609863e+00
1.642774820327758789e+00 1.244045615196228027e+00 1.240080237388610840e+00
1.873975634574890137e+00 1.237881064414978027e+00 1.213765025138854980e+00
1.636896967887878418e+00 1.283017754554748535e+00 1.152850270271301270e+00
1.687952637672424316e+00 1.206688284873962402e+00 1.263449072837829590e+00
1.796198010444641113e+00 1.306789517402648926e+00 1.246809959411621094e+00
1.773912787437438965e+00 1.246002435684204102e+00 1.228650212287902832e+00
1.698954463005065918e+00 1.248469591140747070e+00 1.303623080253601074e+00
1.754329085350036621e+00 1.180747389793395996e+00 1.208810210227966309e+00
1.776203513145446777e+00 1.216354370117187500e+00 1.148413658142089844e+00
1.734938621520996094e+00 1.316206216812133789e+00 1.179369449615478516e+00
1.656617283821105957e+00 1.308296203613281250e+00 1.151582241058349609e+00
1.743256330490112305e+00 1.262627840042114258e+00 1.197969079017639160e+00
1.701124548912048340e+00 1.233414530754089355e+00 1.152206659317016602e+00
1.797789454460144043e+00 1.294610619544982910e+00 1.249295473098754883e+00
1.724421858787536621e+00 1.194103002548217773e+00 1.218035101890563965e+00
1.685091257095336914e+00 1.306012392044067383e+00 1.214856505393981934e+00
1.688883781433105469e+00 1.268688678741455078e+00 1.267031788825988770e+00
1.778570771217346191e+00 1.320177316665649414e+00 1.187366604804992676e+00
1.698468327522277832e+00 1.234381675720214844e+00 1.125622987747192383e+00
1.704023838043212891e+00 1.282405495643615723e+00 1.234255790710449219e+00
1.643822073936462402e+00 1.306666731834411621e+00 1.178073883056640625e+00
1.666449427604675293e+00 1.240617513656616211e+00 1.194771170616149902e+00
1.715826630592346191e+00 1.281829833984375000e+00 1.176771163940429688e+00
1.722068309783935547e+00 1.290619373321533203e+00 1.162619233131408691e+00
1.812713265419006348e+00 1.223318457603454590e+00 1.174485445022583008e+00
1.722916960716247559e+00 1.186693310737609863e+00 1.264111399650573730e+00
1.696057200431823730e+00 1.318871259689331055e+00 1.247395873069763184e+00
1.673044800758361816e+00 1.213910460472106934e+00 1.105691313743591309e+00
1.656161785125732422e+00 1.247026205062866211e+00 1.097241520881652832e+00
1.752856373786926270e+00 1.232270002365112305e+00 1.082963347434997559e+00
1.684294700622558594e+00 1.225805521011352539e+00 1.185283660888671875e+00
1.700510859489440918e+00 1.187888264656066895e+00 1.177698254585266113e+00
1.690011143684387207e+00 1.336532831192016602e+00 1.159641861915588379e+00
1.711592316627502441e+00 1.279297828674316406e+00 1.153738379478454590e+00
1.722191452980041504e+00 1.253948450088500977e+00 1.250741004943847656e+00
1.677539467811584473e+00 1.296032905578613281e+00 1.149379968643188477e+00
1.685961723327636719e+00 1.157735586166381836e+00 1.203214406967163086e+00
1.676599740982055664e+00 1.230647921562194824e+00 1.214826583862304688e+00
1.767228484153747559e+00 1.284305453300476074e+00 1.207733988761901855e+00
1.727301001548767090e+00 1.261407613754272461e+00 1.175188422203063965e+00
1.615799784660339355e+00 1.221295833587646484e+00 1.144409775733947754e+00
1.600378274917602539e+00 1.284760355949401855e+00 1.221785783767700195e+00
1.743242383003234863e+00 1.304654240608215332e+00 1.140605688095092773e+00
1.731891870498657227e+00 1.249713659286499023e+00 1.061694145202636719e+00
1.707446336746215820e+00 1.317322492599487305e+00 1.212102651596069336e+00
1.653655409812927246e+00 1.192886233329772949e+00 1.112458705902099609e+00
1.746134519577026367e+00 1.255279898643493652e+00 1.129398822784423828e+00
1.646224737167358398e+00 1.245769262313842773e+00 1.243133544921875000e+00
1.658212304115295410e+00 1.279420733451843262e+00 1.144025683403015137e+00
1.721702814102172852e+00 1.275055646896362305e+00 1.197677612304687500e+00
1.722163915634155273e+00 1.292000889778137207e+00 1.186134219169616699e+00
1.744034528732299805e+00 1.238538146018981934e+00 1.233662486076354980e+00
1.719200611114501953e+00 1.255890846252441406e+00 1.200208544731140137e+00
1.710289239883422852e+00 1.242967128753662109e+00 1.166818380355834961e+00
1.757914423942565918e+00 1.279260754585266113e+00 1.271654605865478516e+00
1.713816761970520020e+00 1.250116109848022461e+00 1.170513033866882324e+00
1.680151700973510742e+00 1.233710646629333496e+00 1.195716977119445801e+00
1.587754368782043457e+00 1.238847494125366211e+00 1.218011617660522461e+00
1.671448588371276855e+00 1.197152853012084961e+00 1.179005146026611328e+00
1.749900579452514648e+00 1.271733045578002930e+00 1.175793051719665527e+00
1.649157047271728516e+00 1.248048067092895508e+00 1.136703491210937500e+00
1.710116744041442871e+00 1.263220071792602539e+00 1.258375763893127441e+00
1.732038140296936035e+00 1.256184697151184082e+00 1.170888543128967285e+00
1.654551744461059570e+00 1.210480213165283203e+00 1.193368315696716309e+00
1.741403102874755859e+00 1.243314981460571289e+00 1.205936193466186523e+00
1.643393635749816895e+00 1.233865141868591309e+00 1.181466817855834961e+00
1.645929455757141113e+00 1.274328589439392090e+00 1.249573111534118652e+00
1.626072168350219727e+00 1.245019435882568359e+00 1.135619163513183594e+00
1.654794454574584961e+00 1.283225655555725098e+00 1.193697690963745117e+00
1.673977017402648926e+00 1.286135673522949219e+00 1.159160852432250977e+00
1.738016486167907715e+00 1.266411542892456055e+00 1.221211314201354980e+00
1.743921041488647461e+00 1.278894186019897461e+00 1.158606171607971191e+00
1.700695514678955078e+00 1.197873115539550781e+00 1.243780016899108887e+00
1.649134039878845215e+00 1.313539505004882812e+00 1.181620359420776367e+00
1.691453576087951660e+00 1.269934892654418945e+00 1.150064826011657715e+00
1.682925939559936523e+00 1.281114459037780762e+00 1.157724499702453613e+00
1.732459545135498047e+00 1.210405707359313965e+00 1.151489734649658203e+00
1.735634446144104004e+00 1.208572030067443848e+00 1.095821619033813477e+00
1.728555679321289062e+00 1.337076187133789062e+00 1.186796426773071289e+00
1.745180487632751465e+00 1.240117430686950684e+00 1.220099210739135742e+00
1.714095115661621094e+00 1.235422015190124512e+00 1.212286472320556641e+00
1.724989056587219238e+00 1.244127273559570312e+00 1.127819180488586426e+00
1.696583271026611328e+00 1.228635311126708984e+00 1.175590157508850098e+00
1.681437134742736816e+00 1.226970195770263672e+00 1.202980279922485352e+00
1.639049291610717773e+00 1.204465389251708984e+00 1.297257423400878906e+00
1.737087845802307129e+00 1.216406464576721191e+00 1.178501009941101074e+00
1.727580547332763672e+00 1.233237504959106445e+00 1.259395360946655273e+00
1.758776664733886719e+00 1.233446240425109863e+00 1.196772694587707520e+00
1.633038878440856934e+00 1.209220647811889648e+00 1.108061790466308594e+00
1.648805379867553711e+00 1.207481741905212402e+00 1.197744607925415039e+00
1.618139863014221191e+00 1.214712142944335938e+00 1.126268267631530762e+00
1.720094561576843262e+00 1.272440195083618164e+00 1.173848152160644531e+00
1.697989106178283691e+00 1.243852019309997559e+00 1.223114371299743652e+00
1.707487583160400391e+00 1.273829102516174316e+00 1.202846288681030273e+00
1.669141888618469238e+00 1.243325829505920410e+00 1.226565837860107422e+00
1.664168477058410645e+00 1.219927430152893066e+00 1.214480757713317871e+00
1.694208741188049316e+00 1.248171210289001465e+00 1.152842998504638672e+00
1.670623302459716797e+00 1.192033410072326660e+00 1.251999735832214355e+00
1.754041790962219238e+00 1.332672357559204102e+00 1.206528306007385254e+00
1.709109663963317871e+00 1.308209896087646484e+00 1.154497861862182617e+00
1.642405867576599121e+00 1.185584783554077148e+00 1.209925293922424316e+00
1.632049322128295898e+00 1.271045804023742676e+00 1.206079602241516113e+00
1.786741733551025391e+00 1.274803519248962402e+00 1.087169766426086426e+00
1.678036808967590332e+00 1.287774562835693359e+00 1.246827244758605957e+00
1.637222290039062500e+00 1.256606698036193848e+00 1.223452091217041016e+00
1.642932057380676270e+00 1.233458161354064941e+00 1.230721712112426758e+00
1.660984516143798828e+00 1.331025600433349609e+00 1.187675714492797852e+00
1.708929061889648438e+00 1.269821166992187500e+00 1.151485443115234375e+00
1.742170453071594238e+00 1.268541216850280762e+00 1.286024093627929688e+00
1.677216768264770508e+00 1.227746367454528809e+00 1.187185525894165039e+00
1.734320402145385742e+00 1.205028653144836426e+00 1.176592350006103516e+00
1.669299960136413574e+00 1.236904859542846680e+00 1.204884767532348633e+00
1.773743271827697754e+00 1.276131868362426758e+00 1.221028447151184082e+00
1.706063985824584961e+00 1.228001952171325684e+00 1.285178780555725098e+00
1.673497676849365234e+00 1.297673344612121582e+00 1.135226249694824219e+00
1.737845897674560547e+00 1.217913746833801270e+00 1.265995860099792480e+00
1.598199963569641113e+00 1.253460168838500977e+00 1.241248607635498047e+00
1.729773640632629395e+00 1.344948053359985352e+00 1.232730984687805176e+00
1.762526631355285645e+00 1.279801607131958008e+00 1.163873791694641113e+00
1.726826190948486328e+00 1.252560973167419434e+00 1.168576478958129883e+00
1.768561005592346191e+00 1.297792077064514160e+00 1.258449077606201172e+00
1.691033482551574707e+00 1.270973801612854004e+00 1.194518327713012695e+00
1.733945608139038086e+00 1.189071655273437500e+00 1.206557035446166992e+00
1.693376302719116211e+00 1.277776479721069336e+00 1.242683410644531250e+00
1.724025368690490723e+00 1.200467705726623535e+00 1.212184309959411621e+00
1.658350348472595215e+00 1.211267828941345215e+00 1.185504317283630371e+00
1.818144321441650391e+00 1.285522460937500000e+00 1.188729882240295410e+00
1.663038253784179688e+00 1.217771410942077637e+00 1.164975643157958984e+00
1.636905789375305176e+00 1.200299501419067383e+00 1.216041564941406250e+00
1.725368499755859375e+00 1.248831987380981445e+00 1.139001965522766113e+00
1.675542116165161133e+00 1.261689662933349609e+00 1.182728528976440430e+00
1.636917829513549805e+00 1.285190224647521973e+00 1.186032652854919434e+00
1.764655709266662598e+00 1.276601314544677734e+00 1.183430671691894531e+00
1.733963608741760254e+00 1.227557182312011719e+00 1.163504958152770996e+00
1.676199197769165039e+00 1.227979302406311035e+00 1.200422048568725586e+00
1.810615062713623047e+00 1.175015091896057129e+00 1.245333552360534668e+00
1.695161700248718262e+00 1.296886086463928223e+00 1.221931099891662598e+00
1.656176686286926270e+00 1.269122123718261719e+00 1.216918349266052246e+00
1.769765377044677734e+00 1.176490545272827148e+00 1.263951778411865234e+00
1.621172070503234863e+00 1.202119231224060059e+00 1.235630154609680176e+00
1.760932683944702148e+00 1.219844937324523926e+00 1.165341734886169434e+00
1.729138016700744629e+00 1.247328758239746094e+00 1.157783389091491699e+00
1.606648445129394531e+00 1.188107371330261230e+00 1.104142189025878906e+00
1.742137312889099121e+00 1.208039164543151855e+00 1.228271842002868652e+00
1.580015420913696289e+00 1.225672721862792969e+00 1.190465569496154785e+00
1.689200043678283691e+00 1.292153358459472656e+00 1.183496952056884766e+00
1.634120941162109375e+00 1.234819293022155762e+00 1.154926061630249023e+00
1.727852463722229004e+00 1.325556635856628418e+00 1.178636074066162109e+00
1.712553262710571289e+00 1.260847568511962891e+00 1.113592267036437988e+00
1.743464469909667969e+00 1.270792126655578613e+00 1.181648492813110352e+00
1.720345377922058105e+00 1.244849681854248047e+00 1.241468548774719238e+00
1.750380277633666992e+00 1.269922256469726562e+00 1.137162566184997559e+00
1.672265291213989258e+00 1.198124885559082031e+00 1.127866983413696289e+00
1.648021459579467773e+00 1.262112855911254883e+00 1.236011981964111328e+00
1.703559041023254395e+00 1.257417678833007812e+00 1.191514015197753906e+00
1.622756958007812500e+00 1.295513033866882324e+00 1.187891244888305664e+00
1.777159094810485840e+00 1.275677084922790527e+00 1.138486623764038086e+00
1.668111324310302734e+00 1.211066603660583496e+00 1.229553580284118652e+00
1.688091516494750977e+00 1.251129388809204102e+00 1.152585029602050781e+00
1.683741927146911621e+00 1.277473092079162598e+00 1.195151805877685547e+00
1.729413270950317383e+00 1.258651018142700195e+00 1.139465093612670898e+00
1.699624300003051758e+00 1.229120969772338867e+00 1.142234683036804199e+00
1.765530705451965332e+00 1.281431198120117188e+00 1.192929625511169434e+00
1.654287934303283691e+00 1.216329097747802734e+00 1.175239682197570801e+00
1.790683627128601074e+00 1.245428442955017090e+00 1.196078658103942871e+00
1.696856856346130371e+00 1.189936995506286621e+00 1.207631707191467285e+00
1.496438264846801758e+00 1.285661816596984863e+00 1.143463730812072754e+00
1.727012753486633301e+00 1.239327549934387207e+00 1.221543788909912109e+00
1.663481831550598145e+00 1.229189515113830566e+00 1.197384953498840332e+00
1.828529477119445801e+00 1.272775650024414062e+00 1.164179563522338867e+00
1.716518640518188477e+00 1.249234080314636230e+00 1.277374982833862305e+00
1.773186087608337402e+00 1.285671830177307129e+00 1.138873815536499023e+00
1.631003260612487793e+00 1.290353298187255859e+00 1.166562080383300781e+00
1.696713447570800781e+00 1.318578362464904785e+00 1.224619865417480469e+00
1.717694282531738281e+00 1.276168227195739746e+00 1.262625098228454590e+00
1.718890070915222168e+00 1.258266687393188477e+00 1.180375456809997559e+00
1.692998409271240234e+00 1.253875851631164551e+00 1.279251813888549805e+00
1.686721682548522949e+00 1.243605375289916992e+00 1.120972871780395508e+00
1.719616770744323730e+00 1.215914130210876465e+00 1.219448208808898926e+00
1.741361260414123535e+00 1.192383646965026855e+00 1.154677629470825195e+00
1.656206727027893066e+00 1.340179920196533203e+00 1.196850538253784180e+00
1.742581605911254883e+00 1.181141018867492676e+00 1.106203556060791016e+00
1.667980670928955078e+00 1.252865552902221680e+00 1.194692015647888184e+00
1.631948351860046387e+00 1.197912931442260742e+00 1.107005357742309570e+00
1.735806226730346680e+00 1.264197111129760742e+00 1.192241430282592773e+00
1.686698555946350098e+00 1.248454213142395020e+00 1.282778263092041016e+00
1.711346387863159180e+00 1.263826489448547363e+00 1.300735116004943848e+00
1.716421246528625488e+00 1.226847290992736816e+00 1.213063240051269531e+00
1.719326376914978027e+00 1.295915722846984863e+00 1.132563233375549316e+00
1.686290264129638672e+00 1.264566659927368164e+00 1.215164780616760254e+00
1.763198494911193848e+00 1.220066428184509277e+00 1.174508094787597656e+00
1.716389179229736328e+00 1.258108019828796387e+00 1.096203446388244629e+00
1.661844730377197266e+00 1.241091489791870117e+00 1.237574338912963867e+00
1.758609890937805176e+00 1.307206511497497559e+00 1.196386337280273438e+00
1.703173756599426270e+00 1.251036047935485840e+00 1.267888903617858887e+00
1.778221011161804199e+00 1.305260658264160156e+00 1.163173794746398926e+00
1.631006121635437012e+00 1.273381590843200684e+00 1.207070827484130859e+00
1.774031400680541992e+00 1.350879430770874023e+00 1.198368072509765625e+00
1.785200357437133789e+00 1.247631311416625977e+00 1.209028959274291992e+00
1.643275856971740723e+00 1.239563941955566406e+00 1.271613359451293945e+00
1.714557409286499023e+00 1.241635560989379883e+00 1.185946464538574219e+00
1.662284612655639648e+00 1.288662433624267578e+00 1.242554187774658203e+00
1.706751585006713867e+00 1.221825122833251953e+00 1.211505174636840820e+00
1.639106035232543945e+00 1.205488324165344238e+00 1.150352954864501953e+00
1.678287267684936523e+00 1.227812409400939941e+00 1.204099774360656738e+00
1.631310939788818359e+00 1.256042838096618652e+00 1.143715381622314453e+00
1.674700617790222168e+00 1.217853307723999023e+00 1.234650850296020508e+00
1.772424697875976562e+00 1.262451887130737305e+00 1.166460752487182617e+00
1.659439444541931152e+00 1.259483814239501953e+00 1.202871203422546387e+00
1.717292904853820801e+00 1.244115471839904785e+00 1.206032633781433105e+00
1.701275229454040527e+00 1.257015824317932129e+00 1.132094860076904297e+00
1.857404708862304688e+00 1.246085643768310547e+00 1.212622046470642090e+00
1.770576119422912598e+00 1.265290379524230957e+00 1.193109631538391113e+00
1.824204087257385254e+00 1.215902686119079590e+00 1.177073597908020020e+00
1.796038746833801270e+00 1.275181770324707031e+00 1.210909485816955566e+00
1.764664530754089355e+00 1.323949337005615234e+00 1.211453557014465332e+00
1.738739252090454102e+00 1.279227137565612793e+00 1.214622378349304199e+00
1.764625549316406250e+00 1.193523287773132324e+00 1.157589554786682129e+00
1.671459436416625977e+00 1.302936077117919922e+00 1.205838441848754883e+00
1.666907787322998047e+00 1.353025078773498535e+00 1.168903589248657227e+00
1.650392293930053711e+00 1.207024574279785156e+00 1.090373754501342773e+00
1.709577322006225586e+00 1.257277846336364746e+00 1.195133686065673828e+00
1.711149930953979492e+00 1.278823375701904297e+00 1.102593302726745605e+00
1.734225273132324219e+00 1.256846785545349121e+00 1.184283971786499023e+00
1.734988212585449219e+00 1.259086847305297852e+00 1.187371373176574707e+00
1.704682350158691406e+00 1.308258056640625000e+00 1.132482409477233887e+00
1.691713571548461914e+00 1.333927989006042480e+00 1.164501428604125977e+00
1.641773581504821777e+00 1.200460910797119141e+00 1.203323483467102051e+00
1.675944566726684570e+00 1.263949632644653320e+00 1.195800423622131348e+00
1.664831638336181641e+00 1.263371944427490234e+00 1.233755469322204590e+00
1.669485211372375488e+00 1.213397383689880371e+00 1.215559959411621094e+00
1.670988202095031738e+00 1.266584515571594238e+00 1.219159007072448730e+00
1.687679648399353027e+00 1.336686849594116211e+00 1.209894061088562012e+00
1.729948759078979492e+00 1.233693122863769531e+00 1.187351942062377930e+00
1.671132445335388184e+00 1.271147251129150391e+00 1.097892999649047852e+00
1.640101432800292969e+00 1.245413422584533691e+00 1.150676131248474121e+00
1.696669697761535645e+00 1.262714862823486328e+00 1.140067338943481445e+00
1.724477529525756836e+00 1.251630306243896484e+00 1.127385258674621582e+00
1.725911498069763184e+00 1.205890893936157227e+00 1.147654652595520020e+00
1.724658846855163574e+00 1.229728817939758301e+00 1.183412075042724609e+00
1.679368495941162109e+00 1.238292694091796875e+00 1.140084028244018555e+00
1.681709051132202148e+00 1.321501851081848145e+00 1.158924102783203125e+00
1.596859216690063477e+00 1.343843102455139160e+00 1.181144237518310547e+00
1.677902579307556152e+00 1.231855511665344238e+00 1.184943914413452148e+00
1.663304328918457031e+00 1.269006371498107910e+00 1.182874202728271484e+00
1.635430932044982910e+00 1.291292786598205566e+00 1.186762928962707520e+00
1.711759209632873535e+00 1.225714206695556641e+00 1.203262686729431152e+00
1.688531994819641113e+00 1.162950515747070312e+00 1.177018046379089355e+00
1.750227808952331543e+00 1.253617405891418457e+00 1.292398333549499512e+00
1.787234187126159668e+00 1.257983803749084473e+00 1.174997806549072266e+00
1.733343243598937988e+00 1.266827940940856934e+00 1.202510118484497070e+00
1.706072926521301270e+00 1.245535016059875488e+00 1.188794970512390137e+00
1.591707587242126465e+00 1.231155753135681152e+00 1.176386117935180664e+00
1.735021114349365234e+00 1.257153034210205078e+00 1.189304232597351074e+00
1.674258947372436523e+00 1.171331048011779785e+00 1.212102890014648438e+00
1.749060988426208496e+00 1.230132579803466797e+00 1.186576366424560547e+00
1.699102163314819336e+00 1.248763442039489746e+00 1.171182274818420410e+00
1.729042053222656250e+00 1.293606638908386230e+00 1.207334280014038086e+00
1.729185938835144043e+00 1.199860215187072754e+00 1.235565781593322754e+00
1.610288977622985840e+00 1.207096457481384277e+00 1.142647385597229004e+00
1.578396320343017578e+00 1.281780123710632324e+00 1.132168531417846680e+00
1.651159405708312988e+00 1.284667730331420898e+00 1.150778055191040039e+00
1.730245709419250488e+00 1.301013827323913574e+00 1.210069537162780762e+00
1.762750506401062012e+00 1.193070411682128906e+00 1.166932940483093262e+00
1.729261875152587891e+00 1.273591399192810059e+00 1.208269238471984863e+00
1.728396415710449219e+00 1.263688445091247559e+00 1.170293450355529785e+00
1.654535055160522461e+00 1.263110399246215820e+00 1.197389125823974609e+00
1.740306854248046875e+00 1.258275151252746582e+00 1.078234791755676270e+00
1.680815696716308594e+00 1.214565634727478027e+00 1.134220719337463379e+00
1.619023442268371582e+00 1.249383926391601562e+00 1.172817349433898926e+00
1.657169580459594727e+00 1.234715104103088379e+00 1.199985146522521973e+00
1.813084840774536133e+00 1.219548821449279785e+00 1.175786375999450684e+00
1.716262936592102051e+00 1.254291772842407227e+00 1.140055060386657715e+00
1.759203791618347168e+00 1.169001221656799316e+00 1.175481081008911133e+00
1.592239618301391602e+00 1.263957142829895020e+00 1.175433635711669922e+00
1.736581206321716309e+00 1.296217560768127441e+00 1.158566236495971680e+00
1.766315937042236328e+00 1.306527733802795410e+00 1.205839037895202637e+00
1.687004923820495605e+00 1.277740955352783203e+00 1.141267895698547363e+00
1.719342708587646484e+00 1.231523990631103516e+00 1.275978088378906250e+00
1.684863090515136719e+00 1.243749022483825684e+00 1.224876642227172852e+00
1.640770077705383301e+00 1.249268412590026855e+00 1.225011706352233887e+00
1.734989285469055176e+00 1.262893199920654297e+00 1.153141498565673828e+00
1.676695823669433594e+00 1.257391452789306641e+00 1.205271959304809570e+00
1.683255791664123535e+00 1.269490599632263184e+00 1.168698787689208984e+00
1.672037124633789062e+00 1.230619192123413086e+00 1.248120546340942383e+00
1.730466485023498535e+00 1.261005997657775879e+00 1.314199090003967285e+00
1.682844638824462891e+00 1.343902230262756348e+00 1.168015122413635254e+00
1.744176626205444336e+00 1.234271883964538574e+00 1.237782239913940430e+00
1.646021604537963867e+00 1.317328453063964844e+00 1.175389885902404785e+00
1.711396217346191406e+00 1.295933485031127930e+00 1.189201951026916504e+00
1.683717012405395508e+00 1.223474860191345215e+00 1.164247751235961914e+00
1.737774729728698730e+00 1.300756573677062988e+00 1.251850008964538574e+00
1.705373287200927734e+00 1.277520179748535156e+00 1.187903165817260742e+00
1.742569923400878906e+00 1.269676327705383301e+00 1.241406798362731934e+00
1.619417667388916016e+00 1.275234222412109375e+00 1.184117078781127930e+00
1.636976122856140137e+00 1.324571847915649414e+00 1.202112793922424316e+00
1.673922896385192871e+00 1.268586516380310059e+00 1.168977737426757812e+00
1.667799234390258789e+00 1.320663928985595703e+00 1.211579918861389160e+00
1.627915740013122559e+00 1.273686766624450684e+00 1.217310190200805664e+00
1.661746144294738770e+00 1.174555659294128418e+00 1.150920867919921875e+00
1.631472945213317871e+00 1.237483263015747070e+00 1.149439811706542969e+00
1.704082369804382324e+00 1.263922452926635742e+00 1.165770888328552246e+00
1.638651371002197266e+00 1.215184092521667480e+00 1.151695251464843750e+00
1.857910513877868652e+00 1.253550648689270020e+00 1.244226694107055664e+00
1.724247217178344727e+00 1.272398948669433594e+00 1.218161702156066895e+00
1.638462185859680176e+00 1.307114481925964355e+00 1.248383045196533203e+00
1.671984076499938965e+00 1.325187444686889648e+00 1.139803767204284668e+00
1.757719874382019043e+00 1.257176041603088379e+00 1.199319243431091309e+00
1.714071393013000488e+00 1.256533861160278320e+00 1.183166027069091797e+00
1.736429452896118164e+00 1.294082403182983398e+00 1.232328891754150391e+00
1.725436806678771973e+00 1.308166861534118652e+00 1.219611048698425293e+00
1.747868657112121582e+00 1.223299264907836914e+00 1.148541927337646484e+00
1.685451030731201172e+00 1.232155561447143555e+00 1.188758850097656250e+00
1.734283447265625000e+00 1.252834081649780273e+00 1.231152296066284180e+00
1.637731552124023438e+00 1.216605067253112793e+00 1.188991785049438477e+00
1.653525233268737793e+00 1.320275902748107910e+00 1.147716999053955078e+00
1.717381477355957031e+00 1.294762372970581055e+00 1.209957718849182129e+00
1.634848594665527344e+00 1.192191123962402344e+00 1.113320708274841309e+00
1.707602739334106445e+00 1.285917758941650391e+00 1.194926023483276367e+00
1.668131470680236816e+00 1.278818368911743164e+00 1.242421746253967285e+00
1.656224131584167480e+00 1.222803473472595215e+00 1.188152432441711426e+00
1.726040482521057129e+00 1.299088478088378906e+00 1.234028100967407227e+00
1.711457490921020508e+00 1.229139447212219238e+00 1.190176606178283691e+00
1.780974864959716797e+00 1.268156170845031738e+00 1.192481517791748047e+00
1.675071239471435547e+00 1.325191020965576172e+00 1.227122068405151367e+00
1.773642659187316895e+00 1.261057376861572266e+00 1.160197138786315918e+00
1.714001536369323730e+00 1.243145823478698730e+00 1.161517620086669922e+00
1.713741779327392578e+00 1.226998209953308105e+00 1.263152837753295898e+00
1.641440272331237793e+00 1.306623697280883789e+00 1.234786152839660645e+00
1.696632266044616699e+00 1.312240242958068848e+00 1.114892363548278809e+00
1.679268836975097656e+00 1.234359860420227051e+00 1.241164326667785645e+00
1.684466481208801270e+00 1.272979736328125000e+00 1.208938360214233398e+00
1.724425315856933594e+00 1.232112407684326172e+00 1.109614610671997070e+00
1.694216012954711914e+00 1.233800768852233887e+00 1.167761087417602539e+00
1.799002408981323242e+00 1.190060973167419434e+00 1.214031457901000977e+00
1.735664248466491699e+00 1.311395764350891113e+00 1.151393175125122070e+00
1.676660537719726562e+00 1.298337697982788086e+00 1.170768857002258301e+00
1.632189154624938965e+00 1.280869007110595703e+00 1.226244091987609863e+00
1.761823415756225586e+00 1.266791462898254395e+00 1.220536231994628906e+00
1.626786351203918457e+00 1.311342835426330566e+00 1.195204496383666992e+00
1.660175204277038574e+00 1.296032547950744629e+00 1.218620896339416504e+00
1.725459933280944824e+00 1.228346109390258789e+00 1.154899835586547852e+00
1.708937287330627441e+00 1.256204962730407715e+00 1.249179363250732422e+00
1.792953968048095703e+00 1.230640769004821777e+00 1.143036365509033203e+00
1.797809123992919922e+00 1.265523195266723633e+00 1.144790053367614746e+00
1.726733565330505371e+00 1.376735568046569824e+00 1.221807122230529785e+00
1.716717720031738281e+00 1.259593009948730469e+00 1.194800376892089844e+00
1.703819751739501953e+00 1.283756375312805176e+00 1.094319701194763184e+00
1.690533280372619629e+00 1.295212864875793457e+00 1.195261836051940918e+00
1.665607571601867676e+00 1.188575744628906250e+00 1.187265396118164062e+00
1.675808668136596680e+00 1.298394799232482910e+00 1.222614526748657227e+00
1.719328165054321289e+00 1.221375107765197754e+00 1.154938697814941406e+00
1.692977666854858398e+00 1.170120835304260254e+00 1.163116931915283203e+00
1.771972298622131348e+00 1.207271218299865723e+00 1.182319045066833496e+00
1.659964442253112793e+00 1.239224195480346680e+00 1.186403155326843262e+00
1.673115015029907227e+00 1.227395176887512207e+00 1.186646342277526855e+00
1.599596858024597168e+00 1.291299104690551758e+00 1.096722483634948730e+00
1.749368906021118164e+00 1.211737871170043945e+00 1.173995375633239746e+00
1.633319020271301270e+00 1.247149109840393066e+00 1.158402562141418457e+00
1.719720959663391113e+00 1.214897036552429199e+00 1.121127486228942871e+00
1.781913995742797852e+00 1.234744668006896973e+00 1.168640136718750000e+00
1.770976781845092773e+00 1.269182801246643066e+00 1.248985290527343750e+00
1.688583612442016602e+00 1.322876691818237305e+00 1.249757051467895508e+00
1.726085305213928223e+00 1.199790835380554199e+00 1.226266622543334961e+00
1.707334876060485840e+00 1.255025029182434082e+00 1.228631615638732910e+00
1.743781089782714844e+00 1.212672114372253418e+00 1.179182767868041992e+00
1.681181430816650391e+00 1.245334744453430176e+00 1.189258933067321777e+00
1.649490594863891602e+00 1.258598446846008301e+00 1.225254774093627930e+00
1.700955867767333984e+00 1.240223050117492676e+00 1.223818182945251465e+00
1.670047998428344727e+00 1.242586135864257812e+00 1.251769900321960449e+00
1.696465611457824707e+00 1.262953162193298340e+00 1.134619951248168945e+00
1.671589255332946777e+00 1.280880331993103027e+00 1.176981568336486816e+00
1.777991056442260742e+00 1.259224891662597656e+00 1.179477453231811523e+00
1.792952060699462891e+00 1.252438426017761230e+00 1.215904593467712402e+00
1.687218546867370605e+00 1.304678678512573242e+00 1.182360649108886719e+00
1.789155125617980957e+00 1.256515979766845703e+00 1.183337688446044922e+00
1.662342667579650879e+00 1.239201188087463379e+00 1.196774005889892578e+00
1.786159396171569824e+00 1.275746345520019531e+00 1.186690688133239746e+00
1.676769137382507324e+00 1.236865997314453125e+00 1.271711230278015137e+00
1.742639660835266113e+00 1.279425621032714844e+00 1.163587689399719238e+00
1.748175024986267090e+00 1.258154153823852539e+00 1.171032786369323730e+00
1.705357909202575684e+00 1.283994197845458984e+00 1.245180487632751465e+00
1.626935601234436035e+00 1.193027496337890625e+00 1.246980667114257812e+00
1.690226554870605469e+00 1.251492977142333984e+00 1.134538054466247559e+00
1.704017043113708496e+00 1.277013540267944336e+00 1.068475008010864258e+00
1.702967286109924316e+00 1.226545453071594238e+00 1.181278109550476074e+00
1.741588473320007324e+00 1.215968132019042969e+00 1.037089467048645020e+00
1.749295592308044434e+00 1.302823662757873535e+00 1.171871304512023926e+00
1.776901721954345703e+00 1.283486366271972656e+00 1.218877315521240234e+00
1.707792758941650391e+00 1.299002647399902344e+00 1.231057286262512207e+00
1.750059485435485840e+00 1.239214897155761719e+00 1.247940659523010254e+00
1.648346424102783203e+00 1.221393227577209473e+00 1.210848808288574219e+00
1.694885134696960449e+00 1.248603701591491699e+00 1.063189148902893066e+00
1.629634261131286621e+00 1.201503038406372070e+00 1.189190506935119629e+00
1.728153586387634277e+00 1.250322818756103516e+00 1.260056257247924805e+00
1.762799978256225586e+00 1.235039830207824707e+00 1.221007466316223145e+00
1.612398743629455566e+00 1.279638051986694336e+00 1.139582633972167969e+00
1.752771377563476562e+00 1.360298275947570801e+00 1.157176971435546875e+00
1.709061026573181152e+00 1.228863596916198730e+00 1.137628793716430664e+00
1.699242234230041504e+00 1.223220586776733398e+00 1.182949542999267578e+00
1.639352798461914062e+00 1.264284372329711914e+00 1.171750783920288086e+00
1.745752573013305664e+00 1.194946527481079102e+00 1.264924168586730957e+00
1.753668189048767090e+00 1.208780169486999512e+00 1.284252047538757324e+00
1.663321852684020996e+00 1.284830451011657715e+00 1.230193614959716797e+00
1.779953718185424805e+00 1.318746089935302734e+00 1.231661200523376465e+00
1.692489862442016602e+00 1.165694355964660645e+00 1.134360432624816895e+00
1.664135932922363281e+00 1.236893892288208008e+00 1.167081117630004883e+00
1.654085040092468262e+00 1.287430882453918457e+00 1.143250346183776855e+00
1.681684851646423340e+00 1.256917476654052734e+00 1.260073661804199219e+00
1.754763126373291016e+00 1.314446926116943359e+00 1.253496289253234863e+00
1.721169829368591309e+00 1.290372848510742188e+00 1.188232302665710449e+00
1.764080762863159180e+00 1.306005239486694336e+00 1.180072307586669922e+00
1.662077426910400391e+00 1.260720968246459961e+00 1.193902492523193359e+00
1.725987672805786133e+00 1.273635745048522949e+00 1.177113175392150879e+00
1.715454578399658203e+00 1.226385593414306641e+00 1.092119216918945312e+00
1.694932103157043457e+00 1.285501599311828613e+00 1.178107500076293945e+00
1.756646037101745605e+00 1.262562632560729980e+00 1.073504686355590820e+00
1.618180274963378906e+00 1.328345179557800293e+00 1.174226880073547363e+00
1.677867650985717773e+00 1.281062483787536621e+00 1.133994221687316895e+00
1.742052435874938965e+00 1.258915901184082031e+00 1.250721335411071777e+00
1.666250109672546387e+00 1.203985810279846191e+00 1.085292577743530273e+00
1.757004618644714355e+00 1.245270848274230957e+00 1.216127634048461914e+00
1.675551772117614746e+00 1.271579623222351074e+00 1.102206230163574219e+00
1.832486152648925781e+00 1.268993377685546875e+00 1.058100223541259766e+00
1.743633270263671875e+00 1.286236286163330078e+00 1.096469402313232422e+00
1.632427453994750977e+00 1.220239162445068359e+00 1.148189306259155273e+00
1.741995453834533691e+00 1.234032750129699707e+00 1.194199442863464355e+00
1.660205841064453125e+00 1.169542908668518066e+00 1.139772415161132812e+00
1.683341026306152344e+00 1.277991056442260742e+00 1.080266952514648438e+00
1.684844493865966797e+00 1.302147269248962402e+00 1.255645394325256348e+00
1.618431210517883301e+00 1.238609671592712402e+00 1.168471813201904297e+00
1.679170727729797363e+00 1.195268869400024414e+00 1.199096083641052246e+00
1.720040082931518555e+00 1.267407178878784180e+00 1.226077914237976074e+00
1.648502707481384277e+00 1.280666232109069824e+00 1.187639117240905762e+00
1.704731941223144531e+00 1.249639749526977539e+00 1.134951591491699219e+00
1.641918420791625977e+00 1.169966101646423340e+00 1.165057063102722168e+00
1.744960188865661621e+00 1.343544363975524902e+00 1.204775333404541016e+00
1.722417354583740234e+00 1.286423087120056152e+00 1.307506561279296875e+00
1.713114738464355469e+00 1.283095836639404297e+00 1.177631378173828125e+00
1.700184345245361328e+00 1.221277594566345215e+00 1.224344968795776367e+00
1.751284003257751465e+00 1.264199972152709961e+00 1.159630537033081055e+00
1.758866190910339355e+00 1.218389987945556641e+00 1.209775447845458984e+00
1.627629041671752930e+00 1.258109331130981445e+00 1.108872771263122559e+00
1.648068547248840332e+00 1.299013376235961914e+00 1.131555795669555664e+00
1.614073634147644043e+00 1.220977544784545898e+00 1.249460935592651367e+00
1.711536526679992676e+00 1.231404304504394531e+00 1.192997097969055176e+00
1.676007986068725586e+00 1.171329736709594727e+00 1.163148045539855957e+00
1.695669054985046387e+00 1.221873641014099121e+00 1.214636921882629395e+00
1.753602862358093262e+00 1.245849728584289551e+00 1.137072682380676270e+00
1.701983451843261719e+00 1.268992662429809570e+00 1.221933603286743164e+00
1.707911610603332520e+00 1.300373911857604980e+00 1.179423928260803223e+00
1.677865386009216309e+00 1.237459182739257812e+00 1.199972987174987793e+00
1.685281753540039062e+00 1.247464537620544434e+00 1.104391694068908691e+00
1.623578786849975586e+00 1.295105338096618652e+00 1.128950476646423340e+00
1.673331618309020996e+00 1.331237792968750000e+00 1.121275544166564941e+00
1.730464458465576172e+00 1.230880498886108398e+00 1.197538137435913086e+00
1.639350175857543945e+00 1.314477443695068359e+00 1.207736730575561523e+00
1.747788906097412109e+00 1.322409272193908691e+00 1.221147179603576660e+00
1.781565308570861816e+00 1.264626264572143555e+00 1.208203315734863281e+00
1.748379111289978027e+00 1.199151277542114258e+00 1.120368480682373047e+00
1.678478598594665527e+00 1.252660155296325684e+00 1.166467785835266113e+00
1.731322407722473145e+00 1.302559375762939453e+00 1.181297302246093750e+00
1.663036942481994629e+00 1.275073289871215820e+00 1.218213677406311035e+00
1.699686884880065918e+00 1.187618970870971680e+00 1.173183321952819824e+00
1.685131907463073730e+00 1.266573071479797363e+00 1.180205106735229492e+00
1.774097442626953125e+00 1.221542000770568848e+00 1.162895321846008301e+00
1.682766675949096680e+00 1.324677824974060059e+00 1.178333401679992676e+00
1.744834184646606445e+00 1.330252885818481445e+00 1.218377828598022461e+00
1.664329886436462402e+00 1.265674352645874023e+00 1.189947724342346191e+00
1.675222516059875488e+00 1.274293661117553711e+00 1.257781624794006348e+00
1.669960737228393555e+00 1.244038701057434082e+00 1.119336843490600586e+00
1.631239414215087891e+00 1.203235626220703125e+00 1.215212583541870117e+00
1.640242099761962891e+00 1.277275085449218750e+00 1.241750240325927734e+00
1.677724599838256836e+00 1.240731358528137207e+00 1.309762239456176758e+00
1.778781533241271973e+00 1.303200364112854004e+00 1.225848197937011719e+00
1.751587867736816406e+00 1.191781401634216309e+00 1.193706989288330078e+00
1.734803795814514160e+00 1.249253392219543457e+00 1.126734018325805664e+00
1.648188471794128418e+00 1.288136601448059082e+00 1.151454448699951172e+00
1.665965914726257324e+00 1.205125093460083008e+00 1.268104314804077148e+00
1.738608717918395996e+00 1.185278415679931641e+00 1.203419923782348633e+00
1.768805623054504395e+00 1.307811021804809570e+00 1.188938140869140625e+00
1.610217332839965820e+00 1.254004597663879395e+00 1.229307293891906738e+00
1.640324592590332031e+00 1.295031070709228516e+00 1.190087556838989258e+00
1.688406348228454590e+00 1.243453979492187500e+00 1.141344547271728516e+00
1.703435659408569336e+00 1.211666345596313477e+00 1.185703516006469727e+00
1.636963486671447754e+00 1.283160328865051270e+00 1.197011351585388184e+00
1.680001974105834961e+00 1.280889868736267090e+00 1.165292739868164062e+00
1.779422760009765625e+00 1.237481474876403809e+00 1.119183182716369629e+00
1.643628001213073730e+00 1.203590035438537598e+00 1.160539388656616211e+00
1.703426480293273926e+00 1.332623362541198730e+00 1.198175668716430664e+00
1.669391036033630371e+00 1.271992683410644531e+00 1.185442447662353516e+00
1.735724806785583496e+00 1.273294806480407715e+00 1.107413768768310547e+00
1.704718232154846191e+00 1.265771746635437012e+00 1.279715538024902344e+00
1.790967464447021484e+00 1.268060207366943359e+00 1.262539267539978027e+00
1.682152509689331055e+00 1.281880378723144531e+00 1.236502647399902344e+00
1.695084095001220703e+00 1.263706564903259277e+00 1.185422420501708984e+00
1.659227728843688965e+00 1.311659574508666992e+00 1.207234621047973633e+00
1.691592693328857422e+00 1.227036952972412109e+00 1.161574482917785645e+00
1.633570313453674316e+00 1.327374219894409180e+00 1.192133545875549316e+00
1.682552576065063477e+00 1.252965569496154785e+00 1.293345808982849121e+00
1.683563351631164551e+00 1.262942671775817871e+00 1.185297012329101562e+00
1.780786871910095215e+00 1.233842492103576660e+00 1.229858517646789551e+00
1.617181301116943359e+00 1.230929136276245117e+00 1.220101356506347656e+00
1.768185019493103027e+00 1.307894468307495117e+00 1.137527465820312500e+00
1.749364376068115234e+00 1.283439874649047852e+00 1.221971273422241211e+00
1.727368593215942383e+00 1.334156036376953125e+00 1.195766091346740723e+00
1.730407238006591797e+00 1.291983008384704590e+00 1.232053756713867188e+00
1.646877884864807129e+00 1.238131642341613770e+00 1.178111672401428223e+00
1.673697948455810547e+00 1.307287335395812988e+00 1.231712341308593750e+00
1.612270951271057129e+00 1.250725030899047852e+00 1.266769766807556152e+00
1.763474464416503906e+00 1.245234847068786621e+00 1.145623087882995605e+00
1.643538594245910645e+00 1.261584997177124023e+00 1.218625187873840332e+00
1.637391209602355957e+00 1.301825523376464844e+00 1.187534809112548828e+00
1.707551240921020508e+00 1.264604806900024414e+00 1.243895411491394043e+00
1.700359821319580078e+00 1.298949480056762695e+00 1.114918589591979980e+00
1.679315805435180664e+00 1.309982299804687500e+00 1.241415500640869141e+00
1.661403656005859375e+00 1.321013092994689941e+00 1.130136847496032715e+00
1.696049451828002930e+00 1.282177686691284180e+00 1.222964167594909668e+00
1.730417370796203613e+00 1.262561678886413574e+00 1.273262381553649902e+00
1.735024094581604004e+00 1.265958189964294434e+00 1.090652823448181152e+00
1.693261265754699707e+00 1.206029295921325684e+00 1.148574352264404297e+00
1.800480365753173828e+00 1.241968870162963867e+00 1.244203209877014160e+00
1.716651797294616699e+00 1.199761033058166504e+00 1.116107583045959473e+00
1.785570383071899414e+00 1.151828050613403320e+00 1.202726483345031738e+00
1.741003990173339844e+00 1.236099481582641602e+00 1.224179625511169434e+00
1.705979466438293457e+00 1.229885339736938477e+00 1.306852221488952637e+00
1.635828614234924316e+00 1.290390014648437500e+00 1.152768492698669434e+00
1.684254527091979980e+00 1.289454698562622070e+00 1.168586134910583496e+00
1.594720959663391113e+00 1.288486242294311523e+00 1.249543547630310059e+00
1.684283375740051270e+00 1.198035836219787598e+00 1.198983311653137207e+00
1.745625257492065430e+00 1.310720801353454590e+00 1.253160476684570312e+00
1.721950769424438477e+00 1.210418939590454102e+00 1.091650605201721191e+00
1.726875543594360352e+00 1.287367701530456543e+00 1.180426359176635742e+00
1.665235996246337891e+00 1.268076181411743164e+00 1.141152381896972656e+00
1.668863773345947266e+00 1.228619456291198730e+00 1.207420468330383301e+00
1.728780865669250488e+00 1.230758666992187500e+00 1.279171586036682129e+00
1.623565793037414551e+00 1.335754156112670898e+00 1.298985123634338379e+00
1.739117980003356934e+00 1.224680304527282715e+00 1.246240258216857910e+00
1.762747645378112793e+00 1.248594641685485840e+00 1.203343629837036133e+00
1.700506925582885742e+00 1.301201939582824707e+00 1.231272697448730469e+00
1.648615837097167969e+00 1.226540327072143555e+00 1.217542529106140137e+00
1.710293054580688477e+00 1.261097908020019531e+00 1.182499527931213379e+00
1.692544460296630859e+00 1.212325334548950195e+00 1.282305836677551270e+00
1.695502877235412598e+00 1.294610023498535156e+00 1.176555156707763672e+00
1.660957574844360352e+00 1.221777319908142090e+00 1.123248219490051270e+00
1.738377690315246582e+00 1.234138369560241699e+00 1.142264485359191895e+00
1.676179170608520508e+00 1.293066024780273438e+00 1.177509546279907227e+00
1.687601566314697266e+00 1.236596941947937012e+00 1.170038819313049316e+00
1.580851316452026367e+00 1.251942038536071777e+00 1.217968106269836426e+00
1.674331307411193848e+00 1.321256041526794434e+00 1.148109793663024902e+00
1.653883337974548340e+00 1.236936211585998535e+00 1.244483828544616699e+00
1.767830610275268555e+00 1.244868516921997070e+00 1.141965270042419434e+00
1.702318787574768066e+00 1.267225742340087891e+00 1.153754115104675293e+00
1.681958675384521484e+00 1.265362620353698730e+00 1.229402422904968262e+00
1.709025859832763672e+00 1.285772919654846191e+00 1.203964352607727051e+00
1.728132128715515137e+00 1.249128103256225586e+00 1.132599353790283203e+00
1.607629895210266113e+00 1.242838501930236816e+00 1.309631109237670898e+00
1.712846517562866211e+00 1.314790129661560059e+00 1.206331372261047363e+00
1.651085615158081055e+00 1.326801538467407227e+00 1.235456228256225586e+00
1.706223130226135254e+00 1.250887513160705566e+00 1.147592782974243164e+00
1.660888314247131348e+00 1.324020266532897949e+00 1.223689436912536621e+00
1.709647655487060547e+00 1.265168190002441406e+00 1.201709866523742676e+00
1.741296529769897461e+00 1.268608093261718750e+00 1.273252129554748535e+00
1.750955700874328613e+00 1.169640898704528809e+00 1.192041039466857910e+00
1.778384685516357422e+00 1.234205365180969238e+00 1.181461453437805176e+00
1.715541481971740723e+00 1.336610317230224609e+00 1.130987167358398438e+00
1.675066351890563965e+00 1.252793908119201660e+00 1.287219405174255371e+00
1.679675817489624023e+00 1.193365573883056641e+00 1.233272552490234375e+00
1.670641899108886719e+00 1.216846942901611328e+00 1.229946851730346680e+00
1.693077683448791504e+00 1.220635294914245605e+00 1.304881095886230469e+00
1.635834336280822754e+00 1.298975467681884766e+00 1.241514325141906738e+00
1.695780277252197266e+00 1.305656075477600098e+00 1.250563502311706543e+00
1.578162908554077148e+00 1.237568855285644531e+00 1.184214353561401367e+00
1.654372930526733398e+00 1.243378281593322754e+00 1.257372379302978516e+00
1.677440643310546875e+00 1.290693044662475586e+00 1.138331294059753418e+00
1.750354528427124023e+00 1.255330562591552734e+00 1.249840497970581055e+00
1.628316164016723633e+00 1.268040657043457031e+00 1.229762196540832520e+00
1.694973111152648926e+00 1.245628952980041504e+00 1.229816913604736328e+00
1.771110534667968750e+00 1.257025361061096191e+00 1.138947367668151855e+00
1.729093551635742188e+00 1.320099472999572754e+00 1.163691878318786621e+00
1.693425774574279785e+00 1.253138303756713867e+00 1.144707679748535156e+00
1.691238522529602051e+00 1.308746933937072754e+00 1.205999612808227539e+00
1.797210574150085449e+00 1.310877561569213867e+00 1.174035787582397461e+00
1.673725605010986328e+00 1.216259598731994629e+00 1.150662899017333984e+00
1.769293665885925293e+00 1.196263313293457031e+00 1.253900527954101562e+00
1.737167358398437500e+00 1.279479861259460449e+00 1.182598948478698730e+00
1.608071804046630859e+00 1.319602847099304199e+00 1.204630851745605469e+00
1.722825646400451660e+00 1.241238713264465332e+00 1.197571635246276855e+00
1.672664642333984375e+00 1.295194506645202637e+00 1.233637452125549316e+00
1.660680532455444336e+00 1.274225234985351562e+00 1.148410677909851074e+00
1.757676601409912109e+00 1.325207233428955078e+00 1.221990108489990234e+00
1.719717741012573242e+00 1.211645483970642090e+00 1.127202630043029785e+00
1.646637320518493652e+00 1.312276363372802734e+00 1.197908520698547363e+00
1.676887392997741699e+00 1.245582103729248047e+00 1.288129925727844238e+00
1.791832804679870605e+00 1.234025478363037109e+00 1.141193747520446777e+00
1.717522740364074707e+00 1.240047216415405273e+00 1.233682036399841309e+00
1.679839491844177246e+00 1.312747716903686523e+00 1.135614037513732910e+00
1.679554700851440430e+00 1.377234339714050293e+00 1.158498644828796387e+00
1.721834540367126465e+00 1.277253746986389160e+00 1.244354367256164551e+00
1.759878993034362793e+00 1.332192540168762207e+00 1.289486527442932129e+00
1.741919994354248047e+00 1.204830646514892578e+00 1.181660652160644531e+00
1.718102097511291504e+00 1.278983116149902344e+00 1.201821684837341309e+00
1.641016602516174316e+00 1.197278618812561035e+00 1.187348961830139160e+00
1.778215289115905762e+00 1.228057265281677246e+00 1.171356558799743652e+00
1.588941574096679688e+00 1.287057518959045410e+00 1.150523543357849121e+00
1.714204072952270508e+00 1.298053503036499023e+00 1.207950115203857422e+00
1.776432037353515625e+00 1.291845560073852539e+00 1.242228746414184570e+00
1.741590857505798340e+00 1.313269376754760742e+00 1.230400562286376953e+00
1.724933862686157227e+00 1.308639883995056152e+00 1.200101733207702637e+00
1.749459743499755859e+00 1.252581596374511719e+00 1.170217275619506836e+00
1.696742534637451172e+00 1.254890799522399902e+00 1.164937019348144531e+00
1.676859974861145020e+00 1.321210384368896484e+00 1.235880017280578613e+00
1.782958149909973145e+00 1.348992943763732910e+00 1.199751377105712891e+00
1.658593297004699707e+00 1.292603969573974609e+00 1.189827561378479004e+00
1.660023212432861328e+00 1.341312885284423828e+00 1.207792758941650391e+00
1.622247219085693359e+00 1.298997402191162109e+00 1.180384516716003418e+00
1.759414672851562500e+00 1.301138281822204590e+00 1.230187296867370605e+00
1.727167963981628418e+00 1.303409576416015625e+00 1.178243398666381836e+00
1.630911231040954590e+00 1.290278553962707520e+00 1.218237996101379395e+00
1.642188549041748047e+00 1.278357982635498047e+00 1.111487984657287598e+00
1.648759603500366211e+00 1.247337818145751953e+00 1.148730158805847168e+00
1.718637824058532715e+00 1.327105045318603516e+00 1.104861736297607422e+00
1.659384369850158691e+00 1.380177140235900879e+00 1.193551421165466309e+00
1.689795017242431641e+00 1.259780764579772949e+00 1.174619436264038086e+00
1.659808516502380371e+00 1.278133511543273926e+00 1.226834535598754883e+00
1.709924578666687012e+00 1.257458209991455078e+00 1.127088785171508789e+00
1.672607183456420898e+00 1.261000752449035645e+00 1.179091453552246094e+00
1.729895472526550293e+00 1.246526956558227539e+00 1.219992399215698242e+00
1.731723666191101074e+00 1.288869976997375488e+00 1.174368619918823242e+00
1.742441296577453613e+00 1.202660322189331055e+00 1.106597661972045898e+00
1.712396383285522461e+00 1.286424398422241211e+00 1.187991499900817871e+00
1.796312093734741211e+00 1.252295732498168945e+00 1.221630930900573730e+00
1.634615540504455566e+00 1.239525198936462402e+00 1.203844547271728516e+00
1.711119890213012695e+00 1.236894845962524414e+00 1.194332838058471680e+00
1.749097585678100586e+00 1.147212982177734375e+00 1.159324169158935547e+00
1.649318099021911621e+00 1.276890993118286133e+00 1.316024899482727051e+00
1.737147212028503418e+00 1.235300064086914062e+00 1.231011271476745605e+00
1.664873600006103516e+00 1.246164798736572266e+00 1.236724257469177246e+00
1.764993190765380859e+00 1.288974165916442871e+00 1.324118256568908691e+00
1.705042123794555664e+00 1.288406133651733398e+00 1.183252930641174316e+00
1.681986689567565918e+00 1.283560991287231445e+00 1.188588261604309082e+00
1.688762307167053223e+00 1.267084836959838867e+00 1.176983356475830078e+00
1.787019968032836914e+00 1.241000056266784668e+00 1.080318093299865723e+00
1.735065221786499023e+00 1.291689872741699219e+00 1.249128699302673340e+00
1.652653574943542480e+00 1.250623941421508789e+00 1.087803244590759277e+00
1.688484311103820801e+00 1.280588507652282715e+00 1.166765332221984863e+00
1.794413924217224121e+00 1.220871567726135254e+00 1.163735866546630859e+00
1.726230740547180176e+00 1.252196192741394043e+00 1.066534757614135742e+00
1.612294435501098633e+00 1.265938520431518555e+00 1.185461878776550293e+00
1.706825137138366699e+00 1.324680566787719727e+00 1.096517443656921387e+00
1.680526256561279297e+00 1.277301430702209473e+00 1.202191472053527832e+00
1.697610855102539062e+00 1.205951452255249023e+00 1.169607639312744141e+00
1.672180294990539551e+00 1.254715919494628906e+00 1.107750892639160156e+00
1.735480070114135742e+00 1.267779707908630371e+00 1.150736808776855469e+00
1.644378423690795898e+00 1.257291316986083984e+00 1.220355033874511719e+00
1.673412322998046875e+00 1.177331924438476562e+00 1.190053701400756836e+00
1.609261870384216309e+00 1.263056874275207520e+00 1.112175107002258301e+00
1.669055581092834473e+00 1.241337537765502930e+00 1.251494884490966797e+00
1.773315072059631348e+00 1.187817096710205078e+00 1.166921377182006836e+00
1.746049284934997559e+00 1.316564679145812988e+00 1.226713657379150391e+00
1.787370085716247559e+00 1.244474291801452637e+00 1.188540458679199219e+00
1.764406800270080566e+00 1.232043981552124023e+00 1.236985445022583008e+00
1.701315760612487793e+00 1.237208247184753418e+00 1.156855702400207520e+00
1.670379877090454102e+00 1.270131945610046387e+00 1.141247987747192383e+00
1.721962571144104004e+00 1.249726414680480957e+00 1.172380089759826660e+00
1.702398300170898438e+00 1.316562056541442871e+00 1.248993158340454102e+00
1.625270247459411621e+00 1.271082282066345215e+00 1.125514030456542969e+00
1.713329076766967773e+00 1.272029757499694824e+00 1.230581521987915039e+00
1.747953176498413086e+00 1.178273797035217285e+00 1.155946373939514160e+00
1.686276555061340332e+00 1.176440954208374023e+00 1.136888861656188965e+00
1.792113900184631348e+00 1.220997333526611328e+00 1.197372555732727051e+00
1.742365956306457520e+00 1.170999526977539062e+00 1.294488906860351562e+00
1.656245470046997070e+00 1.270393729209899902e+00 1.230084419250488281e+00
1.695454001426696777e+00 1.283635377883911133e+00 1.125259876251220703e+00
1.835584402084350586e+00 1.272986173629760742e+00 1.226645469665527344e+00
1.732637166976928711e+00 1.284306406974792480e+00 1.207465052604675293e+00
1.675908327102661133e+00 1.307310700416564941e+00 1.294756412506103516e+00
1.682507038116455078e+00 1.293566823005676270e+00 1.177527189254760742e+00
1.615967273712158203e+00 1.191233277320861816e+00 1.201847076416015625e+00
1.757508277893066406e+00 1.190038800239562988e+00 1.194543719291687012e+00
1.702272653579711914e+00 1.253517389297485352e+00 1.175806641578674316e+00
1.769101619720458984e+00 1.264360547065734863e+00 1.181292533874511719e+00
1.730681061744689941e+00 1.288079142570495605e+00 1.099296092987060547e+00
1.681113362312316895e+00 1.293284535408020020e+00 1.157730817794799805e+00
1.695755600929260254e+00 1.237646818161010742e+00 1.133095979690551758e+00
1.650503158569335938e+00 1.263708829879760742e+00 1.117992639541625977e+00
1.642491340637207031e+00 1.269557595252990723e+00 1.215245485305786133e+00
1.652245044708251953e+00 1.193287611007690430e+00 1.152926564216613770e+00
1.737428784370422363e+00 1.281174540519714355e+00 1.174486041069030762e+00
1.699857831001281738e+00 1.262248635292053223e+00 1.150016307830810547e+00
1.676194429397583008e+00 1.262741327285766602e+00 1.170482754707336426e+00
1.768651485443115234e+00 1.263309240341186523e+00 1.145671725273132324e+00
1.653233647346496582e+00 1.271773219108581543e+00 1.247596383094787598e+00
1.682160615921020508e+00 1.242373585700988770e+00 1.279648900032043457e+00
1.712285161018371582e+00 1.285532474517822266e+00 1.210119366645812988e+00
1.745007395744323730e+00 1.198185324668884277e+00 1.141722798347473145e+00
1.770761609077453613e+00 1.303777337074279785e+00 1.211518764495849609e+00
1.667223453521728516e+00 1.227675676345825195e+00 1.214272022247314453e+00
1.716560006141662598e+00 1.251444339752197266e+00 1.197873830795288086e+00
1.694314837455749512e+00 1.281647682189941406e+00 1.252041578292846680e+00
1.658620119094848633e+00 1.268611669540405273e+00 1.219257235527038574e+00
1.654469370841979980e+00 1.238867044448852539e+00 1.173339724540710449e+00
1.721068024635314941e+00 1.245374321937561035e+00 1.158361673355102539e+00
1.779105067253112793e+00 1.257706403732299805e+00 1.215046048164367676e+00
1.800304532051086426e+00 1.294157862663269043e+00 1.122987031936645508e+00
1.595808625221252441e+00 1.234232068061828613e+00 1.106331348419189453e+00
1.782181739807128906e+00 1.287852644920349121e+00 1.135780215263366699e+00
1.633632659912109375e+00 1.207920670509338379e+00 1.168493628501892090e+00
1.721514940261840820e+00 1.225797176361083984e+00 1.231255292892456055e+00
1.708597898483276367e+00 1.324526906013488770e+00 1.166784763336181641e+00
1.757099032402038574e+00 1.239405035972595215e+00 1.177338361740112305e+00
1.728047490119934082e+00 1.350443363189697266e+00 1.197993755340576172e+00
1.603588700294494629e+00 1.227628946304321289e+00 1.271516323089599609e+00
1.763858199119567871e+00 1.261050105094909668e+00 1.110436558723449707e+00
1.719600915908813477e+00 1.276004314422607422e+00 1.207295775413513184e+00
1.736839771270751953e+00 1.227905988693237305e+00 1.210195899009704590e+00
1.706571340560913086e+00 1.313986420631408691e+00 1.131154179573059082e+00
1.623100519180297852e+00 1.315860629081726074e+00 1.196048378944396973e+00
1.663040995597839355e+00 1.325875639915466309e+00 1.289074182510375977e+00
1.598131775856018066e+00 1.270787954330444336e+00 1.117260813713073730e+00
1.725896120071411133e+00 1.325090408325195312e+00 1.151703238487243652e+00
1.748789548873901367e+00 1.236199617385864258e+00 1.229630231857299805e+00
1.665603160858154297e+00 1.256739139556884766e+00 1.188492298126220703e+00
1.610214710235595703e+00 1.261768937110900879e+00 1.206213712692260742e+00
1.746404647827148438e+00 1.262129664421081543e+00 1.225073933601379395e+00
1.683101892471313477e+00 1.293693780899047852e+00 1.109835505485534668e+00
1.761566638946533203e+00 1.245699048042297363e+00 1.190531969070434570e+00
1.602067232131958008e+00 1.250438928604125977e+00 1.241889119148254395e+00
1.690574884414672852e+00 1.295382022857666016e+00 1.288581609725952148e+00
1.720663189888000488e+00 1.316669464111328125e+00 1.165054202079772949e+00
1.663822412490844727e+00 1.285571455955505371e+00 1.213726162910461426e+00
1.769635438919067383e+00 1.277078747749328613e+00 1.207103848457336426e+00
1.689701557159423828e+00 1.293507099151611328e+00 1.227902412414550781e+00
1.716010212898254395e+00 1.324845790863037109e+00 1.127091407775878906e+00
1.746694207191467285e+00 1.222632169723510742e+00 1.139987826347351074e+00
1.659874200820922852e+00 1.291107535362243652e+00 1.149015307426452637e+00
1.664768695831298828e+00 1.154654502868652344e+00 1.210044264793395996e+00
1.621821403503417969e+00 1.272909879684448242e+00 1.231452584266662598e+00
1.692350506782531738e+00 1.228196501731872559e+00 1.156483769416809082e+00
1.718311667442321777e+00 1.246895551681518555e+00 1.200536251068115234e+00
1.713189005851745605e+00 1.269248247146606445e+00 1.196538567543029785e+00
1.722476124763488770e+00 1.221659183502197266e+00 1.177952527999877930e+00
1.667599916458129883e+00 1.263070940971374512e+00 1.156270265579223633e+00
1.766627073287963867e+00 1.297393083572387695e+00 1.219298839569091797e+00
1.664209485054016113e+00 1.327442288398742676e+00 1.301665186882019043e+00
1.697354435920715332e+00 1.216015338897705078e+00 1.109251737594604492e+00
1.774566531181335449e+00 1.289828896522521973e+00 1.130334138870239258e+00
1.635850787162780762e+00 1.214924216270446777e+00 1.192218065261840820e+00
1.685572504997253418e+00 1.342214703559875488e+00 1.282434701919555664e+00
1.610710263252258301e+00 1.256920218467712402e+00 1.256588101387023926e+00
1.638569712638854980e+00 1.277130842208862305e+00 1.151941657066345215e+00
1.653592109680175781e+00 1.243258714675903320e+00 1.127064228057861328e+00
1.733071804046630859e+00 1.319286704063415527e+00 1.231787204742431641e+00
1.708974480628967285e+00 1.351439952850341797e+00 1.213351011276245117e+00
1.705362319946289062e+00 1.249388813972473145e+00 1.145349979400634766e+00
1.587434649467468262e+00 1.309443950653076172e+00 1.175828695297241211e+00
1.765264153480529785e+00 1.307999730110168457e+00 1.243804693222045898e+00
1.718945860862731934e+00 1.364182710647583008e+00 1.213556408882141113e+00
1.637713909149169922e+00 1.241929769515991211e+00 1.215404152870178223e+00
1.745843768119812012e+00 1.288638472557067871e+00 1.309588789939880371e+00
1.639091491699218750e+00 1.311764359474182129e+00 1.163413643836975098e+00
1.708985686302185059e+00 1.286903619766235352e+00 1.200492739677429199e+00
1.688254952430725098e+00 1.253872752189636230e+00 1.146278500556945801e+00
1.831215143203735352e+00 1.302334785461425781e+00 1.209832787513732910e+00
1.636602044105529785e+00 1.260482668876647949e+00 1.215885281562805176e+00
1.743534088134765625e+00 1.263817667961120605e+00 1.215089797973632812e+00
1.705248475074768066e+00 1.251548051834106445e+00 1.169816613197326660e+00
1.727510929107666016e+00 1.282151460647583008e+00 1.098209261894226074e+00
1.730227112770080566e+00 1.258430480957031250e+00 1.147082567214965820e+00
1.780814528465270996e+00 1.241744518280029297e+00 1.189368367195129395e+00
1.766160130500793457e+00 1.312448740005493164e+00 1.130331039428710938e+00
1.763800740242004395e+00 1.286227107048034668e+00 1.171879649162292480e+00
1.801824331283569336e+00 1.289022445678710938e+00 1.247745871543884277e+00
1.638962626457214355e+00 1.286149978637695312e+00 1.245023727416992188e+00
1.742931723594665527e+00 1.264008879661560059e+00 1.212204575538635254e+00
1.647373676300048828e+00 1.204540491104125977e+00 1.247976899147033691e+00
1.726075053215026855e+00 1.292686939239501953e+00 1.156466364860534668e+00
1.610679864883422852e+00 1.205391049385070801e+00 1.106885075569152832e+00
1.741200447082519531e+00 1.247030615806579590e+00 1.179073691368103027e+00
1.671019434928894043e+00 1.309599518775939941e+00 1.160050153732299805e+00
1.671760916709899902e+00 1.250366330146789551e+00 1.198773264884948730e+00
1.723049759864807129e+00 1.266136407852172852e+00 1.176716208457946777e+00
1.624841570854187012e+00 1.251887321472167969e+00 1.187404632568359375e+00
1.728592395782470703e+00 1.246654987335205078e+00 1.154081225395202637e+00
1.691532731056213379e+00 1.293124914169311523e+00 1.165325760841369629e+00
1.634863257408142090e+00 1.250343799591064453e+00 1.189341306686401367e+00
1.683328509330749512e+00 1.305051684379577637e+00 1.197062134742736816e+00
1.710268020629882812e+00 1.183267354965209961e+00 1.236480951309204102e+00
1.796983242034912109e+00 1.281126141548156738e+00 1.245962023735046387e+00
1.730879306793212891e+00 1.203997611999511719e+00 1.297052979469299316e+00
1.732417345046997070e+00 1.274613738059997559e+00 1.234543800354003906e+00
1.715960383415222168e+00 1.267613887786865234e+00 1.129493117332458496e+00
1.625465631484985352e+00 1.272717952728271484e+00 1.215259790420532227e+00
1.679611325263977051e+00 1.244419693946838379e+00 1.160120368003845215e+00
1.720011591911315918e+00 1.315200090408325195e+00 1.192426085472106934e+00
1.589424133300781250e+00 1.199382066726684570e+00 1.167813539505004883e+00
1.706919312477111816e+00 1.230217695236206055e+00 1.227977514266967773e+00
1.619485497474670410e+00 1.227307915687561035e+00 1.280496358871459961e+00
1.692080497741699219e+00 1.305815815925598145e+00 1.232716321945190430e+00
1.694606304168701172e+00 1.224145889282226562e+00 1.180525302886962891e+00
1.644580960273742676e+00 1.265496611595153809e+00 1.189576745033264160e+00
1.671405673027038574e+00 1.326626181602478027e+00 1.205917477607727051e+00
1.678473830223083496e+00 1.276246428489685059e+00 1.115724682807922363e+00
1.660985112190246582e+00 1.270101189613342285e+00 1.150072097778320312e+00
1.657849788665771484e+00 1.213728189468383789e+00 1.255817413330078125e+00
1.736054062843322754e+00 1.279839634895324707e+00 1.233964920043945312e+00
1.758882761001586914e+00 1.252890825271606445e+00 1.226026058197021484e+00
1.654160022735595703e+00 1.239894151687622070e+00 1.211468815803527832e+00
1.661055803298950195e+00 1.307507872581481934e+00 1.120649099349975586e+00
1.596128940582275391e+00 1.188672661781311035e+00 1.238709807395935059e+00
1.716502428054809570e+00 1.298030495643615723e+00 1.189357042312622070e+00
1.632598757743835449e+00 1.253257155418395996e+00 1.252710819244384766e+00
1.656762242317199707e+00 1.209288120269775391e+00 1.223550319671630859e+00
1.696096777915954590e+00 1.202692389488220215e+00 1.198218345642089844e+00
1.584776520729064941e+00 1.303862094879150391e+00 1.202523708343505859e+00
1.773148059844970703e+00 1.266054272651672363e+00 1.099849939346313477e+00
1.678195953369140625e+00 1.290845870971679688e+00 1.240198731422424316e+00
1.631743431091308594e+00 1.237702131271362305e+00 1.262874364852905273e+00
1.590494990348815918e+00 1.265525221824645996e+00 1.195613265037536621e+00
1.675205707550048828e+00 1.278554677963256836e+00 1.308903336524963379e+00
1.650182366371154785e+00 1.125594735145568848e+00 1.275489211082458496e+00
1.630936503410339355e+00 1.248629808425903320e+00 1.306431889533996582e+00
1.686964869499206543e+00 1.252956032752990723e+00 1.181080102920532227e+00
1.727155685424804688e+00 1.267113566398620605e+00 1.142825126647949219e+00
1.664327025413513184e+00 1.198559165000915527e+00 1.174963235855102539e+00
1.629415512084960938e+00 1.270939946174621582e+00 1.224074721336364746e+00
1.677418112754821777e+00 1.310474514961242676e+00 1.177297472953796387e+00
1.618379831314086914e+00 1.316188931465148926e+00 1.233890652656555176e+00
1.700630784034729004e+00 1.206419944763183594e+00 1.237406849861145020e+00
1.734851241111755371e+00 1.333662509918212891e+00 1.226642608642578125e+00
1.650571465492248535e+00 1.317636966705322266e+00 1.162681937217712402e+00
1.694859504699707031e+00 1.203981757164001465e+00 1.195013999938964844e+00
1.743349075317382812e+00 1.256033301353454590e+00 1.172394275665283203e+00
1.740628004074096680e+00 1.226294994354248047e+00 1.110580682754516602e+00
1.744187951087951660e+00 1.242473483085632324e+00 1.136230826377868652e+00
1.736950159072875977e+00 1.215891957283020020e+00 1.148859143257141113e+00
1.669074773788452148e+00 1.273969292640686035e+00 1.197954893112182617e+00
1.661570072174072266e+00 1.217387437820434570e+00 1.153538107872009277e+00
1.678591012954711914e+00 1.236228227615356445e+00 1.201813340187072754e+00
1.618422508239746094e+00 1.247635722160339355e+00 1.171189308166503906e+00
1.694689273834228516e+00 1.286876797676086426e+00 1.171322345733642578e+00
1.695431351661682129e+00 1.306520104408264160e+00 1.124158978462219238e+00
1.712412238121032715e+00 1.207696676254272461e+00 1.218724608421325684e+00
1.728742241859436035e+00 1.289842367172241211e+00 1.252382993698120117e+00
1.707509517669677734e+00 1.266502380371093750e+00 1.240069746971130371e+00
1.725235462188720703e+00 1.263943672180175781e+00 1.180555105209350586e+00
1.658204555511474609e+00 1.213987231254577637e+00 1.135648727416992188e+00
1.722338318824768066e+00 1.254435300827026367e+00 1.198330283164978027e+00
1.748025655746459961e+00 1.223487019538879395e+00 1.219422221183776855e+00
1.778591752052307129e+00 1.259219884872436523e+00 1.224657773971557617e+00
1.675788879394531250e+00 1.276172399520874023e+00 1.185669064521789551e+00
1.653247833251953125e+00 1.219998359680175781e+00 1.261530160903930664e+00
1.660689711570739746e+00 1.225538969039916992e+00 1.299539566040039062e+00
1.697625398635864258e+00 1.276028513908386230e+00 1.243675470352172852e+00
1.706623554229736328e+00 1.259310603141784668e+00 1.130547881126403809e+00
1.761887311935424805e+00 1.345916509628295898e+00 1.183301210403442383e+00
1.684614419937133789e+00 1.233368039131164551e+00 1.210457563400268555e+00
1.752089262008666992e+00 1.293740510940551758e+00 1.191200375556945801e+00
1.711472272872924805e+00 1.253928065299987793e+00 1.191957712173461914e+00
1.639006257057189941e+00 1.305161476135253906e+00 1.131585717201232910e+00
1.711329579353332520e+00 1.289489746093750000e+00 1.167616486549377441e+00
1.693140745162963867e+00 1.274878501892089844e+00 1.224672794342041016e+00
1.647534847259521484e+00 1.309704184532165527e+00 1.155562281608581543e+00
1.634439229965209961e+00 1.284082651138305664e+00 1.143471360206604004e+00
1.776175618171691895e+00 1.221423268318176270e+00 1.248434185981750488e+00
1.558936119079589844e+00 1.287808656692504883e+00 1.173437952995300293e+00
1.642247557640075684e+00 1.249956369400024414e+00 1.182946324348449707e+00
1.697585582733154297e+00 1.254295587539672852e+00 1.153667926788330078e+00
1.797552347183227539e+00 1.255886673927307129e+00 1.202678680419921875e+00
1.657126545906066895e+00 1.248609185218811035e+00 1.230844140052795410e+00
1.700579285621643066e+00 1.312243342399597168e+00 1.229780673980712891e+00
1.759909749031066895e+00 1.243860244750976562e+00 1.268764734268188477e+00
1.736075520515441895e+00 1.310092091560363770e+00 1.226743936538696289e+00
1.642116665840148926e+00 1.330248117446899414e+00 1.181195974349975586e+00
1.763058304786682129e+00 1.228093147277832031e+00 1.258836865425109863e+00
1.687505006790161133e+00 1.301649093627929688e+00 1.235373497009277344e+00
1.704102158546447754e+00 1.305994391441345215e+00 1.128002762794494629e+00
1.554518818855285645e+00 1.260596871376037598e+00 1.217487931251525879e+00
1.694842457771301270e+00 1.222882986068725586e+00 1.206623792648315430e+00
1.719778656959533691e+00 1.285166144371032715e+00 1.152292966842651367e+00
1.661216497421264648e+00 1.294805288314819336e+00 1.123525261878967285e+00
1.648960232734680176e+00 1.214524745941162109e+00 1.236746072769165039e+00
1.653855800628662109e+00 1.263614773750305176e+00 1.262418627738952637e+00
1.709271192550659180e+00 1.262011885643005371e+00 1.109288096427917480e+00
1.645508050918579102e+00 1.232836961746215820e+00 1.181855678558349609e+00
1.614251732826232910e+00 1.274145007133483887e+00 1.253297567367553711e+00
1.710419058799743652e+00 1.303077101707458496e+00 1.270863175392150879e+00
1.576009869575500488e+00 1.204522848129272461e+00 1.157864570617675781e+00
1.670002460479736328e+00 1.282071352005004883e+00 1.261651754379272461e+00
1.610335826873779297e+00 1.350495576858520508e+00 1.156090378761291504e+00
1.674804210662841797e+00 1.280119895935058594e+00 1.214755058288574219e+00
1.703940510749816895e+00 1.314925909042358398e+00 1.140545725822448730e+00
1.691821217536926270e+00 1.322989702224731445e+00 1.123448133468627930e+00
1.704663395881652832e+00 1.246032357215881348e+00 1.180780887603759766e+00
1.689753651618957520e+00 1.245422601699829102e+00 1.135908603668212891e+00
1.664608478546142578e+00 1.210806488990783691e+00 1.125149488449096680e+00
1.636866927146911621e+00 1.295750260353088379e+00 1.211378931999206543e+00
1.727512001991271973e+00 1.261022806167602539e+00 1.284561276435852051e+00
1.643680810928344727e+00 1.354037404060363770e+00 1.220707178115844727e+00
1.656353712081909180e+00 1.321763157844543457e+00 1.175701498985290527e+00
1.702063798904418945e+00 1.267000675201416016e+00 1.269785046577453613e+00
1.825736761093139648e+00 1.205003857612609863e+00 1.270074725151062012e+00
1.760012030601501465e+00 1.313657402992248535e+00 1.123033523559570312e+00
1.687649846076965332e+00 1.190022110939025879e+00 1.193285226821899414e+00
1.635179519653320312e+00 1.273876428604125977e+00 1.180459260940551758e+00
1.709395527839660645e+00 1.267870068550109863e+00 1.133305311203002930e+00
1.727038979530334473e+00 1.220012426376342773e+00 1.220898747444152832e+00
1.700503706932067871e+00 1.224176645278930664e+00 1.250914692878723145e+00
1.727831363677978516e+00 1.210569500923156738e+00 1.258219361305236816e+00
1.632162094116210938e+00 1.237021684646606445e+00 1.249396800994873047e+00
1.713812947273254395e+00 1.218668699264526367e+00 1.156451940536499023e+00
1.687795996665954590e+00 1.258999228477478027e+00 1.144236564636230469e+00
1.682115674018859863e+00 1.250488281250000000e+00 1.167178869247436523e+00
1.733167767524719238e+00 1.275590896606445312e+00 1.226550221443176270e+00
1.693785309791564941e+00 1.294739603996276855e+00 1.151523232460021973e+00
1.627388119697570801e+00 1.252279281616210938e+00 1.253843069076538086e+00
1.685156226158142090e+00 1.303587555885314941e+00 1.148372411727905273e+00
1.685666203498840332e+00 1.239765882492065430e+00 1.170546770095825195e+00
1.770549416542053223e+00 1.265598535537719727e+00 1.186486601829528809e+00
1.681229472160339355e+00 1.239015936851501465e+00 1.241930603981018066e+00
1.674702048301696777e+00 1.322378277778625488e+00 1.231128096580505371e+00
1.677842736244201660e+00 1.229548692703247070e+00 1.249670028686523438e+00
1.747429013252258301e+00 1.296465635299682617e+00 1.188109993934631348e+00
1.707943916320800781e+00 1.254706501960754395e+00 1.151884794235229492e+00
1.669270277023315430e+00 1.331622004508972168e+00 1.216739535331726074e+00
1.696947574615478516e+00 1.210311532020568848e+00 1.196791648864746094e+00
1.686587214469909668e+00 1.275416731834411621e+00 1.346332788467407227e+00
1.623342394828796387e+00 1.296314835548400879e+00 1.239200949668884277e+00
1.686447381973266602e+00 1.234531402587890625e+00 1.141592144966125488e+00
1.675508737564086914e+00 1.248716235160827637e+00 1.208407044410705566e+00
1.700310945510864258e+00 1.219341516494750977e+00 1.203281998634338379e+00
1.707003712654113770e+00 1.241990089416503906e+00 1.120126485824584961e+00
1.723999381065368652e+00 1.275352478027343750e+00 1.170813560485839844e+00
1.712909936904907227e+00 1.168023109436035156e+00 1.262343883514404297e+00
1.641836643218994141e+00 1.356688141822814941e+00 1.154333949089050293e+00
1.624019742012023926e+00 1.259279251098632812e+00 1.192158699035644531e+00
1.707842588424682617e+00 1.251129031181335449e+00 1.178568363189697266e+00
1.656008362770080566e+00 1.286320328712463379e+00 1.198441982269287109e+00
1.734168410301208496e+00 1.236006855964660645e+00 1.188626885414123535e+00
1.753752589225769043e+00 1.247758030891418457e+00 1.170606493949890137e+00
1.736093640327453613e+00 1.236126422882080078e+00 1.237848043441772461e+00
1.708081722259521484e+00 1.300043582916259766e+00 1.237539172172546387e+00
1.667026758193969727e+00 1.304438829421997070e+00 1.179187893867492676e+00
1.743879199028015137e+00 1.232271432876586914e+00 1.120732307434082031e+00
1.700572609901428223e+00 1.331829547882080078e+00 1.144563078880310059e+00
1.684380173683166504e+00 1.252130746841430664e+00 1.159795284271240234e+00
1.706385254859924316e+00 1.232172727584838867e+00 1.165738701820373535e+00
1.641427516937255859e+00 1.243499994277954102e+00 1.164545416831970215e+00
1.652839303016662598e+00 1.251350998878479004e+00 1.212422490119934082e+00
1.743826866149902344e+00 1.232192993164062500e+00 1.118154764175415039e+00
1.672954440116882324e+00 1.281732201576232910e+00 1.107774257659912109e+00
1.774802565574645996e+00 1.211059689521789551e+00 1.158932924270629883e+00
1.773185729980468750e+00 1.359117388725280762e+00 1.203620433807373047e+00
1.684534668922424316e+00 1.272793173789978027e+00 1.145457625389099121e+00
1.676014780998229980e+00 1.214586734771728516e+00 1.272499322891235352e+00
1.700198292732238770e+00 1.252352356910705566e+00 1.142599821090698242e+00
1.691100001335144043e+00 1.340790390968322754e+00 1.213594555854797363e+00
1.762000560760498047e+00 1.249593138694763184e+00 1.185106396675109863e+00
1.787562012672424316e+00 1.365698456764221191e+00 1.170134663581848145e+00
1.681524395942687988e+00 1.229087471961975098e+00 1.218577742576599121e+00
1.693633675575256348e+00 1.281753063201904297e+00 1.182205319404602051e+00
1.708812713623046875e+00 1.294782757759094238e+00 1.293093919754028320e+00
1.782665848731994629e+00 1.252352476119995117e+00 1.099145293235778809e+00
1.648746848106384277e+00 1.278850913047790527e+00 1.245820641517639160e+00
1.714016318321228027e+00 1.266984581947326660e+00 1.270200133323669434e+00
1.690055251121520996e+00 1.261038184165954590e+00 1.199476957321166992e+00
1.762927174568176270e+00 1.345872282981872559e+00 1.255151510238647461e+00
1.695496797561645508e+00 1.313843727111816406e+00 1.202540278434753418e+00
1.697943568229675293e+00 1.321050167083740234e+00 1.156260371208190918e+00
1.685573458671569824e+00 1.249206066131591797e+00 1.167651414871215820e+00
1.616707324981689453e+00 1.293305397033691406e+00 1.079592227935791016e+00
1.622450470924377441e+00 1.293018221855163574e+00 1.128114223480224609e+00
1.645160317420959473e+00 1.338600993156433105e+00 1.245609164237976074e+00
1.620570659637451172e+00 1.302346587181091309e+00 1.134977579116821289e+00
1.754661321640014648e+00 1.276444435119628906e+00 1.236238360404968262e+00
1.723108410835266113e+00 1.274618029594421387e+00 1.104023933410644531e+00
1.656380891799926758e+00 1.235850334167480469e+00 1.216916680335998535e+00
1.676023125648498535e+00 1.265590190887451172e+00 1.204841375350952148e+00
1.637519955635070801e+00 1.286516666412353516e+00 1.133488774299621582e+00
1.696270346641540527e+00 1.202336192131042480e+00 1.127277255058288574e+00
1.721897840499877930e+00 1.305637240409851074e+00 1.166800618171691895e+00
1.599846005439758301e+00 1.261226177215576172e+00 1.179832816123962402e+00
1.624501943588256836e+00 1.302351713180541992e+00 1.149767398834228516e+00
1.688278198242187500e+00 1.262812256813049316e+00 1.296764254570007324e+00
1.801103353500366211e+00 1.222949862480163574e+00 1.126988291740417480e+00
1.669726848602294922e+00 1.260182261466979980e+00 1.260549306869506836e+00
1.670041441917419434e+00 1.237362742424011230e+00 1.209047079086303711e+00
1.717911124229431152e+00 1.275999307632446289e+00 1.174021363258361816e+00
1.666699647903442383e+00 1.338804006576538086e+00 1.254241704940795898e+00
1.670206785202026367e+00 1.300266146659851074e+00 1.218389391899108887e+00
1.707759380340576172e+00 1.199309468269348145e+00 1.113771438598632812e+00
1.648271083831787109e+00 1.350681066513061523e+00 1.182512402534484863e+00
1.748653173446655273e+00 1.238772153854370117e+00 1.190207839012145996e+00
1.765932202339172363e+00 1.305810809135437012e+00 1.183130264282226562e+00
1.696333050727844238e+00 1.306609869003295898e+00 1.292032241821289062e+00
1.781790852546691895e+00 1.252738714218139648e+00 1.156982898712158203e+00
1.721709370613098145e+00 1.230546832084655762e+00 1.182531237602233887e+00
1.729215502738952637e+00 1.269317150115966797e+00 1.203308105468750000e+00
1.693544626235961914e+00 1.307339906692504883e+00 1.232586979866027832e+00
1.649563312530517578e+00 1.269684910774230957e+00 1.141091823577880859e+00
1.682806372642517090e+00 1.278801918029785156e+00 1.190608739852905273e+00
1.747403860092163086e+00 1.269364833831787109e+00 1.144000768661499023e+00
1.724701404571533203e+00 1.177850246429443359e+00 1.184354066848754883e+00
1.759051561355590820e+00 1.261714220046997070e+00 1.255711078643798828e+00
1.753942966461181641e+00 1.265356779098510742e+00 1.243660092353820801e+00
1.726003766059875488e+00 1.300922513008117676e+00 1.167661070823669434e+00
1.679768800735473633e+00 1.246188640594482422e+00 1.227530241012573242e+00
1.671473264694213867e+00 1.271302461624145508e+00 1.204708218574523926e+00
1.699525117874145508e+00 1.264435887336730957e+00 1.200377702713012695e+00
1.684001684188842773e+00 1.324971079826354980e+00 1.190774440765380859e+00
1.715943098068237305e+00 1.302696466445922852e+00 1.151731610298156738e+00
1.732782840728759766e+00 1.195744156837463379e+00 1.168751478195190430e+00
1.712535023689270020e+00 1.234226703643798828e+00 1.170032858848571777e+00
1.654535531997680664e+00 1.329166531562805176e+00 1.114197134971618652e+00
1.780318021774291992e+00 1.292836308479309082e+00 1.139764666557312012e+00
1.703483462333679199e+00 1.288912773132324219e+00 1.169748663902282715e+00
1.663179159164428711e+00 1.332186102867126465e+00 1.244682192802429199e+00
1.653804302215576172e+00 1.234676837921142578e+00 1.212870717048645020e+00
1.712014675140380859e+00 1.310177564620971680e+00 1.202174782752990723e+00
1.758228421211242676e+00 1.313872456550598145e+00 1.155620574951171875e+00
1.637073636054992676e+00 1.226581454277038574e+00 1.153540372848510742e+00
1.687380790710449219e+00 1.226658821105957031e+00 1.180715918540954590e+00
1.665631771087646484e+00 1.245868563652038574e+00 1.161945939064025879e+00
1.771229743957519531e+00 1.211251497268676758e+00 1.239281415939331055e+00
1.736213803291320801e+00 1.230750322341918945e+00 1.122920274734497070e+00
1.685385584831237793e+00 1.250760555267333984e+00 1.099412202835083008e+00
1.740295648574829102e+00 1.281182885169982910e+00 1.129407286643981934e+00
1.629966735839843750e+00 1.201921939849853516e+00 1.210514068603515625e+00
1.683427214622497559e+00 1.242694973945617676e+00 1.167798519134521484e+00
1.753174424171447754e+00 1.335768938064575195e+00 1.119738459587097168e+00
1.700266838073730469e+00 1.302432537078857422e+00 1.251125097274780273e+00
1.780767321586608887e+00 1.236911535263061523e+00 1.226637601852416992e+00
1.711527943611145020e+00 1.259196162223815918e+00 1.237900853157043457e+00
1.678561449050903320e+00 1.271181344985961914e+00 1.145016074180603027e+00
1.662574768066406250e+00 1.284689664840698242e+00 1.191430091857910156e+00
1.717821240425109863e+00 1.250339269638061523e+00 1.167809724807739258e+00
1.706434249877929688e+00 1.234608769416809082e+00 1.218473315238952637e+00
1.786396384239196777e+00 1.319748163223266602e+00 1.186941146850585938e+00
1.676123380661010742e+00 1.246203303337097168e+00 1.102568030357360840e+00
1.762998938560485840e+00 1.341454386711120605e+00 1.266301989555358887e+00
1.709520339965820312e+00 1.265558004379272461e+00 1.196949839591979980e+00
1.710558176040649414e+00 1.302771091461181641e+00 1.212400197982788086e+00
1.667755722999572754e+00 1.323100090026855469e+00 1.147256374359130859e+00
1.717310309410095215e+00 1.275651097297668457e+00 1.249733805656433105e+00
1.686202883720397949e+00 1.258553743362426758e+00 1.137880802154541016e+00
1.749744415283203125e+00 1.346983313560485840e+00 1.288720130920410156e+00
1.603411316871643066e+00 1.350859880447387695e+00 1.169057488441467285e+00
1.714083671569824219e+00 1.359723806381225586e+00 1.214521884918212891e+00
1.716661453247070312e+00 1.292366027832031250e+00 1.256064057350158691e+00
1.702870011329650879e+00 1.256971240043640137e+00 1.136994123458862305e+00
1.648629784584045410e+00 1.218486905097961426e+00 1.248179793357849121e+00
1.712493419647216797e+00 1.234939217567443848e+00 1.244507908821105957e+00
1.665135979652404785e+00 1.282290458679199219e+00 1.217420339584350586e+00
1.739671111106872559e+00 1.255569934844970703e+00 1.106444835662841797e+00
1.724961996078491211e+00 1.250758171081542969e+00 1.201523900032043457e+00
1.695844769477844238e+00 1.314199447631835938e+00 1.180616140365600586e+00
1.767628312110900879e+00 1.272954940795898438e+00 1.261928439140319824e+00
1.670830845832824707e+00 1.260963678359985352e+00 1.283641099929809570e+00
1.722766876220703125e+00 1.239874482154846191e+00 1.198538303375244141e+00
1.657600760459899902e+00 1.277901768684387207e+00 1.299641966819763184e+00
1.702600836753845215e+00 1.312313199043273926e+00 1.234379410743713379e+00
1.674268126487731934e+00 1.277288198471069336e+00 1.215112328529357910e+00
1.669237732887268066e+00 1.178509593009948730e+00 1.180154323577880859e+00
1.728307008743286133e+00 1.286140680313110352e+00 1.193035960197448730e+00
1.690014839172363281e+00 1.303353309631347656e+00 1.163691759109497070e+00
1.707947969436645508e+00 1.266424775123596191e+00 1.212194085121154785e+00
1.781128048896789551e+00 1.291743040084838867e+00 1.137348175048828125e+00
1.713578462600708008e+00 1.248530983924865723e+00 1.200443744659423828e+00
1.667923331260681152e+00 1.267074346542358398e+00 1.196722030639648438e+00
1.721634984016418457e+00 1.211609721183776855e+00 1.252204179763793945e+00
1.706663250923156738e+00 1.249289989471435547e+00 1.199045300483703613e+00
1.725712299346923828e+00 1.237273097038269043e+00 1.144201755523681641e+00
1.695482611656188965e+00 1.321124315261840820e+00 1.193499207496643066e+00
1.689415574073791504e+00 1.300915122032165527e+00 1.281149387359619141e+00
1.720002293586730957e+00 1.335217356681823730e+00 1.198747158050537109e+00
1.658254861831665039e+00 1.289722800254821777e+00 1.249604344367980957e+00
1.684557914733886719e+00 1.213839173316955566e+00 1.186513423919677734e+00
1.723330616950988770e+00 1.243108749389648438e+00 1.230033755302429199e+00
1.689133286476135254e+00 1.298790931701660156e+00 1.115633487701416016e+00
1.730542659759521484e+00 1.302082300186157227e+00 1.177881717681884766e+00
1.677371025085449219e+00 1.324847579002380371e+00 1.264516353607177734e+00
1.635182499885559082e+00 1.231654286384582520e+00 1.204236984252929688e+00
1.688733220100402832e+00 1.262796878814697266e+00 1.103847503662109375e+00
1.754091858863830566e+00 1.255041241645812988e+00 1.256859540939331055e+00
1.707000136375427246e+00 1.338633775711059570e+00 1.225526452064514160e+00
1.729658365249633789e+00 1.270396828651428223e+00 1.220240592956542969e+00
1.655321359634399414e+00 1.360438585281372070e+00 1.198727369308471680e+00
1.753085732460021973e+00 1.291860103607177734e+00 1.151085376739501953e+00
1.656427979469299316e+00 1.265637755393981934e+00 1.174283266067504883e+00
1.705824732780456543e+00 1.257665872573852539e+00 1.126775383949279785e+00
1.678328394889831543e+00 1.295962572097778320e+00 1.205548286437988281e+00
1.692528605461120605e+00 1.328703641891479492e+00 1.127851724624633789e+00
1.656316876411437988e+00 1.268249988555908203e+00 1.206995964050292969e+00
1.651110291481018066e+00 1.256162524223327637e+00 1.206562161445617676e+00
1.659893751144409180e+00 1.253329038619995117e+00 1.151125431060791016e+00
1.749860525131225586e+00 1.288120031356811523e+00 1.224835395812988281e+00
1.671180605888366699e+00 1.287123322486877441e+00 1.118550300598144531e+00
1.731119513511657715e+00 1.282764315605163574e+00 1.097258806228637695e+00
1.703904151916503906e+00 1.289234042167663574e+00 1.237022042274475098e+00
1.715375900268554688e+00 1.311756014823913574e+00 1.208908438682556152e+00
1.675451755523681641e+00 1.235025644302368164e+00 1.253452301025390625e+00
1.689744949340820312e+00 1.238687992095947266e+00 1.220868706703186035e+00
1.680401563644409180e+00 1.223800778388977051e+00 1.138206958770751953e+00
1.756368756294250488e+00 1.221759915351867676e+00 1.134039402008056641e+00
1.681668758392333984e+00 1.316115140914916992e+00 1.189760446548461914e+00
1.714065909385681152e+00 1.201669692993164062e+00 1.145817399024963379e+00
1.688730478286743164e+00 1.252119898796081543e+00 1.164615631103515625e+00
1.666350007057189941e+00 1.286895155906677246e+00 1.268727421760559082e+00
1.741983056068420410e+00 1.255073666572570801e+00 1.148031949996948242e+00
1.681587815284729004e+00 1.261630415916442871e+00 1.182016491889953613e+00
1.692367076873779297e+00 1.262599349021911621e+00 1.206716179847717285e+00
1.707586407661437988e+00 1.294981360435485840e+00 1.216922283172607422e+00
1.737430930137634277e+00 1.289626479148864746e+00 1.172502994537353516e+00
1.636013984680175781e+00 1.306582570075988770e+00 1.190060496330261230e+00
1.704809069633483887e+00 1.273016452789306641e+00 1.175526022911071777e+00
1.592501759529113770e+00 1.275197625160217285e+00 1.163040876388549805e+00
1.701488137245178223e+00 1.226571440696716309e+00 1.110290646553039551e+00
1.706678986549377441e+00 1.269853472709655762e+00 1.256045341491699219e+00
1.757924199104309082e+00 1.241041660308837891e+00 1.151585459709167480e+00
1.705063104629516602e+00 1.209282875061035156e+00 1.225459456443786621e+00
1.702941060066223145e+00 1.198788762092590332e+00 1.108565807342529297e+00
1.784629225730895996e+00 1.262150049209594727e+00 1.168103337287902832e+00
1.658855795860290527e+00 1.262451648712158203e+00 1.231673598289489746e+00
1.747590065002441406e+00 1.216330289840698242e+00 1.160043597221374512e+00
1.721402049064636230e+00 1.285517692565917969e+00 1.146400690078735352e+00
1.726812243461608887e+00 1.348980426788330078e+00 1.177427768707275391e+00
1.797114968299865723e+00 1.276750683784484863e+00 1.186049580574035645e+00
1.688342928886413574e+00 1.262003540992736816e+00 1.241054892539978027e+00
1.722842574119567871e+00 1.307668209075927734e+00 1.200526952743530273e+00
1.732318043708801270e+00 1.296288251876831055e+00 1.235125780105590820e+00
1.717148065567016602e+00 1.247862935066223145e+00 1.112666368484497070e+00
1.664316058158874512e+00 1.294739365577697754e+00 1.211544632911682129e+00
1.699284315109252930e+00 1.297023296356201172e+00 1.184923887252807617e+00
1.705848932266235352e+00 1.223638057708740234e+00 1.271473765373229980e+00
1.631476402282714844e+00 1.286594390869140625e+00 1.255875587463378906e+00
1.700740098953247070e+00 1.267894983291625977e+00 1.220620870590209961e+00
1.636459708213806152e+00 1.284166932106018066e+00 1.128850936889648438e+00
1.674099564552307129e+00 1.317878246307373047e+00 1.243636131286621094e+00
1.696530699729919434e+00 1.273878931999206543e+00 1.302462935447692871e+00
1.691805839538574219e+00 1.251615762710571289e+00 1.152247905731201172e+00
1.771042943000793457e+00 1.256266593933105469e+00 1.202986121177673340e+00
1.600820422172546387e+00 1.228083252906799316e+00 1.199887156486511230e+00
1.741941690444946289e+00 1.242916822433471680e+00 1.200341224670410156e+00
1.663369059562683105e+00 1.290882706642150879e+00 1.258436918258666992e+00
1.724042892456054688e+00 1.224540710449218750e+00 1.198745012283325195e+00
1.776500821113586426e+00 1.307995200157165527e+00 1.106392025947570801e+00
1.756562590599060059e+00 1.278910994529724121e+00 1.123502373695373535e+00
1.644931077957153320e+00 1.307151436805725098e+00 1.236325621604919434e+00
1.763617277145385742e+00 1.266139030456542969e+00 1.234715342521667480e+00
1.769870400428771973e+00 1.285849094390869141e+00 1.221272110939025879e+00
1.780755043029785156e+00 1.253652930259704590e+00 1.247539162635803223e+00
1.747150778770446777e+00 1.273151993751525879e+00 1.146166086196899414e+00
1.679365396499633789e+00 1.251046299934387207e+00 1.188347101211547852e+00
1.711547493934631348e+00 1.271911859512329102e+00 1.098285317420959473e+00
1.644738316535949707e+00 1.281984686851501465e+00 1.248697876930236816e+00
1.721447110176086426e+00 1.292479753494262695e+00 1.208159923553466797e+00
1.692853331565856934e+00 1.284511327743530273e+00 1.267518639564514160e+00
1.638490796089172363e+00 1.261004805564880371e+00 1.183663129806518555e+00
1.697788238525390625e+00 1.202357053756713867e+00 1.220075726509094238e+00
1.635144710540771484e+00 1.277656078338623047e+00 1.254842519760131836e+00
1.736564993858337402e+00 1.375300288200378418e+00 1.264239907264709473e+00
1.759386539459228516e+00 1.296705007553100586e+00 1.198464035987854004e+00
1.656255722045898438e+00 1.299740195274353027e+00 1.204230427742004395e+00
1.719655156135559082e+00 1.243279814720153809e+00 1.236218214035034180e+00
1.721894741058349609e+00 1.291412115097045898e+00 1.133708834648132324e+00
1.594963073730468750e+00 1.250483274459838867e+00 1.119121432304382324e+00
1.717449426651000977e+00 1.233353614807128906e+00 1.131694912910461426e+00
1.697244524955749512e+00 1.236570119857788086e+00 1.086584210395812988e+00
1.672081112861633301e+00 1.235652804374694824e+00 1.214908838272094727e+00
1.750561594963073730e+00 1.261333346366882324e+00 1.167370438575744629e+00
1.664257884025573730e+00 1.322316646575927734e+00 1.242787241935729980e+00
1.737200260162353516e+00 1.324435234069824219e+00 1.223399162292480469e+00
1.639803171157836914e+00 1.249678611755371094e+00 1.248343825340270996e+00
1.680305957794189453e+00 1.261849880218505859e+00 1.191653490066528320e+00
1.693678021430969238e+00 1.291566252708435059e+00 1.118967056274414062e+00
1.622638821601867676e+00 1.225590705871582031e+00 1.211423277854919434e+00
1.708429217338562012e+00 1.237598419189453125e+00 1.068923473358154297e+00
1.761072874069213867e+00 1.286320328712463379e+00 1.222965359687805176e+00
1.671464920043945312e+00 1.291081786155700684e+00 1.158709526062011719e+00
1.703053712844848633e+00 1.253159761428833008e+00 1.253847122192382812e+00
1.692292690277099609e+00 1.259075045585632324e+00 1.261825203895568848e+00
1.686555981636047363e+00 1.332453370094299316e+00 1.282166004180908203e+00
1.752250313758850098e+00 1.239921808242797852e+00 1.154206871986389160e+00
1.638586521148681641e+00 1.250296831130981445e+00 1.260823488235473633e+00
1.693754196166992188e+00 1.245508074760437012e+00 1.127827048301696777e+00
1.656753659248352051e+00 1.207597613334655762e+00 1.175731301307678223e+00
1.734370589256286621e+00 1.203952789306640625e+00 1.176569819450378418e+00
1.712711095809936523e+00 1.249471068382263184e+00 1.262083530426025391e+00
1.667823553085327148e+00 1.295192956924438477e+00 1.180129528045654297e+00
1.637686610221862793e+00 1.260722637176513672e+00 1.292967915534973145e+00
1.663191795349121094e+00 1.239893674850463867e+00 1.185011744499206543e+00
1.742247700691223145e+00 1.227789878845214844e+00 1.192489624023437500e+00
1.668728470802307129e+00 1.255616545677185059e+00 1.233805418014526367e+00
1.739060044288635254e+00 1.324440360069274902e+00 1.240957736968994141e+00
1.765086531639099121e+00 1.242782115936279297e+00 1.210009098052978516e+00
1.744566798210144043e+00 1.271488666534423828e+00 1.207095026969909668e+00
1.718173384666442871e+00 1.256685137748718262e+00 1.182825803756713867e+00
1.658086657524108887e+00 1.232682585716247559e+00 1.151075720787048340e+00
1.639404058456420898e+00 1.287847161293029785e+00 1.112298965454101562e+00
1.647832512855529785e+00 1.257612824440002441e+00 1.233322620391845703e+00
1.736654877662658691e+00 1.291032075881958008e+00 1.194913268089294434e+00
1.669981241226196289e+00 1.250281810760498047e+00 1.191473007202148438e+00
1.658745169639587402e+00 1.202481508255004883e+00 1.151993632316589355e+00
1.703615546226501465e+00 1.253716111183166504e+00 1.182098269462585449e+00
1.664925098419189453e+00 1.246220231056213379e+00 1.135051250457763672e+00
1.674542307853698730e+00 1.342594265937805176e+00 1.161700367927551270e+00
1.647877216339111328e+00 1.213626027107238770e+00 1.144496560096740723e+00
1.722558021545410156e+00 1.243073940277099609e+00 1.156425118446350098e+00
1.706349372863769531e+00 1.245468020439147949e+00 1.204007029533386230e+00
1.635491013526916504e+00 1.220084667205810547e+00 1.175548791885375977e+00
1.692144274711608887e+00 1.204502105712890625e+00 1.206797599792480469e+00
1.637100219726562500e+00 1.301092624664306641e+00 1.119267940521240234e+00
1.670701265335083008e+00 1.282433032989501953e+00 1.272947907447814941e+00
1.665838718414306641e+00 1.295651197433471680e+00 1.220563411712646484e+00
1.615851640701293945e+00 1.318758726119995117e+00 1.172413945198059082e+00
1.718747854232788086e+00 1.260713100433349609e+00 1.199044942855834961e+00
1.656641602516174316e+00 1.282587885856628418e+00 1.133754372596740723e+00
1.669050335884094238e+00 1.257490277290344238e+00 1.216136336326599121e+00
1.704062581062316895e+00 1.249322891235351562e+00 1.222299933433532715e+00
1.691953659057617188e+00 1.274257302284240723e+00 1.203497767448425293e+00
1.673761725425720215e+00 1.273644208908081055e+00 1.226660013198852539e+00
1.712348461151123047e+00 1.275627493858337402e+00 1.208680629730224609e+00
1.710950613021850586e+00 1.274919152259826660e+00 1.239399194717407227e+00
1.765515089035034180e+00 1.289568781852722168e+00 1.198323845863342285e+00
1.752113938331604004e+00 1.282895922660827637e+00 1.054225444793701172e+00
1.720050573348999023e+00 1.291335582733154297e+00 1.215121269226074219e+00
1.653279304504394531e+00 1.204860568046569824e+00 1.157542586326599121e+00
1.711987853050231934e+00 1.266171693801879883e+00 1.207562327384948730e+00
1.702640533447265625e+00 1.198043704032897949e+00 1.246649861335754395e+00
1.731766104698181152e+00 1.298231840133666992e+00 1.193943262100219727e+00
1.630628228187561035e+00 1.281580567359924316e+00 1.272191524505615234e+00
1.760108590126037598e+00 1.306811094284057617e+00 1.282777309417724609e+00
1.722203612327575684e+00 1.264238357543945312e+00 1.188887357711791992e+00
1.748073339462280273e+00 1.337247371673583984e+00 1.186316490173339844e+00
1.771694660186767578e+00 1.304359793663024902e+00 1.173663139343261719e+00
1.694475412368774414e+00 1.255018115043640137e+00 1.213355064392089844e+00
1.730623126029968262e+00 1.233913660049438477e+00 1.101719856262207031e+00
1.718220591545104980e+00 1.297302007675170898e+00 1.188598155975341797e+00
1.726208329200744629e+00 1.226077675819396973e+00 1.213172554969787598e+00
1.696024060249328613e+00 1.218937397003173828e+00 1.215949416160583496e+00
1.729973912239074707e+00 1.269581675529479980e+00 1.350548863410949707e+00
1.624960422515869141e+00 1.321760416030883789e+00 1.186679363250732422e+00
1.733900547027587891e+00 1.261126875877380371e+00 1.237870454788208008e+00
1.709111094474792480e+00 1.202312946319580078e+00 1.166159749031066895e+00
1.709470868110656738e+00 1.246004939079284668e+00 1.255832195281982422e+00
1.783063173294067383e+00 1.302264571189880371e+00 1.221617341041564941e+00
1.801502466201782227e+00 1.261963129043579102e+00 1.153489470481872559e+00
1.681129336357116699e+00 1.254162192344665527e+00 1.152976155281066895e+00
1.758231639862060547e+00 1.276513218879699707e+00 1.155257701873779297e+00
1.711905360221862793e+00 1.250705242156982422e+00 1.224547266960144043e+00
1.826406955718994141e+00 1.303888678550720215e+00 1.181286692619323730e+00
1.653288960456848145e+00 1.284187793731689453e+00 1.197212815284729004e+00
1.631217598915100098e+00 1.239459753036499023e+00 1.266526699066162109e+00
1.592379212379455566e+00 1.227495193481445312e+00 1.138007044792175293e+00
1.804185628890991211e+00 1.171557068824768066e+00 1.161143779754638672e+00
1.655976414680480957e+00 1.343332171440124512e+00 1.129170894622802734e+00
1.720308423042297363e+00 1.257619976997375488e+00 1.241952896118164062e+00
1.714569807052612305e+00 1.244830369949340820e+00 1.117896676063537598e+00
1.652162909507751465e+00 1.237380266189575195e+00 1.151786446571350098e+00
1.686170935630798340e+00 1.230054020881652832e+00 1.186109066009521484e+00
1.741860032081604004e+00 1.198632717132568359e+00 1.283629179000854492e+00
1.744159579277038574e+00 1.228742122650146484e+00 1.204679131507873535e+00
1.641255259513854980e+00 1.288265943527221680e+00 1.263143539428710938e+00
1.774450302124023438e+00 1.231919407844543457e+00 1.245650172233581543e+00
1.730408906936645508e+00 1.334810376167297363e+00 1.201023578643798828e+00
1.713500261306762695e+00 1.314336419105529785e+00 1.134167671203613281e+00
1.751967668533325195e+00 1.358649373054504395e+00 1.195876359939575195e+00
1.736254096031188965e+00 1.190271139144897461e+00 1.189412236213684082e+00
1.603113651275634766e+00 1.256490349769592285e+00 1.126570105552673340e+00
1.726155400276184082e+00 1.355903029441833496e+00 1.067616462707519531e+00
1.691845178604125977e+00 1.218910813331604004e+00 1.184808492660522461e+00
1.574890017509460449e+00 1.256027936935424805e+00 1.175036311149597168e+00
1.717471718788146973e+00 1.302046298980712891e+00 1.193942546844482422e+00
1.620241045951843262e+00 1.258138179779052734e+00 1.255664825439453125e+00
1.722949028015136719e+00 1.240798830986022949e+00 1.214702367782592773e+00
1.720564126968383789e+00 1.267253994941711426e+00 1.183476090431213379e+00
1.718956947326660156e+00 1.260607957839965820e+00 1.195597767829895020e+00
1.592018723487854004e+00 1.325074434280395508e+00 1.185474634170532227e+00
1.746138453483581543e+00 1.252464652061462402e+00 1.203269362449645996e+00
1.719757556915283203e+00 1.282550334930419922e+00 1.143500685691833496e+00
1.771792054176330566e+00 1.222153186798095703e+00 1.185572743415832520e+00
1.648200154304504395e+00 1.301423907279968262e+00 1.182656288146972656e+00
1.748125433921813965e+00 1.286897301673889160e+00 1.227949976921081543e+00
1.742708921432495117e+00 1.270249128341674805e+00 1.136491179466247559e+00
1.747283697128295898e+00 1.344426751136779785e+00 1.210845589637756348e+00
1.692307114601135254e+00 1.293311476707458496e+00 1.253752708435058594e+00
1.696383833885192871e+00 1.278966546058654785e+00 1.129552483558654785e+00
1.640783667564392090e+00 1.376727461814880371e+00 1.251781463623046875e+00
1.812330007553100586e+00 1.340779423713684082e+00 1.135208725929260254e+00
1.719930410385131836e+00 1.278795838356018066e+00 1.183424472808837891e+00
1.794397830963134766e+00 1.303585052490234375e+00 1.219945311546325684e+00
1.741049647331237793e+00 1.210466504096984863e+00 1.141292214393615723e+00
1.689497351646423340e+00 1.269390940666198730e+00 1.271650671958923340e+00
1.814141750335693359e+00 1.271777629852294922e+00 1.189013242721557617e+00
1.730323076248168945e+00 1.275490999221801758e+00 1.205852031707763672e+00
1.688061118125915527e+00 1.284934163093566895e+00 1.193828225135803223e+00
1.637000203132629395e+00 1.284454345703125000e+00 1.148137450218200684e+00
1.725856661796569824e+00 1.249163031578063965e+00 1.144934177398681641e+00
1.662576675415039062e+00 1.287192821502685547e+00 1.169654011726379395e+00
1.628467440605163574e+00 1.260255455970764160e+00 1.239801645278930664e+00
1.801637768745422363e+00 1.269827008247375488e+00 1.242400407791137695e+00
1.654882669448852539e+00 1.264546513557434082e+00 1.214309096336364746e+00
1.711971759796142578e+00 1.293761610984802246e+00 1.223046541213989258e+00
1.697128891944885254e+00 1.252585768699645996e+00 1.285659551620483398e+00
1.757214665412902832e+00 1.238524556159973145e+00 1.112009048461914062e+00
1.664206624031066895e+00 1.222806215286254883e+00 1.256222605705261230e+00
1.676061034202575684e+00 1.277530431747436523e+00 1.278717875480651855e+00
1.659503698348999023e+00 1.236304402351379395e+00 1.112565517425537109e+00
1.674032688140869141e+00 1.284198403358459473e+00 1.193602561950683594e+00
1.634885787963867188e+00 1.231169342994689941e+00 1.224710345268249512e+00
1.748775124549865723e+00 1.277837157249450684e+00 1.198354721069335938e+00
1.774432420730590820e+00 1.304074883460998535e+00 1.238946914672851562e+00
1.654059529304504395e+00 1.243625879287719727e+00 1.151112198829650879e+00
1.695465326309204102e+00 1.273379564285278320e+00 1.227620124816894531e+00
1.731310725212097168e+00 1.307736515998840332e+00 1.285518288612365723e+00
1.735819101333618164e+00 1.268283247947692871e+00 1.302406787872314453e+00
1.688517808914184570e+00 1.276979565620422363e+00 1.187525749206542969e+00
1.749081254005432129e+00 1.236089587211608887e+00 1.253220796585083008e+00
1.670832753181457520e+00 1.339934229850769043e+00 1.136044502258300781e+00
1.742850065231323242e+00 1.211640477180480957e+00 1.157476067543029785e+00
1.837134599685668945e+00 1.312213301658630371e+00 1.186591744422912598e+00
1.770258545875549316e+00 1.336560726165771484e+00 1.231190443038940430e+00
1.660872101783752441e+00 1.214220643043518066e+00 1.260189294815063477e+00
1.725779175758361816e+00 1.254816412925720215e+00 1.172708868980407715e+00
1.605468988418579102e+00 1.323459029197692871e+00 1.087120652198791504e+00
1.643200755119323730e+00 1.212971806526184082e+00 1.127101302146911621e+00
1.734213590621948242e+00 1.262701034545898438e+00 1.180407643318176270e+00
1.762724280357360840e+00 1.306149721145629883e+00 1.155864953994750977e+00
1.687102437019348145e+00 1.246209263801574707e+00 1.147722005844116211e+00
1.687608599662780762e+00 1.236086487770080566e+00 1.177034378051757812e+00
1.725529074668884277e+00 1.248757600784301758e+00 1.125568509101867676e+00
1.707544207572937012e+00 1.282632589340209961e+00 1.154042720794677734e+00
1.605150938034057617e+00 1.215272068977355957e+00 1.135257244110107422e+00
1.622863888740539551e+00 1.278168559074401855e+00 1.210166931152343750e+00
1.744949936866760254e+00 1.308588266372680664e+00 1.253453969955444336e+00
1.686827540397644043e+00 1.354414701461791992e+00 1.147521615028381348e+00
1.729583621025085449e+00 1.277594566345214844e+00 1.206898331642150879e+00
1.625355720520019531e+00 1.282972455024719238e+00 1.121969103813171387e+00
1.731380224227905273e+00 1.232728719711303711e+00 1.153345704078674316e+00
1.595870018005371094e+00 1.279638051986694336e+00 1.216832637786865234e+00
1.654067397117614746e+00 1.276957869529724121e+00 1.265399575233459473e+00
1.651777863502502441e+00 1.251172661781311035e+00 1.199429869651794434e+00
1.734326958656311035e+00 1.273784160614013672e+00 1.194229006767272949e+00
1.687662363052368164e+00 1.274534583091735840e+00 1.210001707077026367e+00
1.643100619316101074e+00 1.305257201194763184e+00 1.202122569084167480e+00
1.662356615066528320e+00 1.299504280090332031e+00 1.210478782653808594e+00
1.605084896087646484e+00 1.271419167518615723e+00 1.155058264732360840e+00
1.697524309158325195e+00 1.270233392715454102e+00 1.131599068641662598e+00
1.698300361633300781e+00 1.273440480232238770e+00 1.262508153915405273e+00
1.788889884948730469e+00 1.246046781539916992e+00 1.156053900718688965e+00
1.759519457817077637e+00 1.304430842399597168e+00 1.270735621452331543e+00
1.762589097023010254e+00 1.323797225952148438e+00 1.171037793159484863e+00
1.706935048103332520e+00 1.300695657730102539e+00 1.127315759658813477e+00
1.685316085815429688e+00 1.257559061050415039e+00 1.150080800056457520e+00
1.758257031440734863e+00 1.285211443901062012e+00 1.208806633949279785e+00
1.678336620330810547e+00 1.307987451553344727e+00 1.170489430427551270e+00
1.641667127609252930e+00 1.299803495407104492e+00 1.212424874305725098e+00
1.698123097419738770e+00 1.306505322456359863e+00 1.166482448577880859e+00
1.739194273948669434e+00 1.292333126068115234e+00 1.207275748252868652e+00
1.701041579246520996e+00 1.275326132774353027e+00 1.116953730583190918e+00
1.716076135635375977e+00 1.291665554046630859e+00 1.151410937309265137e+00
1.644031882286071777e+00 1.275057435035705566e+00 1.158295750617980957e+00
1.775840640068054199e+00 1.238760352134704590e+00 1.233978390693664551e+00
1.705289244651794434e+00 1.322972774505615234e+00 1.187333822250366211e+00
1.720676422119140625e+00 1.286619901657104492e+00 1.167334079742431641e+00
1.759359002113342285e+00 1.323501110076904297e+00 1.178800702095031738e+00
1.639409899711608887e+00 1.213630676269531250e+00 1.114005088806152344e+00
1.764217138290405273e+00 1.255659699440002441e+00 1.170689225196838379e+00
1.748255252838134766e+00 1.321548223495483398e+00 1.202811360359191895e+00
1.693813204765319824e+00 1.280227541923522949e+00 1.187139868736267090e+00
1.661414504051208496e+00 1.232139348983764648e+00 1.238472819328308105e+00
1.726476788520812988e+00 1.242649793624877930e+00 1.150260567665100098e+00
1.789765477180480957e+00 1.306994199752807617e+00 1.260731339454650879e+00
1.642473220825195312e+00 1.263366937637329102e+00 1.177606582641601562e+00
1.735215067863464355e+00 1.207437038421630859e+00 1.141728162765502930e+00
1.768171429634094238e+00 1.258280873298645020e+00 1.179616212844848633e+00
1.749188542366027832e+00 1.288901329040527344e+00 1.209054589271545410e+00
1.669838547706604004e+00 1.323012113571166992e+00 1.180866003036499023e+00
1.727618694305419922e+00 1.299888849258422852e+00 1.215298295021057129e+00
1.582678794860839844e+00 1.273154377937316895e+00 1.150504469871520996e+00
1.776188731193542480e+00 1.316495060920715332e+00 1.256864190101623535e+00
1.684611082077026367e+00 1.317699551582336426e+00 1.104691267013549805e+00
1.706489682197570801e+00 1.226326465606689453e+00 1.120106101036071777e+00
1.754476428031921387e+00 1.173910856246948242e+00 1.223999381065368652e+00
1.706266760826110840e+00 1.240465283393859863e+00 1.189435362815856934e+00
1.714040756225585938e+00 1.280018568038940430e+00 1.190453290939331055e+00
1.741162300109863281e+00 1.277456402778625488e+00 1.276795864105224609e+00
1.745167613029479980e+00 1.291787862777709961e+00 1.240226626396179199e+00
1.760916352272033691e+00 1.261118054389953613e+00 1.232714772224426270e+00
1.606555581092834473e+00 1.215675473213195801e+00 1.194711565971374512e+00
1.746003150939941406e+00 1.289978384971618652e+00 1.128612279891967773e+00
1.747027754783630371e+00 1.276926279067993164e+00 1.201826810836791992e+00
1.665953516960144043e+00 1.277059912681579590e+00 1.106596350669860840e+00
1.682934522628784180e+00 1.339831113815307617e+00 1.174412727355957031e+00
1.686860203742980957e+00 1.264571547508239746e+00 1.190362453460693359e+00
1.712100267410278320e+00 1.243384838104248047e+00 1.147827625274658203e+00
1.708451390266418457e+00 1.215804219245910645e+00 1.170892953872680664e+00
1.695137381553649902e+00 1.268021345138549805e+00 1.173332571983337402e+00
1.711765527725219727e+00 1.237259268760681152e+00 1.259703040122985840e+00
1.680291771888732910e+00 1.263821125030517578e+00 1.214375019073486328e+00
1.778491735458374023e+00 1.273113489151000977e+00 1.164881587028503418e+00
1.656151533126831055e+00 1.232457160949707031e+00 1.171975731849670410e+00
1.799872636795043945e+00 1.260827422142028809e+00 1.226827263832092285e+00
1.752047061920166016e+00 1.285048842430114746e+00 1.363812565803527832e+00
1.702279090881347656e+00 1.288877725601196289e+00 1.169455647468566895e+00
1.708224296569824219e+00 1.301181077957153320e+00 1.229969978332519531e+00
1.741214871406555176e+00 1.230619430541992188e+00 1.192300915718078613e+00
1.690045714378356934e+00 1.278919219970703125e+00 1.203629016876220703e+00
1.720413684844970703e+00 1.287584185600280762e+00 1.125629425048828125e+00
1.696262478828430176e+00 1.328950762748718262e+00 1.164284944534301758e+00
1.684657931327819824e+00 1.263071179389953613e+00 1.160913705825805664e+00
1.699567794799804688e+00 1.257495403289794922e+00 1.213753342628479004e+00
1.658596396446228027e+00 1.338389873504638672e+00 1.285178303718566895e+00
1.697206497192382812e+00 1.274255871772766113e+00 1.155520796775817871e+00
1.603279829025268555e+00 1.331506013870239258e+00 1.119554877281188965e+00
1.617372393608093262e+00 1.325764775276184082e+00 1.217746496200561523e+00
1.752972245216369629e+00 1.263214707374572754e+00 1.165632963180541992e+00
1.664614439010620117e+00 1.221920728683471680e+00 1.258758187294006348e+00
1.729438304901123047e+00 1.274636387825012207e+00 1.220397472381591797e+00
1.651789426803588867e+00 1.289171576499938965e+00 1.193122506141662598e+00
1.661171555519104004e+00 1.333358287811279297e+00 1.130252003669738770e+00
1.798218846321105957e+00 1.240236163139343262e+00 1.207304954528808594e+00
1.795943379402160645e+00 1.289790749549865723e+00 1.180032730102539062e+00
1.736919641494750977e+00 1.311969518661499023e+00 1.202445983886718750e+00
1.679599404335021973e+00 1.234407901763916016e+00 1.150329828262329102e+00
1.696632742881774902e+00 1.325123786926269531e+00 1.207273483276367188e+00
1.764303684234619141e+00 1.319437384605407715e+00 1.102527022361755371e+00
1.725046396255493164e+00 1.255578160285949707e+00 1.202839732170104980e+00
1.698019146919250488e+00 1.254499673843383789e+00 1.206121325492858887e+00
1.684411525726318359e+00 1.255654096603393555e+00 1.260257959365844727e+00
1.645865797996520996e+00 1.257686018943786621e+00 1.221277713775634766e+00
1.731746792793273926e+00 1.184944272041320801e+00 1.175878047943115234e+00
1.750471115112304688e+00 1.270848870277404785e+00 1.061295628547668457e+00
1.724703431129455566e+00 1.277019739151000977e+00 1.226678490638732910e+00
1.717971563339233398e+00 1.216355323791503906e+00 1.252405881881713867e+00
1.685842394828796387e+00 1.332385778427124023e+00 1.225973486900329590e+00
1.705028653144836426e+00 1.302381634712219238e+00 1.172299146652221680e+00
1.691456913948059082e+00 1.240417957305908203e+00 1.143637418746948242e+00
1.705686450004577637e+00 1.301498889923095703e+00 1.181452393531799316e+00
1.740434885025024414e+00 1.225641608238220215e+00 1.180034756660461426e+00
1.689756393432617188e+00 1.219413876533508301e+00 1.222690939903259277e+00
1.740471839904785156e+00 1.275725722312927246e+00 1.210461735725402832e+00
1.653666257858276367e+00 1.344623208045959473e+00 1.226972579956054688e+00
1.708614349365234375e+00 1.324148893356323242e+00 1.257328748703002930e+00
1.685876965522766113e+00 1.326837897300720215e+00 1.303661227226257324e+00
1.764972209930419922e+00 1.227711439132690430e+00 1.210122942924499512e+00
1.708436846733093262e+00 1.263076186180114746e+00 1.214133262634277344e+00
1.816998004913330078e+00 1.327052235603332520e+00 1.159407615661621094e+00
1.641545057296752930e+00 1.211585164070129395e+00 1.246725916862487793e+00
1.746916532516479492e+00 1.266260623931884766e+00 1.277343511581420898e+00
1.758634686470031738e+00 1.286190986633300781e+00 1.202583074569702148e+00
1.669818520545959473e+00 1.350442886352539062e+00 1.139974236488342285e+00
1.742557883262634277e+00 1.281847000122070312e+00 1.150085687637329102e+00
1.732455968856811523e+00 1.229907393455505371e+00 1.258114457130432129e+00
1.681837081909179688e+00 1.260574698448181152e+00 1.213137388229370117e+00
1.675857424736022949e+00 1.284291863441467285e+00 1.120314955711364746e+00
1.712143063545227051e+00 1.277128338813781738e+00 1.193220615386962891e+00
1.696435809135437012e+00 1.295608401298522949e+00 1.183233857154846191e+00
1.770337343215942383e+00 1.313440799713134766e+00 1.226251602172851562e+00
1.730933666229248047e+00 1.306911349296569824e+00 1.131083726882934570e+00
1.667904496192932129e+00 1.242604136466979980e+00 1.222824454307556152e+00
1.843651533126831055e+00 1.240860104560852051e+00 1.205929398536682129e+00
1.781397581100463867e+00 1.286534309387207031e+00 1.121206641197204590e+00
1.721782803535461426e+00 1.267091155052185059e+00 1.203870177268981934e+00
1.714128255844116211e+00 1.273544549942016602e+00 1.162338018417358398e+00
1.756727099418640137e+00 1.201805710792541504e+00 1.227773547172546387e+00
1.587912917137145996e+00 1.287788748741149902e+00 1.215246796607971191e+00
1.650617480278015137e+00 1.257302045822143555e+00 1.210535407066345215e+00
1.603318452835083008e+00 1.284979581832885742e+00 1.244606971740722656e+00
1.682758212089538574e+00 1.261575222015380859e+00 1.251842379570007324e+00
1.676750659942626953e+00 1.251808285713195801e+00 1.088764905929565430e+00
1.682198524475097656e+00 1.322636604309082031e+00 1.171963334083557129e+00
1.739256858825683594e+00 1.239043474197387695e+00 1.151287436485290527e+00
1.694875836372375488e+00 1.274998188018798828e+00 1.236521005630493164e+00
1.742149353027343750e+00 1.274607300758361816e+00 1.112418293952941895e+00
1.689310669898986816e+00 1.307751178741455078e+00 1.216769933700561523e+00
1.679420828819274902e+00 1.191723585128784180e+00 1.297259092330932617e+00
1.744781017303466797e+00 1.257115602493286133e+00 1.120475053787231445e+00
1.728511452674865723e+00 1.283376336097717285e+00 1.116010665893554688e+00
1.646936535835266113e+00 1.318778991699218750e+00 1.316301107406616211e+00
1.650833964347839355e+00 1.307492852210998535e+00 1.193979144096374512e+00
1.660168051719665527e+00 1.331057429313659668e+00 1.260233283042907715e+00
1.765371561050415039e+00 1.309474945068359375e+00 1.192075729370117188e+00
1.679819226264953613e+00 1.296454787254333496e+00 1.291150569915771484e+00
1.746358513832092285e+00 1.313357353210449219e+00 1.174415946006774902e+00
1.754604935646057129e+00 1.269015908241271973e+00 1.195625901222229004e+00
1.785163164138793945e+00 1.257218480110168457e+00 1.138405084609985352e+00
1.732477068901062012e+00 1.313105106353759766e+00 1.254729747772216797e+00
1.736956954002380371e+00 1.194606781005859375e+00 1.212898015975952148e+00
1.708907008171081543e+00 1.190906643867492676e+00 1.161784887313842773e+00
1.695695877075195312e+00 1.306325197219848633e+00 1.169790625572204590e+00
1.715960264205932617e+00 1.281925559043884277e+00 1.268607854843139648e+00
1.801825165748596191e+00 1.266843438148498535e+00 1.160949349403381348e+00
1.665155410766601562e+00 1.245899319648742676e+00 1.264681816101074219e+00
1.638155937194824219e+00 1.289493560791015625e+00 1.156612038612365723e+00
1.662488818168640137e+00 1.252583980560302734e+00 1.157906055450439453e+00
1.736534118652343750e+00 1.331934452056884766e+00 1.180398225784301758e+00
1.710021018981933594e+00 1.241774559020996094e+00 1.179116964340209961e+00
1.796341180801391602e+00 1.341788768768310547e+00 1.221384048461914062e+00
1.670566320419311523e+00 1.261347770690917969e+00 1.190249800682067871e+00
1.685389161109924316e+00 1.298491716384887695e+00 1.228959798812866211e+00
1.717221498489379883e+00 1.264203667640686035e+00 1.202147841453552246e+00
1.671910762786865234e+00 1.315922141075134277e+00 1.181687474250793457e+00
1.679503798484802246e+00 1.296909451484680176e+00 1.072237849235534668e+00
1.652309298515319824e+00 1.246034741401672363e+00 1.126889228820800781e+00
1.736292123794555664e+00 1.262871980667114258e+00 1.200804352760314941e+00
1.802115559577941895e+00 1.250875115394592285e+00 1.194790124893188477e+00
1.620787262916564941e+00 1.224061489105224609e+00 1.251302480697631836e+00
1.651423931121826172e+00 1.368169665336608887e+00 1.125096082687377930e+00
1.642304062843322754e+00 1.260505437850952148e+00 1.184611439704895020e+00
1.794027924537658691e+00 1.227805733680725098e+00 1.218756437301635742e+00
1.742617607116699219e+00 1.229713082313537598e+00 1.177839994430541992e+00
1.658161640167236328e+00 1.376736879348754883e+00 1.209301948547363281e+00
1.694522857666015625e+00 1.291884303092956543e+00 1.125853896141052246e+00
1.683772444725036621e+00 1.218259572982788086e+00 1.197177410125732422e+00
1.713036894798278809e+00 1.245433330535888672e+00 1.155781149864196777e+00
1.637258648872375488e+00 1.273117661476135254e+00 1.188644170761108398e+00
1.631715655326843262e+00 1.303010821342468262e+00 1.168358325958251953e+00
1.718610882759094238e+00 1.250722765922546387e+00 1.146385192871093750e+00
1.701076507568359375e+00 1.280975222587585449e+00 1.197453975677490234e+00
1.757195115089416504e+00 1.246238231658935547e+00 1.257904171943664551e+00
1.767801403999328613e+00 1.290682315826416016e+00 1.219878792762756348e+00
1.631670236587524414e+00 1.269873499870300293e+00 1.231885433197021484e+00
1.729709744453430176e+00 1.233926296234130859e+00 1.171915054321289062e+00
1.656165122985839844e+00 1.235357284545898438e+00 1.207303166389465332e+00
1.682560920715332031e+00 1.307291150093078613e+00 1.178128480911254883e+00
1.720755219459533691e+00 1.270684242248535156e+00 1.271211028099060059e+00
1.682953000068664551e+00 1.296048164367675781e+00 1.170673489570617676e+00
1.662583589553833008e+00 1.283231735229492188e+00 1.220142245292663574e+00
1.758538961410522461e+00 1.266113162040710449e+00 1.141894936561584473e+00
1.770683407783508301e+00 1.249950528144836426e+00 1.188181161880493164e+00
1.560178875923156738e+00 1.259363412857055664e+00 1.222133278846740723e+00
1.665950655937194824e+00 1.232046365737915039e+00 1.311061978340148926e+00
1.769124507904052734e+00 1.325561165809631348e+00 1.243067145347595215e+00
1.659058570861816406e+00 1.331416487693786621e+00 1.224997758865356445e+00
1.654698967933654785e+00 1.233774900436401367e+00 1.191551446914672852e+00
1.591540455818176270e+00 1.328118681907653809e+00 1.192878484725952148e+00
1.692555308341979980e+00 1.269890546798706055e+00 1.230203866958618164e+00
1.743157863616943359e+00 1.233198046684265137e+00 1.216748595237731934e+00
1.641318678855895996e+00 1.296266317367553711e+00 1.066751003265380859e+00
1.734746217727661133e+00 1.255818843841552734e+00 1.200280070304870605e+00
1.727998852729797363e+00 1.288710117340087891e+00 1.161713957786560059e+00
1.682142615318298340e+00 1.339023232460021973e+00 1.240255594253540039e+00
1.601810097694396973e+00 1.261996746063232422e+00 1.182495713233947754e+00
1.649682164192199707e+00 1.273460507392883301e+00 1.213770270347595215e+00
1.663149356842041016e+00 1.276414513587951660e+00 1.175130724906921387e+00
1.653954505920410156e+00 1.267688512802124023e+00 1.208851814270019531e+00
1.711837768554687500e+00 1.292551755905151367e+00 1.251730203628540039e+00
1.762111544609069824e+00 1.273723602294921875e+00 1.177319169044494629e+00
1.662564158439636230e+00 1.312908172607421875e+00 1.224338889122009277e+00
1.668765068054199219e+00 1.270075678825378418e+00 1.148682594299316406e+00
1.787867307662963867e+00 1.296336770057678223e+00 1.125881075859069824e+00
1.729227185249328613e+00 1.325095057487487793e+00 1.227607011795043945e+00
1.654767632484436035e+00 1.285936236381530762e+00 1.182075500488281250e+00
1.745123386383056641e+00 1.263754725456237793e+00 1.149030804634094238e+00
1.641341209411621094e+00 1.249513983726501465e+00 1.150030970573425293e+00
1.730041146278381348e+00 1.223405241966247559e+00 1.108922362327575684e+00
1.641974925994873047e+00 1.238703727722167969e+00 1.118427872657775879e+00
1.608011484146118164e+00 1.206052899360656738e+00 1.150575399398803711e+00
1.739095330238342285e+00 1.254425883293151855e+00 1.181215405464172363e+00
1.732132196426391602e+00 1.296681284904479980e+00 1.200958013534545898e+00
1.691909551620483398e+00 1.264237999916076660e+00 1.320516347885131836e+00
1.705407619476318359e+00 1.317460656166076660e+00 1.216930270195007324e+00
1.675690054893493652e+00 1.337650775909423828e+00 1.225849270820617676e+00
1.786800384521484375e+00 1.217631936073303223e+00 1.306560993194580078e+00
1.756845235824584961e+00 1.374531745910644531e+00 1.209262132644653320e+00
1.730723500251770020e+00 1.321050405502319336e+00 1.184606432914733887e+00
1.711856484413146973e+00 1.232803225517272949e+00 1.097788453102111816e+00
1.716557860374450684e+00 1.281085371971130371e+00 1.172627329826354980e+00
1.733858227729797363e+00 1.286803722381591797e+00 1.150002360343933105e+00
1.722613573074340820e+00 1.289046645164489746e+00 1.206560015678405762e+00
1.725153326988220215e+00 1.266779184341430664e+00 1.198560953140258789e+00
1.677676200866699219e+00 1.293228626251220703e+00 1.184868097305297852e+00
1.723810791969299316e+00 1.302022576332092285e+00 1.328129172325134277e+00
1.659509062767028809e+00 1.305372953414916992e+00 1.197015285491943359e+00
1.728208184242248535e+00 1.355039715766906738e+00 1.183469653129577637e+00
1.654914140701293945e+00 1.341083884239196777e+00 1.073816061019897461e+00
1.626297473907470703e+00 1.308022260665893555e+00 1.262395977973937988e+00
1.681514024734497070e+00 1.329455018043518066e+00 1.213959693908691406e+00
1.641988992691040039e+00 1.280375838279724121e+00 1.211129188537597656e+00
1.715954542160034180e+00 1.269224166870117188e+00 1.111925959587097168e+00
1.605580091476440430e+00 1.306349992752075195e+00 1.236515164375305176e+00
1.639318227767944336e+00 1.311646699905395508e+00 1.118861198425292969e+00
1.721089124679565430e+00 1.295290827751159668e+00 1.155903816223144531e+00
1.766625285148620605e+00 1.314111232757568359e+00 1.166750669479370117e+00
1.683539032936096191e+00 1.218988656997680664e+00 1.306085228919982910e+00
1.639713287353515625e+00 1.282344818115234375e+00 1.079825043678283691e+00
1.621813535690307617e+00 1.300077557563781738e+00 1.243425488471984863e+00
1.645326018333435059e+00 1.284601926803588867e+00 1.216580986976623535e+00
1.670907616615295410e+00 1.303780555725097656e+00 1.132491230964660645e+00
1.719757914543151855e+00 1.278746008872985840e+00 1.178502798080444336e+00
1.673282623291015625e+00 1.313663721084594727e+00 1.198131203651428223e+00
1.711513042449951172e+00 1.291798949241638184e+00 1.138803720474243164e+00
1.743290185928344727e+00 1.327604055404663086e+00 1.231674194335937500e+00
1.689633131027221680e+00 1.286989450454711914e+00 1.091124415397644043e+00
1.631997823715209961e+00 1.263254642486572266e+00 1.197812199592590332e+00
1.764182209968566895e+00 1.254944920539855957e+00 1.214309930801391602e+00
1.724176883697509766e+00 1.290844559669494629e+00 1.117663502693176270e+00
1.797230124473571777e+00 1.290128231048583984e+00 1.129304885864257812e+00
1.661235332489013672e+00 1.327654719352722168e+00 1.243758797645568848e+00
1.671086668968200684e+00 1.247505784034729004e+00 1.093504428863525391e+00
1.649500370025634766e+00 1.288797855377197266e+00 1.164689421653747559e+00
1.772801280021667480e+00 1.276720404624938965e+00 1.250690221786499023e+00
1.674952745437622070e+00 1.240873813629150391e+00 1.143006324768066406e+00
1.675462961196899414e+00 1.276050090789794922e+00 1.226487398147583008e+00
1.614411354064941406e+00 1.216636896133422852e+00 1.252464532852172852e+00
1.776859879493713379e+00 1.252711176872253418e+00 1.227369904518127441e+00
1.725656390190124512e+00 1.309492230415344238e+00 1.200981020927429199e+00
1.711573839187622070e+00 1.285634517669677734e+00 1.222788214683532715e+00
1.679334878921508789e+00 1.198960661888122559e+00 1.274259924888610840e+00
1.657762169837951660e+00 1.272754549980163574e+00 1.232873916625976562e+00
1.736120223999023438e+00 1.204798936843872070e+00 1.148022890090942383e+00
1.618081092834472656e+00 1.246596693992614746e+00 1.241639018058776855e+00
1.658238887786865234e+00 1.246955871582031250e+00 1.198540568351745605e+00
1.679548144340515137e+00 1.273402810096740723e+00 1.251651525497436523e+00
1.698833942413330078e+00 1.233165621757507324e+00 1.169960737228393555e+00
1.655533790588378906e+00 1.320354580879211426e+00 1.209403991699218750e+00
1.643348455429077148e+00 1.368355989456176758e+00 1.143574237823486328e+00
1.631883740425109863e+00 1.295913100242614746e+00 1.293010830879211426e+00
1.786148548126220703e+00 1.303413271903991699e+00 1.220470905303955078e+00
1.732187867164611816e+00 1.287528514862060547e+00 1.165808320045471191e+00
1.706260919570922852e+00 1.308169007301330566e+00 1.254428863525390625e+00
1.689087390899658203e+00 1.321927905082702637e+00 1.117716789245605469e+00
1.740965604782104492e+00 1.252900481224060059e+00 1.171457886695861816e+00
1.669734716415405273e+00 1.321807622909545898e+00 1.149526596069335938e+00
1.707147121429443359e+00 1.258872509002685547e+00 1.133199334144592285e+00
1.777296423912048340e+00 1.198610663414001465e+00 1.203514814376831055e+00
1.760320782661437988e+00 1.273135185241699219e+00 1.126417517662048340e+00
1.725845336914062500e+00 1.288714408874511719e+00 1.212672710418701172e+00
1.684348106384277344e+00 1.228157162666320801e+00 1.194167494773864746e+00
1.592318534851074219e+00 1.274719953536987305e+00 1.206618905067443848e+00
1.694611907005310059e+00 1.281273007392883301e+00 1.266538143157958984e+00
1.699690937995910645e+00 1.300923585891723633e+00 1.231009483337402344e+00
1.665166854858398438e+00 1.306144952774047852e+00 1.214411616325378418e+00
1.713822841644287109e+00 1.331428527832031250e+00 1.126986503601074219e+00
1.681300997734069824e+00 1.280937910079956055e+00 1.175900816917419434e+00
1.724153637886047363e+00 1.312868833541870117e+00 1.241992235183715820e+00
1.681500196456909180e+00 1.240486145019531250e+00 1.164350509643554688e+00
1.660237908363342285e+00 1.296170592308044434e+00 1.202007412910461426e+00
1.661425709724426270e+00 1.253406405448913574e+00 1.255991101264953613e+00
1.643802404403686523e+00 1.270297050476074219e+00 1.197068691253662109e+00
1.676737546920776367e+00 1.251520872116088867e+00 1.165918707847595215e+00
1.643572211265563965e+00 1.173457741737365723e+00 1.253544569015502930e+00
1.601916074752807617e+00 1.264857053756713867e+00 1.235551118850708008e+00
1.779949545860290527e+00 1.303536415100097656e+00 1.145100474357604980e+00
1.706145286560058594e+00 1.213383793830871582e+00 1.295285224914550781e+00
1.659649133682250977e+00 1.284679174423217773e+00 1.166598796844482422e+00
1.732811450958251953e+00 1.243636369705200195e+00 1.158736467361450195e+00
1.690930724143981934e+00 1.242860913276672363e+00 1.208716392517089844e+00
1.651187539100646973e+00 1.306208133697509766e+00 1.220879912376403809e+00
1.684837341308593750e+00 1.264068961143493652e+00 1.121055603027343750e+00
1.730907201766967773e+00 1.299925327301025391e+00 1.236180663108825684e+00
1.679238796234130859e+00 1.279462933540344238e+00 1.321137547492980957e+00
1.765397071838378906e+00 1.303032040596008301e+00 1.180838346481323242e+00
1.644836664199829102e+00 1.322215676307678223e+00 1.168594837188720703e+00
1.695795774459838867e+00 1.273299694061279297e+00 1.154970526695251465e+00
1.714784026145935059e+00 1.251627326011657715e+00 1.097711086273193359e+00
1.695938229560852051e+00 1.219234228134155273e+00 1.170121312141418457e+00
1.781759619712829590e+00 1.260505795478820801e+00 1.250281929969787598e+00
1.667316675186157227e+00 1.231119036674499512e+00 1.135440468788146973e+00
1.656814455986022949e+00 1.204440474510192871e+00 1.242497324943542480e+00
1.731303453445434570e+00 1.314405202865600586e+00 1.210895895957946777e+00
1.834637641906738281e+00 1.264219164848327637e+00 1.202881693840026855e+00
1.790344834327697754e+00 1.300364971160888672e+00 1.211662650108337402e+00
1.734392523765563965e+00 1.296485066413879395e+00 1.227722048759460449e+00
1.639564514160156250e+00 1.312623739242553711e+00 1.228815555572509766e+00
1.756682753562927246e+00 1.219908356666564941e+00 1.165459156036376953e+00
1.741355776786804199e+00 1.277361750602722168e+00 1.235317230224609375e+00
1.649329900741577148e+00 1.270474791526794434e+00 1.157127022743225098e+00
1.692054510116577148e+00 1.195586800575256348e+00 1.196350336074829102e+00
1.730019330978393555e+00 1.278906464576721191e+00 1.138345956802368164e+00
1.646348714828491211e+00 1.296664357185363770e+00 1.166189193725585938e+00
1.749696493148803711e+00 1.258699655532836914e+00 1.189048528671264648e+00
1.702164173126220703e+00 1.239943146705627441e+00 1.195018649101257324e+00
1.719865918159484863e+00 1.257419824600219727e+00 1.158977985382080078e+00
1.659914135932922363e+00 1.195325374603271484e+00 1.210204124450683594e+00
1.752630472183227539e+00 1.271173954010009766e+00 1.251661419868469238e+00
1.571557521820068359e+00 1.252933502197265625e+00 1.272851109504699707e+00
1.806633710861206055e+00 1.171804189682006836e+00 1.160894632339477539e+00
1.738255977630615234e+00 1.272379040718078613e+00 1.213365077972412109e+00
1.681120276451110840e+00 1.272056460380554199e+00 1.228884339332580566e+00
1.619618535041809082e+00 1.249140501022338867e+00 1.191145300865173340e+00
1.755098819732666016e+00 1.272348880767822266e+00 1.206569910049438477e+00
1.769139051437377930e+00 1.257755398750305176e+00 1.258123874664306641e+00
1.652719378471374512e+00 1.222981214523315430e+00 1.237112283706665039e+00
1.602323293685913086e+00 1.230618953704833984e+00 1.125289559364318848e+00
1.696828961372375488e+00 1.320091009140014648e+00 1.202474236488342285e+00
1.732318639755249023e+00 1.321590304374694824e+00 1.153553128242492676e+00
1.630506992340087891e+00 1.244218468666076660e+00 1.200546145439147949e+00
1.681115031242370605e+00 1.219899535179138184e+00 1.173730134963989258e+00
1.649720311164855957e+00 1.302547335624694824e+00 1.272785544395446777e+00
1.670865774154663086e+00 1.197120189666748047e+00 1.194729089736938477e+00
1.733775615692138672e+00 1.308873653411865234e+00 1.193742990493774414e+00
1.701228260993957520e+00 1.245673298835754395e+00 1.196697473526000977e+00
1.682710766792297363e+00 1.331844329833984375e+00 1.182127237319946289e+00
1.660803794860839844e+00 1.259388804435729980e+00 1.165984034538269043e+00
1.790662288665771484e+00 1.338089346885681152e+00 1.192241430282592773e+00
1.670651435852050781e+00 1.253530621528625488e+00 1.300213217735290527e+00
1.700489282608032227e+00 1.232521295547485352e+00 1.152322530746459961e+00
1.710372567176818848e+00 1.309388279914855957e+00 1.222569346427917480e+00
1.608858346939086914e+00 1.259943723678588867e+00 1.186628818511962891e+00
1.653217911720275879e+00 1.256293296813964844e+00 1.178847312927246094e+00
1.725852012634277344e+00 1.275803208351135254e+00 1.253780364990234375e+00
1.585798382759094238e+00 1.298014163970947266e+00 1.258775949478149414e+00
1.766479015350341797e+00 1.322124838829040527e+00 1.095241308212280273e+00
1.719665169715881348e+00 1.271705627441406250e+00 1.254881858825683594e+00
1.654332518577575684e+00 1.276215195655822754e+00 1.290732145309448242e+00
1.692394852638244629e+00 1.261047363281250000e+00 1.224837422370910645e+00
1.729801177978515625e+00 1.265906333923339844e+00 1.194619297981262207e+00
1.701854467391967773e+00 1.251441001892089844e+00 1.189350843429565430e+00
1.700040221214294434e+00 1.249073743820190430e+00 1.162242174148559570e+00
1.694099307060241699e+00 1.237447619438171387e+00 1.210259079933166504e+00
1.669908881187438965e+00 1.215526580810546875e+00 1.245115637779235840e+00
1.710685014724731445e+00 1.231663703918457031e+00 1.175726175308227539e+00
1.722216844558715820e+00 1.273284196853637695e+00 1.259409546852111816e+00
1.713073134422302246e+00 1.243292927742004395e+00 1.116660475730895996e+00
1.704783797264099121e+00 1.282368659973144531e+00 1.209720492362976074e+00
1.736692547798156738e+00 1.283237814903259277e+00 1.226602435111999512e+00
1.680961608886718750e+00 1.300417304039001465e+00 1.163617491722106934e+00
1.715824604034423828e+00 1.332027554512023926e+00 1.185274362564086914e+00
1.584415435791015625e+00 1.238348841667175293e+00 1.253534674644470215e+00
1.662152528762817383e+00 1.200955510139465332e+00 1.223803043365478516e+00
1.710592746734619141e+00 1.314498901367187500e+00 1.170782446861267090e+00
1.660787820816040039e+00 1.265444040298461914e+00 1.230983853340148926e+00
1.689493417739868164e+00 1.295030236244201660e+00 1.052042961120605469e+00
1.734822034835815430e+00 1.322507977485656738e+00 1.233898878097534180e+00
1.628829836845397949e+00 1.251734852790832520e+00 1.118660569190979004e+00
1.719596147537231445e+00 1.228727221488952637e+00 1.262563586235046387e+00
1.670458793640136719e+00 1.298526048660278320e+00 1.194878935813903809e+00
1.717896342277526855e+00 1.207675099372863770e+00 1.246501922607421875e+00
1.634207248687744141e+00 1.286542654037475586e+00 1.203920483589172363e+00
1.650050163269042969e+00 1.280837297439575195e+00 1.197577834129333496e+00
1.703787803649902344e+00 1.343606829643249512e+00 1.194125533103942871e+00
1.642173171043395996e+00 1.330163359642028809e+00 1.184347271919250488e+00
1.677873015403747559e+00 1.266357541084289551e+00 1.217731356620788574e+00
1.657149434089660645e+00 1.285141229629516602e+00 1.177638411521911621e+00
1.672101259231567383e+00 1.261795520782470703e+00 1.197510719299316406e+00
1.694720745086669922e+00 1.210451960563659668e+00 1.239256978034973145e+00
1.658083319664001465e+00 1.295862913131713867e+00 1.227865576744079590e+00
1.654669284820556641e+00 1.279075503349304199e+00 1.218102335929870605e+00
1.717342257499694824e+00 1.279755592346191406e+00 1.165386080741882324e+00
1.730058908462524414e+00 1.227809190750122070e+00 1.258772492408752441e+00
1.754746913909912109e+00 1.268612742424011230e+00 1.135150313377380371e+00
1.675604820251464844e+00 1.265444040298461914e+00 1.210787415504455566e+00
1.734168052673339844e+00 1.235229015350341797e+00 1.141707062721252441e+00
1.634661316871643066e+00 1.295711874961853027e+00 1.192850589752197266e+00
1.614423274993896484e+00 1.250805616378784180e+00 1.210194230079650879e+00
1.728480100631713867e+00 1.278864502906799316e+00 1.239191889762878418e+00
1.691248178482055664e+00 1.292181730270385742e+00 1.224809408187866211e+00
1.775917768478393555e+00 1.259999394416809082e+00 1.241729974746704102e+00
1.710962891578674316e+00 1.270941019058227539e+00 1.181658148765563965e+00
1.701329350471496582e+00 1.299047470092773438e+00 1.194267988204956055e+00
1.767469286918640137e+00 1.371332049369812012e+00 1.164455413818359375e+00
1.782364368438720703e+00 1.231166481971740723e+00 1.192022800445556641e+00
1.657635569572448730e+00 1.265829086303710938e+00 1.182445406913757324e+00
1.726428866386413574e+00 1.367015957832336426e+00 1.179879188537597656e+00
1.659829974174499512e+00 1.334572672843933105e+00 1.135652542114257812e+00
1.667251229286193848e+00 1.329115271568298340e+00 1.197512745857238770e+00
1.789267063140869141e+00 1.264313817024230957e+00 1.242830157279968262e+00
1.673169255256652832e+00 1.301850795745849609e+00 1.222921490669250488e+00
1.681461453437805176e+00 1.249597191810607910e+00 1.164649486541748047e+00
1.627055048942565918e+00 1.211898446083068848e+00 1.206519365310668945e+00
1.692163705825805664e+00 1.248090028762817383e+00 1.216630816459655762e+00
1.722440481185913086e+00 1.220332145690917969e+00 1.299335002899169922e+00
1.698396205902099609e+00 1.293816328048706055e+00 1.229515552520751953e+00
1.750775575637817383e+00 1.314209461212158203e+00 1.235743880271911621e+00
1.778390407562255859e+00 1.285954833030700684e+00 1.266971945762634277e+00
1.593055725097656250e+00 1.226779103279113770e+00 1.209905743598937988e+00
1.809174418449401855e+00 1.235842585563659668e+00 1.135474681854248047e+00
1.794374346733093262e+00 1.306006431579589844e+00 1.277839541435241699e+00
1.716583251953125000e+00 1.270568490028381348e+00 1.202861309051513672e+00
1.679195046424865723e+00 1.214414477348327637e+00 1.163344860076904297e+00
1.726244568824768066e+00 1.347790241241455078e+00 1.190300941467285156e+00
1.731969952583312988e+00 1.265792369842529297e+00 1.234184622764587402e+00
1.700463294982910156e+00 1.309643745422363281e+00 1.192554354667663574e+00
1.719512820243835449e+00 1.264670729637145996e+00 1.177776694297790527e+00
1.765265583992004395e+00 1.342584013938903809e+00 1.312229633331298828e+00
1.758970618247985840e+00 1.241633653640747070e+00 1.141963124275207520e+00
1.756858706474304199e+00 1.214697480201721191e+00 1.183312892913818359e+00
1.683238863945007324e+00 1.268433690071105957e+00 1.207099914550781250e+00
1.618081331253051758e+00 1.288961529731750488e+00 1.222032904624938965e+00
1.626736402511596680e+00 1.289840459823608398e+00 1.189287066459655762e+00
1.632853150367736816e+00 1.214309215545654297e+00 1.130828261375427246e+00
1.684507012367248535e+00 1.359054923057556152e+00 1.229654073715209961e+00
1.722702145576477051e+00 1.248176932334899902e+00 1.241430878639221191e+00
1.741178154945373535e+00 1.312599778175354004e+00 1.260597825050354004e+00
1.673209190368652344e+00 1.347121357917785645e+00 1.214778661727905273e+00
1.708817362785339355e+00 1.257488012313842773e+00 1.116614341735839844e+00
1.630268692970275879e+00 1.297295331954956055e+00 1.218858003616333008e+00
1.742534399032592773e+00 1.252196192741394043e+00 1.209447503089904785e+00
1.672783255577087402e+00 1.308053255081176758e+00 1.211017608642578125e+00
1.669153094291687012e+00 1.304776310920715332e+00 1.100275874137878418e+00
1.740510463714599609e+00 1.209620237350463867e+00 1.127949953079223633e+00
1.662563204765319824e+00 1.278825163841247559e+00 1.191188931465148926e+00
1.710935592651367188e+00 1.283801794052124023e+00 1.174590587615966797e+00
1.723369121551513672e+00 1.297590494155883789e+00 1.222582459449768066e+00
1.658747434616088867e+00 1.284405708312988281e+00 1.190139770507812500e+00
1.590358376502990723e+00 1.261320590972900391e+00 1.149426221847534180e+00
1.699080586433410645e+00 1.340600967407226562e+00 1.238590478897094727e+00
1.796007990837097168e+00 1.262966990470886230e+00 1.131601214408874512e+00
1.637974977493286133e+00 1.325667738914489746e+00 1.176182150840759277e+00
1.662731766700744629e+00 1.267924785614013672e+00 1.137626886367797852e+00
1.681492686271667480e+00 1.287896990776062012e+00 1.261940836906433105e+00
1.753950834274291992e+00 1.249921083450317383e+00 1.227948904037475586e+00
1.692947745323181152e+00 1.283750295639038086e+00 1.225437521934509277e+00
1.665636777877807617e+00 1.284260153770446777e+00 1.209570288658142090e+00
1.753175616264343262e+00 1.326232790946960449e+00 1.287189841270446777e+00
1.717838525772094727e+00 1.287088632583618164e+00 1.168735265731811523e+00
1.757235765457153320e+00 1.299521803855895996e+00 1.190090179443359375e+00
1.687042832374572754e+00 1.329732775688171387e+00 1.176803588867187500e+00
1.637307763099670410e+00 1.345878124237060547e+00 1.141152024269104004e+00
1.693859338760375977e+00 1.305493593215942383e+00 1.187927603721618652e+00
1.669096469879150391e+00 1.247008681297302246e+00 1.177808880805969238e+00
1.771971225738525391e+00 1.227269411087036133e+00 1.175366163253784180e+00
1.739112854003906250e+00 1.314733028411865234e+00 1.103015542030334473e+00
1.749683380126953125e+00 1.277791976928710938e+00 1.217083811759948730e+00
1.744304418563842773e+00 1.277585387229919434e+00 1.254748821258544922e+00
1.705105066299438477e+00 1.248892426490783691e+00 1.237437486648559570e+00
1.679997801780700684e+00 1.221990942955017090e+00 1.213412761688232422e+00
1.767491102218627930e+00 1.273621439933776855e+00 1.227491259574890137e+00
1.716013669967651367e+00 1.242166996002197266e+00 1.206440567970275879e+00
1.631559014320373535e+00 1.282069921493530273e+00 1.236457705497741699e+00
1.672577023506164551e+00 1.336971759796142578e+00 1.178684949874877930e+00
1.732276201248168945e+00 1.316881299018859863e+00 1.244001984596252441e+00
1.700428724288940430e+00 1.332830071449279785e+00 1.153900861740112305e+00
1.606281399726867676e+00 1.327695369720458984e+00 1.231828808784484863e+00
1.718266487121582031e+00 1.201386809349060059e+00 1.194645047187805176e+00
1.704979181289672852e+00 1.315711379051208496e+00 1.225959897041320801e+00
1.670118808746337891e+00 1.219599246978759766e+00 1.150817155838012695e+00
1.714152812957763672e+00 1.295020341873168945e+00 1.122417569160461426e+00
1.740291118621826172e+00 1.242106676101684570e+00 1.180172681808471680e+00
1.724053978919982910e+00 1.226256608963012695e+00 1.166599273681640625e+00
1.677754402160644531e+00 1.296057105064392090e+00 1.148500204086303711e+00
1.753102421760559082e+00 1.288362860679626465e+00 1.180229783058166504e+00
1.752336621284484863e+00 1.356948494911193848e+00 1.172279119491577148e+00
1.655217885971069336e+00 1.288242578506469727e+00 1.192587852478027344e+00
1.638974070549011230e+00 1.267723917961120605e+00 1.134343385696411133e+00
1.714575886726379395e+00 1.334457755088806152e+00 1.128028869628906250e+00
1.712159633636474609e+00 1.279151201248168945e+00 1.255356431007385254e+00
1.685826182365417480e+00 1.339100360870361328e+00 1.122415423393249512e+00
1.731936693191528320e+00 1.305921316146850586e+00 1.166055798530578613e+00
1.696449041366577148e+00 1.318615794181823730e+00 1.234242916107177734e+00
1.672489166259765625e+00 1.254842519760131836e+00 1.156384468078613281e+00
1.668394088745117188e+00 1.312575221061706543e+00 1.202779054641723633e+00
1.732826232910156250e+00 1.235352158546447754e+00 1.229617357254028320e+00
1.784081578254699707e+00 1.298188567161560059e+00 1.250494241714477539e+00
1.716986656188964844e+00 1.307520151138305664e+00 1.116483330726623535e+00
1.665663361549377441e+00 1.279981136322021484e+00 1.272627949714660645e+00
1.659212946891784668e+00 1.247788786888122559e+00 1.223160386085510254e+00
1.693652153015136719e+00 1.333684325218200684e+00 1.119245290756225586e+00
1.644849061965942383e+00 1.215434312820434570e+00 1.199611783027648926e+00
1.735566973686218262e+00 1.259944438934326172e+00 1.167703390121459961e+00
1.700955510139465332e+00 1.342809796333312988e+00 1.124915838241577148e+00
1.650099039077758789e+00 1.241948366165161133e+00 1.179705023765563965e+00
1.690531015396118164e+00 1.281471133232116699e+00 1.227376103401184082e+00
1.657770752906799316e+00 1.242952942848205566e+00 1.195303916931152344e+00
1.765484213829040527e+00 1.228274106979370117e+00 1.166558623313903809e+00
1.642747521400451660e+00 1.332322120666503906e+00 1.089365720748901367e+00
1.683360576629638672e+00 1.279926300048828125e+00 1.223979115486145020e+00
1.745867967605590820e+00 1.287874937057495117e+00 1.148384332656860352e+00
1.656446814537048340e+00 1.298891663551330566e+00 1.177517533302307129e+00
1.742966890335083008e+00 1.260975122451782227e+00 1.220605492591857910e+00
1.677027940750122070e+00 1.325072407722473145e+00 1.245293736457824707e+00
1.679783344268798828e+00 1.217741966247558594e+00 1.193754076957702637e+00
1.794630885124206543e+00 1.190612316131591797e+00 1.157793402671813965e+00
1.706830620765686035e+00 1.269950628280639648e+00 1.174921393394470215e+00
1.710502266883850098e+00 1.221828818321228027e+00 1.139583349227905273e+00
1.729220509529113770e+00 1.347062468528747559e+00 1.119533896446228027e+00
1.651293754577636719e+00 1.298152923583984375e+00 1.182767391204833984e+00
1.724678039550781250e+00 1.258084416389465332e+00 1.160663962364196777e+00
1.669229388236999512e+00 1.372770547866821289e+00 1.238344550132751465e+00
1.693669199943542480e+00 1.303944826126098633e+00 1.040378928184509277e+00
1.661618947982788086e+00 1.303269386291503906e+00 1.144768238067626953e+00
1.799735426902770996e+00 1.273471713066101074e+00 1.149662852287292480e+00
1.745357394218444824e+00 1.283437967300415039e+00 1.309665560722351074e+00
1.727824687957763672e+00 1.272922158241271973e+00 1.227667689323425293e+00
1.755496978759765625e+00 1.287895083427429199e+00 1.234189867973327637e+00
1.631701946258544922e+00 1.357004165649414062e+00 1.203863024711608887e+00
1.658071279525756836e+00 1.267772912979125977e+00 1.224060893058776855e+00
1.673806309700012207e+00 1.257637977600097656e+00 1.148916363716125488e+00
1.708339810371398926e+00 1.242779254913330078e+00 1.245094895362854004e+00
1.732460498809814453e+00 1.379150867462158203e+00 1.248917460441589355e+00
1.727299213409423828e+00 1.319535017013549805e+00 1.231890559196472168e+00
1.646211504936218262e+00 1.252829074859619141e+00 1.114793896675109863e+00
1.703114628791809082e+00 1.360767602920532227e+00 1.169898509979248047e+00
1.698816061019897461e+00 1.325114846229553223e+00 1.253067493438720703e+00
1.669354319572448730e+00 1.321787595748901367e+00 1.171262741088867188e+00
1.723108649253845215e+00 1.171515345573425293e+00 1.122837424278259277e+00
1.629905819892883301e+00 1.239050745964050293e+00 1.233812808990478516e+00
1.669006943702697754e+00 1.240219950675964355e+00 1.193531036376953125e+00
1.732198715209960938e+00 1.321469902992248535e+00 1.205777883529663086e+00
1.743417739868164062e+00 1.190796017646789551e+00 1.125584363937377930e+00
1.638817429542541504e+00 1.283372402191162109e+00 1.149112462997436523e+00
1.747690916061401367e+00 1.241760134696960449e+00 1.165096521377563477e+00
1.681950092315673828e+00 1.333159089088439941e+00 1.237201929092407227e+00
1.703606009483337402e+00 1.314028024673461914e+00 1.219257354736328125e+00
1.674759864807128906e+00 1.251232504844665527e+00 1.251766562461853027e+00
1.702182412147521973e+00 1.230509877204895020e+00 1.164051532745361328e+00
1.725408196449279785e+00 1.250954508781433105e+00 1.279305577278137207e+00
1.712261319160461426e+00 1.278393626213073730e+00 1.158960223197937012e+00
1.721061468124389648e+00 1.342535734176635742e+00 1.126771092414855957e+00
1.725265145301818848e+00 1.351657271385192871e+00 1.283552885055541992e+00
1.665982484817504883e+00 1.292735457420349121e+00 1.206127047538757324e+00
1.726288199424743652e+00 1.267449736595153809e+00 1.203954339027404785e+00
1.744537949562072754e+00 1.236331701278686523e+00 1.139665126800537109e+00
1.642532229423522949e+00 1.274336695671081543e+00 1.063953757286071777e+00
1.699111223220825195e+00 1.225364685058593750e+00 1.156273841857910156e+00
1.654788374900817871e+00 1.210834860801696777e+00 1.267722606658935547e+00
1.726949453353881836e+00 1.273823499679565430e+00 1.229920983314514160e+00
1.757633924484252930e+00 1.317633152008056641e+00 1.241379618644714355e+00
1.615737676620483398e+00 1.243612051010131836e+00 1.180277228355407715e+00
1.714239478111267090e+00 1.274731874465942383e+00 1.259231805801391602e+00
1.636902093887329102e+00 1.299653053283691406e+00 1.243918180465698242e+00
1.687120079994201660e+00 1.250380396842956543e+00 1.274338483810424805e+00
1.688922405242919922e+00 1.340621113777160645e+00 1.096438169479370117e+00
1.778576493263244629e+00 1.275535345077514648e+00 1.248915672302246094e+00
1.684095740318298340e+00 1.260503172874450684e+00 1.232610464096069336e+00
1.740209221839904785e+00 1.295348286628723145e+00 1.111173272132873535e+00
1.733338117599487305e+00 1.299668192863464355e+00 1.191465616226196289e+00
1.725256681442260742e+00 1.323192000389099121e+00 1.239251494407653809e+00
1.668936610221862793e+00 1.285410642623901367e+00 1.264732718467712402e+00
1.667300939559936523e+00 1.307267189025878906e+00 1.172274589538574219e+00
1.708421230316162109e+00 1.288972377777099609e+00 1.177108287811279297e+00
1.626343250274658203e+00 1.288843393325805664e+00 1.161143422126770020e+00
1.799052000045776367e+00 1.290413498878479004e+00 1.227261185646057129e+00
1.756905913352966309e+00 1.210418224334716797e+00 1.180612802505493164e+00
1.686657309532165527e+00 1.294426321983337402e+00 1.298951506614685059e+00
1.562168121337890625e+00 1.283252954483032227e+00 1.186251759529113770e+00
1.702959299087524414e+00 1.225942015647888184e+00 1.155411005020141602e+00
1.803640246391296387e+00 1.239948391914367676e+00 1.286571502685546875e+00
1.731362700462341309e+00 1.270700335502624512e+00 1.181654930114746094e+00
1.629690051078796387e+00 1.242304682731628418e+00 1.107315659523010254e+00
1.717881321907043457e+00 1.273562073707580566e+00 1.237618923187255859e+00
1.790569782257080078e+00 1.332289814949035645e+00 1.197131156921386719e+00
1.808395981788635254e+00 1.342992186546325684e+00 1.237703680992126465e+00
1.727457404136657715e+00 1.260795474052429199e+00 1.203736066818237305e+00
1.660692572593688965e+00 1.229327797889709473e+00 1.159064769744873047e+00
1.667740583419799805e+00 1.335882425308227539e+00 1.173798561096191406e+00
1.731741428375244141e+00 1.305484294891357422e+00 1.112475037574768066e+00
1.723778247833251953e+00 1.297522664070129395e+00 1.256045579910278320e+00
1.678964495658874512e+00 1.264975428581237793e+00 1.253350973129272461e+00
1.671047687530517578e+00 1.273752689361572266e+00 1.199728608131408691e+00
1.666445612907409668e+00 1.255567193031311035e+00 1.194201350212097168e+00
1.588863253593444824e+00 1.241901159286499023e+00 1.162446260452270508e+00
1.673241853713989258e+00 1.336028933525085449e+00 1.195035815238952637e+00
1.711821913719177246e+00 1.256719946861267090e+00 1.209770917892456055e+00
1.671907782554626465e+00 1.350965857505798340e+00 1.245443344116210938e+00
1.685202479362487793e+00 1.224591732025146484e+00 1.168882966041564941e+00
1.716496706008911133e+00 1.311410784721374512e+00 1.242607593536376953e+00
1.715473771095275879e+00 1.317019701004028320e+00 1.197034597396850586e+00
1.769316434860229492e+00 1.273015022277832031e+00 1.211459159851074219e+00
1.727839946746826172e+00 1.193601369857788086e+00 1.220877051353454590e+00
1.705998659133911133e+00 1.186992645263671875e+00 1.142469525337219238e+00
1.730914354324340820e+00 1.371955275535583496e+00 1.101285338401794434e+00
1.611256599426269531e+00 1.240959405899047852e+00 1.241258740425109863e+00
1.686022400856018066e+00 1.256852984428405762e+00 1.198911905288696289e+00
1.616760134696960449e+00 1.288100838661193848e+00 1.226439833641052246e+00
1.754834413528442383e+00 1.258482456207275391e+00 1.099175095558166504e+00
1.714474320411682129e+00 1.298297047615051270e+00 1.181505918502807617e+00
1.680888652801513672e+00 1.238507628440856934e+00 1.250910043716430664e+00
1.713045239448547363e+00 1.350508928298950195e+00 1.231379032135009766e+00
1.635198831558227539e+00 1.392453074455261230e+00 1.259780049324035645e+00
1.642423272132873535e+00 1.281330227851867676e+00 1.203552842140197754e+00
1.647564172744750977e+00 1.252679586410522461e+00 1.251566052436828613e+00
1.638772726058959961e+00 1.319399714469909668e+00 1.131138086318969727e+00
1.677688479423522949e+00 1.288583993911743164e+00 1.228046059608459473e+00
1.717999696731567383e+00 1.266174793243408203e+00 1.256524324417114258e+00
1.715315818786621094e+00 1.241045236587524414e+00 1.246351480484008789e+00
1.720092296600341797e+00 1.280758500099182129e+00 1.138939738273620605e+00
1.829668998718261719e+00 1.235365033149719238e+00 1.168833017349243164e+00
1.733303070068359375e+00 1.269782781600952148e+00 1.206972479820251465e+00
1.573372721672058105e+00 1.262137055397033691e+00 1.138066649436950684e+00
1.651260972023010254e+00 1.279787063598632812e+00 1.212219357490539551e+00
1.713379979133605957e+00 1.209505558013916016e+00 1.191432118415832520e+00
1.712902665138244629e+00 1.297502875328063965e+00 1.166891694068908691e+00
1.755711793899536133e+00 1.268768191337585449e+00 1.179480671882629395e+00
1.732787251472473145e+00 1.303471922874450684e+00 1.205357551574707031e+00
1.760009646415710449e+00 1.297681927680969238e+00 1.226096153259277344e+00
1.707404971122741699e+00 1.207421898841857910e+00 1.204742074012756348e+00
1.738882780075073242e+00 1.298926234245300293e+00 1.154358148574829102e+00
1.675774812698364258e+00 1.221235036849975586e+00 1.157485008239746094e+00
1.677874684333801270e+00 1.241160035133361816e+00 1.193468570709228516e+00
1.704784393310546875e+00 1.249833226203918457e+00 1.124074220657348633e+00
1.742573976516723633e+00 1.350629210472106934e+00 1.180493116378784180e+00
1.652082443237304688e+00 1.268916487693786621e+00 1.273939490318298340e+00
1.714092373847961426e+00 1.305908679962158203e+00 1.197824954986572266e+00
1.703299164772033691e+00 1.218926668167114258e+00 1.152386307716369629e+00
1.712411522865295410e+00 1.272899270057678223e+00 1.211345434188842773e+00
1.722464203834533691e+00 1.286747455596923828e+00 1.162600398063659668e+00
1.688681006431579590e+00 1.368058681488037109e+00 1.193654060363769531e+00
1.635160446166992188e+00 1.246611118316650391e+00 1.084161758422851562e+00
1.693610191345214844e+00 1.310892105102539062e+00 1.275600552558898926e+00
1.766833901405334473e+00 1.295337438583374023e+00 1.186487793922424316e+00
1.717775464057922363e+00 1.289178609848022461e+00 1.160410284996032715e+00
1.695674419403076172e+00 1.332413434982299805e+00 1.186030745506286621e+00
1.814300894737243652e+00 1.325479149818420410e+00 1.108052968978881836e+00
1.778738141059875488e+00 1.317679762840270996e+00 1.138393402099609375e+00
1.738126516342163086e+00 1.340542912483215332e+00 1.271493434906005859e+00
1.679697751998901367e+00 1.268515467643737793e+00 1.230430006980895996e+00
1.690451383590698242e+00 1.283011555671691895e+00 1.128121733665466309e+00
1.676570773124694824e+00 1.338779091835021973e+00 1.237097740173339844e+00
1.700263261795043945e+00 1.305854439735412598e+00 1.209215164184570312e+00
1.690237522125244141e+00 1.324642896652221680e+00 1.104125022888183594e+00
1.698053598403930664e+00 1.267905116081237793e+00 1.142267823219299316e+00
1.713080167770385742e+00 1.344469785690307617e+00 1.153755545616149902e+00
1.661168098449707031e+00 1.235691189765930176e+00 1.181975364685058594e+00
1.651255846023559570e+00 1.285204648971557617e+00 1.215204238891601562e+00
1.775304436683654785e+00 1.276261210441589355e+00 1.249054312705993652e+00
1.677304148674011230e+00 1.259237885475158691e+00 1.180272340774536133e+00
1.581758737564086914e+00 1.290689706802368164e+00 1.208642125129699707e+00
1.653875112533569336e+00 1.255288124084472656e+00 1.187130689620971680e+00
1.747918963432312012e+00 1.371659040451049805e+00 1.246409654617309570e+00
1.654763579368591309e+00 1.257861852645874023e+00 1.202521681785583496e+00
1.665029883384704590e+00 1.340116024017333984e+00 1.272266507148742676e+00
1.692855954170227051e+00 1.232687115669250488e+00 1.140076279640197754e+00
1.668698668479919434e+00 1.382003664970397949e+00 1.203395366668701172e+00
1.700386047363281250e+00 1.336535692214965820e+00 1.318279743194580078e+00
1.666354656219482422e+00 1.342134118080139160e+00 1.252110481262207031e+00
1.673432826995849609e+00 1.351618051528930664e+00 1.159892320632934570e+00
1.708440661430358887e+00 1.250856518745422363e+00 1.239185333251953125e+00
1.618867158889770508e+00 1.232258081436157227e+00 1.199066877365112305e+00
1.711905479431152344e+00 1.210644721984863281e+00 1.217032194137573242e+00
1.662104010581970215e+00 1.276807665824890137e+00 1.168464422225952148e+00
1.654287815093994141e+00 1.281673789024353027e+00 1.188997149467468262e+00
1.674961805343627930e+00 1.224522352218627930e+00 1.234783649444580078e+00
1.775488018989562988e+00 1.287245154380798340e+00 1.234688043594360352e+00
1.666951060295104980e+00 1.313209056854248047e+00 1.084174871444702148e+00
1.643346190452575684e+00 1.258271694183349609e+00 1.233864068984985352e+00
1.750779151916503906e+00 1.285816550254821777e+00 1.263667821884155273e+00
1.756454467773437500e+00 1.310271143913269043e+00 1.120504617691040039e+00
1.690072178840637207e+00 1.350712299346923828e+00 1.123488187789916992e+00
1.674368262290954590e+00 1.229555606842041016e+00 1.161595106124877930e+00
1.654601931571960449e+00 1.237902998924255371e+00 1.144725084304809570e+00
1.802331924438476562e+00 1.289561986923217773e+00 1.107561588287353516e+00
1.663252353668212891e+00 1.254339933395385742e+00 1.194326639175415039e+00
1.737531423568725586e+00 1.268870592117309570e+00 1.155994176864624023e+00
1.651994585990905762e+00 1.225084424018859863e+00 1.249349832534790039e+00
1.704891681671142578e+00 1.276023864746093750e+00 1.128556847572326660e+00
1.641160130500793457e+00 1.242826461791992188e+00 1.269861578941345215e+00
1.700794458389282227e+00 1.242159485816955566e+00 1.210106372833251953e+00
1.717461466789245605e+00 1.256200075149536133e+00 1.225655794143676758e+00
1.732164859771728516e+00 1.230070590972900391e+00 1.184620141983032227e+00
1.793605804443359375e+00 1.293336987495422363e+00 1.255687952041625977e+00
1.739208817481994629e+00 1.218387961387634277e+00 1.143666744232177734e+00
1.679712891578674316e+00 1.246465325355529785e+00 1.287880301475524902e+00
1.665953516960144043e+00 1.280509233474731445e+00 1.210034489631652832e+00
1.642901659011840820e+00 1.288023471832275391e+00 1.179802060127258301e+00
1.569698095321655273e+00 1.284187793731689453e+00 1.234536886215209961e+00
1.619754195213317871e+00 1.277452588081359863e+00 1.101828813552856445e+00
1.616590857505798340e+00 1.323169708251953125e+00 1.242759466171264648e+00
1.589296817779541016e+00 1.275619029998779297e+00 1.165640830993652344e+00
1.747034549713134766e+00 1.205483794212341309e+00 1.085989236831665039e+00
1.658261775970458984e+00 1.289731502532958984e+00 1.266344666481018066e+00
1.663456082344055176e+00 1.305571079254150391e+00 1.097778797149658203e+00
1.806195020675659180e+00 1.330019235610961914e+00 1.231803059577941895e+00
1.741744279861450195e+00 1.288521528244018555e+00 1.234999060630798340e+00
1.648801565170288086e+00 1.223280668258666992e+00 1.188426375389099121e+00
1.686020374298095703e+00 1.341465711593627930e+00 1.270068645477294922e+00
1.756639480590820312e+00 1.302741646766662598e+00 1.163860201835632324e+00
1.709327697753906250e+00 1.318195819854736328e+00 1.197978138923645020e+00
1.803852915763854980e+00 1.282516717910766602e+00 1.204246878623962402e+00
1.636492490768432617e+00 1.291665196418762207e+00 1.177316546440124512e+00
1.709448218345642090e+00 1.173175334930419922e+00 1.127259492874145508e+00
1.639718890190124512e+00 1.289913654327392578e+00 1.199934959411621094e+00
1.678517222404479980e+00 1.246191978454589844e+00 1.175523519515991211e+00
1.751296043395996094e+00 1.314969062805175781e+00 1.211925029754638672e+00
1.815561056137084961e+00 1.324830055236816406e+00 1.146737217903137207e+00
1.668805956840515137e+00 1.248050808906555176e+00 1.174603581428527832e+00
1.696462869644165039e+00 1.286531925201416016e+00 1.193886995315551758e+00
1.671411871910095215e+00 1.360410451889038086e+00 1.148793697357177734e+00
1.733866930007934570e+00 1.322420835494995117e+00 1.175459742546081543e+00
1.615871548652648926e+00 1.275239825248718262e+00 1.218845248222351074e+00
1.645986199378967285e+00 1.310535907745361328e+00 1.123464584350585938e+00
1.789306521415710449e+00 1.302230834960937500e+00 1.215660691261291504e+00
1.801239609718322754e+00 1.254422426223754883e+00 1.149142980575561523e+00
1.701243638992309570e+00 1.269322395324707031e+00 1.182427763938903809e+00
1.703016400337219238e+00 1.282701849937438965e+00 1.210123419761657715e+00
1.738230943679809570e+00 1.304173946380615234e+00 1.225862145423889160e+00
1.617160439491271973e+00 1.257860660552978516e+00 1.254223942756652832e+00
1.698922991752624512e+00 1.333247780799865723e+00 1.243393659591674805e+00
1.692069053649902344e+00 1.333085536956787109e+00 1.130969405174255371e+00
1.813874006271362305e+00 1.294218540191650391e+00 1.163397073745727539e+00
1.787847757339477539e+00 1.309391617774963379e+00 1.207077980041503906e+00
1.685068607330322266e+00 1.206230998039245605e+00 1.302217602729797363e+00
1.584605455398559570e+00 1.295905709266662598e+00 1.235343694686889648e+00
1.704443097114562988e+00 1.267923951148986816e+00 1.193194866180419922e+00
1.729776620864868164e+00 1.367853999137878418e+00 1.288312792778015137e+00
1.754506707191467285e+00 1.226857900619506836e+00 1.181433439254760742e+00
1.656306743621826172e+00 1.353528618812561035e+00 1.123138904571533203e+00
1.705244183540344238e+00 1.249940752983093262e+00 1.246692538261413574e+00
1.691863775253295898e+00 1.211301922798156738e+00 1.283237695693969727e+00
1.691790938377380371e+00 1.282478809356689453e+00 1.222401022911071777e+00
1.623051524162292480e+00 1.255931496620178223e+00 1.219974160194396973e+00
1.708311200141906738e+00 1.259758710861206055e+00 1.166900634765625000e+00
1.702552556991577148e+00 1.296840071678161621e+00 1.250581145286560059e+00
1.751120090484619141e+00 1.281466364860534668e+00 1.253361701965332031e+00
1.641559600830078125e+00 1.242583394050598145e+00 1.269685029983520508e+00
1.653203845024108887e+00 1.282789111137390137e+00 1.193750143051147461e+00
1.680591344833374023e+00 1.253606915473937988e+00 1.276065230369567871e+00
1.687063097953796387e+00 1.289486527442932129e+00 1.256480693817138672e+00
1.727213859558105469e+00 1.297963976860046387e+00 1.173562049865722656e+00
1.728973269462585449e+00 1.300794363021850586e+00 1.158457279205322266e+00
1.761730551719665527e+00 1.370379328727722168e+00 1.168175101280212402e+00
1.722913384437561035e+00 1.237658023834228516e+00 1.233579754829406738e+00
1.718167543411254883e+00 1.285506725311279297e+00 1.176745057106018066e+00
1.763252258300781250e+00 1.325325369834899902e+00 1.162634253501892090e+00
1.679625749588012695e+00 1.247267484664916992e+00 1.164020657539367676e+00
1.743342161178588867e+00 1.234655737876892090e+00 1.223173737525939941e+00
1.699342489242553711e+00 1.338311433792114258e+00 1.157927751541137695e+00
1.713310956954956055e+00 1.293670892715454102e+00 1.195217490196228027e+00
1.698530673980712891e+00 1.258006095886230469e+00 1.242272615432739258e+00
1.675060629844665527e+00 1.251458764076232910e+00 1.151257395744323730e+00
1.728294730186462402e+00 1.308917880058288574e+00 1.134849905967712402e+00
1.722153067588806152e+00 1.326928257942199707e+00 1.210163116455078125e+00
1.693804979324340820e+00 1.251727342605590820e+00 1.253224611282348633e+00
1.689144730567932129e+00 1.309980988502502441e+00 1.213898420333862305e+00
1.759538888931274414e+00 1.218707203865051270e+00 1.248075008392333984e+00
1.706328511238098145e+00 1.292410135269165039e+00 1.237678050994873047e+00
1.739988207817077637e+00 1.300839543342590332e+00 1.180466055870056152e+00
1.693682551383972168e+00 1.392816066741943359e+00 1.121762514114379883e+00
1.734124422073364258e+00 1.300602912902832031e+00 1.235396385192871094e+00
1.686396002769470215e+00 1.267453074455261230e+00 1.230350971221923828e+00
1.700491547584533691e+00 1.296888589859008789e+00 1.245787739753723145e+00
1.675962567329406738e+00 1.321264386177062988e+00 1.245534777641296387e+00
1.686602234840393066e+00 1.335274457931518555e+00 1.177427172660827637e+00
1.614995360374450684e+00 1.340247035026550293e+00 1.179403781890869141e+00
1.656954407691955566e+00 1.220729947090148926e+00 1.132896423339843750e+00
1.656833291053771973e+00 1.291121840476989746e+00 1.222931504249572754e+00
1.747992396354675293e+00 1.231339931488037109e+00 1.208128452301025391e+00
1.675551414489746094e+00 1.321104168891906738e+00 1.238848209381103516e+00
1.697900891304016113e+00 1.265438318252563477e+00 1.202712297439575195e+00
1.710331439971923828e+00 1.305198431015014648e+00 1.251557588577270508e+00
1.685260176658630371e+00 1.317182540893554688e+00 1.192628741264343262e+00
1.706132769584655762e+00 1.251193642616271973e+00 1.203060030937194824e+00
1.775922417640686035e+00 1.327245473861694336e+00 1.228691697120666504e+00
1.639448404312133789e+00 1.264966607093811035e+00 1.198375463485717773e+00
1.696751952171325684e+00 1.253881335258483887e+00 1.152676463127136230e+00
1.771698594093322754e+00 1.250876307487487793e+00 1.230153203010559082e+00
1.673441052436828613e+00 1.332427978515625000e+00 1.256628990173339844e+00
1.808855175971984863e+00 1.288361310958862305e+00 1.241408467292785645e+00
1.762545228004455566e+00 1.341913580894470215e+00 1.162803888320922852e+00
1.750912785530090332e+00 1.313137412071228027e+00 1.226722598075866699e+00
1.739219069480895996e+00 1.279378175735473633e+00 1.265168070793151855e+00
1.720360875129699707e+00 1.270221471786499023e+00 1.207276701927185059e+00
1.705760717391967773e+00 1.312746167182922363e+00 1.131423115730285645e+00
1.734732866287231445e+00 1.317614316940307617e+00 1.228395700454711914e+00
1.750446557998657227e+00 1.261609792709350586e+00 1.174191832542419434e+00
1.808694958686828613e+00 1.249331712722778320e+00 1.264065027236938477e+00
1.686405062675476074e+00 1.302789568901062012e+00 1.158572793006896973e+00
1.693795800209045410e+00 1.224202990531921387e+00 1.179022431373596191e+00
1.736715197563171387e+00 1.295329093933105469e+00 1.184149861335754395e+00
1.725267052650451660e+00 1.392770528793334961e+00 1.207223296165466309e+00
1.754544258117675781e+00 1.292599439620971680e+00 1.125425815582275391e+00
1.706118106842041016e+00 1.277502179145812988e+00 1.231680989265441895e+00
1.795524120330810547e+00 1.324409842491149902e+00 1.157464504241943359e+00
1.687184929847717285e+00 1.249380588531494141e+00 1.185979008674621582e+00
1.618759274482727051e+00 1.289459824562072754e+00 1.200029015541076660e+00
1.695531606674194336e+00 1.271466970443725586e+00 1.148933649063110352e+00
1.742298603057861328e+00 1.308384656906127930e+00 1.138276815414428711e+00
1.649152398109436035e+00 1.256559133529663086e+00 1.159794688224792480e+00
1.641682863235473633e+00 1.349072575569152832e+00 1.204646110534667969e+00
1.651211738586425781e+00 1.242676973342895508e+00 1.236054658889770508e+00
1.764271497726440430e+00 1.249021768569946289e+00 1.243971109390258789e+00
1.687275171279907227e+00 1.301802277565002441e+00 1.171201944351196289e+00
1.617393016815185547e+00 1.353752732276916504e+00 1.150058388710021973e+00
1.721671462059020996e+00 1.294879674911499023e+00 1.207033157348632812e+00
1.733898997306823730e+00 1.268772363662719727e+00 1.116511344909667969e+00
1.753291130065917969e+00 1.299837589263916016e+00 1.158747553825378418e+00
1.639498472213745117e+00 1.240195870399475098e+00 1.281233310699462891e+00
1.702777266502380371e+00 1.283598184585571289e+00 1.188117623329162598e+00
1.714281678199768066e+00 1.305124044418334961e+00 1.173873424530029297e+00
1.611228466033935547e+00 1.338418841361999512e+00 1.222895979881286621e+00
1.758694767951965332e+00 1.316826820373535156e+00 1.278993129730224609e+00
1.729463458061218262e+00 1.216014504432678223e+00 1.193770051002502441e+00
1.695660233497619629e+00 1.264156579971313477e+00 1.186493754386901855e+00
1.662505388259887695e+00 1.315318584442138672e+00 1.129875898361206055e+00
1.800187230110168457e+00 1.285968303680419922e+00 1.211408257484436035e+00
1.710162162780761719e+00 1.277676343917846680e+00 1.265823960304260254e+00
1.703176736831665039e+00 1.320050954818725586e+00 1.206219434738159180e+00
1.664113163948059082e+00 1.237554669380187988e+00 1.159828305244445801e+00
1.722027301788330078e+00 1.280971884727478027e+00 1.219078063964843750e+00
1.657369732856750488e+00 1.288648247718811035e+00 1.239911675453186035e+00
1.724713802337646484e+00 1.262194752693176270e+00 1.162599086761474609e+00
1.721525192260742188e+00 1.293396472930908203e+00 1.164539813995361328e+00
1.723050951957702637e+00 1.347769379615783691e+00 1.192189574241638184e+00
1.732909202575683594e+00 1.341165184974670410e+00 1.176211714744567871e+00
1.755969524383544922e+00 1.321787595748901367e+00 1.235898256301879883e+00
1.725341200828552246e+00 1.247019290924072266e+00 1.156896591186523438e+00
1.705182552337646484e+00 1.305385231971740723e+00 1.194415211677551270e+00
1.659747719764709473e+00 1.251372575759887695e+00 1.216295719146728516e+00
1.690654754638671875e+00 1.305161356925964355e+00 1.218284487724304199e+00
1.726615190505981445e+00 1.269568920135498047e+00 1.200039505958557129e+00
1.752332687377929688e+00 1.315114378929138184e+00 1.275273442268371582e+00
1.700806498527526855e+00 1.298999667167663574e+00 1.205398082733154297e+00
1.722928524017333984e+00 1.340607166290283203e+00 1.210669994354248047e+00
1.646862745285034180e+00 1.271366357803344727e+00 1.183834791183471680e+00
1.646939039230346680e+00 1.288011670112609863e+00 1.183265209197998047e+00
1.755574822425842285e+00 1.257088899612426758e+00 1.170200347900390625e+00
1.677715659141540527e+00 1.285684943199157715e+00 1.192708969116210938e+00
1.721616268157958984e+00 1.263387799263000488e+00 1.182230234146118164e+00
1.609479546546936035e+00 1.298158884048461914e+00 1.234748363494873047e+00
1.722193360328674316e+00 1.267564058303833008e+00 1.241286039352416992e+00
1.736835837364196777e+00 1.268829941749572754e+00 1.210134983062744141e+00
1.679384231567382812e+00 1.277313709259033203e+00 1.210508823394775391e+00
1.676040172576904297e+00 1.240970253944396973e+00 1.196938037872314453e+00
1.658203721046447754e+00 1.278048753738403320e+00 1.106314420700073242e+00
1.661965847015380859e+00 1.277523517608642578e+00 1.219329118728637695e+00
1.688512682914733887e+00 1.272215485572814941e+00 1.242815613746643066e+00
1.814649224281311035e+00 1.342394590377807617e+00 1.209473967552185059e+00
1.658892154693603516e+00 1.281725645065307617e+00 1.212189674377441406e+00
1.622087359428405762e+00 1.339211463928222656e+00 1.174727439880371094e+00
1.754575729370117188e+00 1.340692877769470215e+00 1.187939643859863281e+00
1.710424304008483887e+00 1.351237058639526367e+00 1.230022549629211426e+00
1.763452053070068359e+00 1.263488531112670898e+00 1.198081851005554199e+00
1.699440717697143555e+00 1.291104197502136230e+00 1.188751816749572754e+00
1.756155967712402344e+00 1.262010693550109863e+00 1.210553765296936035e+00
1.680494427680969238e+00 1.354003190994262695e+00 1.305513262748718262e+00
1.652719020843505859e+00 1.279731392860412598e+00 1.173646211624145508e+00
1.713704943656921387e+00 1.276194334030151367e+00 1.188378453254699707e+00
1.733055830001831055e+00 1.323161721229553223e+00 1.221097946166992188e+00
1.714116215705871582e+00 1.225269556045532227e+00 1.226028561592102051e+00
1.725397229194641113e+00 1.281530261039733887e+00 1.201745510101318359e+00
1.631143093109130859e+00 1.338598489761352539e+00 1.175448536872863770e+00
1.748134613037109375e+00 1.196947336196899414e+00 1.147647142410278320e+00
1.681205153465270996e+00 1.239694714546203613e+00 1.195806264877319336e+00
1.631345987319946289e+00 1.234283447265625000e+00 1.250233292579650879e+00
1.650290131568908691e+00 1.326407551765441895e+00 1.211421728134155273e+00
1.670112848281860352e+00 1.267099738121032715e+00 1.163199067115783691e+00
1.710382699966430664e+00 1.241270303726196289e+00 1.189813613891601562e+00
1.792668461799621582e+00 1.274330735206604004e+00 1.156841635704040527e+00
1.621568441390991211e+00 1.284347414970397949e+00 1.217519164085388184e+00
1.699143528938293457e+00 1.307627797126770020e+00 1.182919025421142578e+00
1.632191658020019531e+00 1.267001986503601074e+00 1.130634188652038574e+00
1.686232328414916992e+00 1.324128866195678711e+00 1.148059129714965820e+00
1.673402428627014160e+00 1.263864517211914062e+00 1.136961221694946289e+00
1.658157944679260254e+00 1.301910638809204102e+00 1.159298658370971680e+00
1.711515188217163086e+00 1.268387794494628906e+00 1.180712580680847168e+00
1.626348018646240234e+00 1.324149370193481445e+00 1.105589389801025391e+00
1.706607460975646973e+00 1.287059783935546875e+00 1.282801151275634766e+00
1.728212833404541016e+00 1.235932230949401855e+00 1.179951071739196777e+00
1.692950606346130371e+00 1.342481255531311035e+00 1.197160363197326660e+00
1.711165308952331543e+00 1.338979244232177734e+00 1.198146939277648926e+00
1.703405141830444336e+00 1.239679098129272461e+00 1.032438993453979492e+00
1.659647226333618164e+00 1.236440420150756836e+00 1.197689175605773926e+00
1.760265350341796875e+00 1.271257877349853516e+00 1.276518464088439941e+00
1.721378445625305176e+00 1.281460404396057129e+00 1.155214428901672363e+00
1.779541254043579102e+00 1.293166518211364746e+00 1.191921949386596680e+00
1.647029638290405273e+00 1.340091824531555176e+00 1.148655772209167480e+00
1.703646302223205566e+00 1.254923820495605469e+00 1.208534836769104004e+00
1.732667565345764160e+00 1.346257090568542480e+00 1.182067632675170898e+00
1.705232024192810059e+00 1.314648151397705078e+00 1.132671475410461426e+00
1.696052908897399902e+00 1.200705409049987793e+00 1.214518308639526367e+00
1.687206983566284180e+00 1.292542219161987305e+00 1.297844886779785156e+00
1.701587796211242676e+00 1.299848079681396484e+00 1.140681266784667969e+00
1.648335933685302734e+00 1.243636488914489746e+00 1.134003996849060059e+00
1.728793740272521973e+00 1.228364706039428711e+00 1.261033058166503906e+00
1.752362251281738281e+00 1.156019210815429688e+00 1.244426369667053223e+00
1.661989808082580566e+00 1.300031661987304688e+00 1.245339989662170410e+00
1.693128228187561035e+00 1.316863536834716797e+00 1.273779273033142090e+00
1.742901444435119629e+00 1.286327004432678223e+00 1.205647230148315430e+00
1.676418542861938477e+00 1.315741419792175293e+00 1.338734388351440430e+00
1.707877159118652344e+00 1.263996601104736328e+00 1.228150248527526855e+00
1.661542534828186035e+00 1.198079705238342285e+00 1.162706017494201660e+00
1.635802745819091797e+00 1.253840208053588867e+00 1.148043870925903320e+00
1.770483732223510742e+00 1.307770252227783203e+00 1.234079241752624512e+00
1.608131170272827148e+00 1.336604475975036621e+00 1.170845508575439453e+00
1.706051945686340332e+00 1.320649981498718262e+00 1.236282467842102051e+00
1.689001321792602539e+00 1.250680804252624512e+00 1.201391577720642090e+00
1.689842343330383301e+00 1.286049962043762207e+00 1.215331077575683594e+00
1.672236561775207520e+00 1.266291260719299316e+00 1.283012509346008301e+00
1.651634573936462402e+00 1.275324463844299316e+00 1.169937252998352051e+00
1.676704645156860352e+00 1.294507980346679688e+00 1.155884742736816406e+00
1.658426642417907715e+00 1.308029532432556152e+00 1.213624000549316406e+00
1.689905285835266113e+00 1.258100867271423340e+00 1.179062962532043457e+00
1.778005242347717285e+00 1.352161169052124023e+00 1.249645113945007324e+00
1.736741542816162109e+00 1.268381118774414062e+00 1.215802311897277832e+00
1.750412344932556152e+00 1.233320116996765137e+00 1.286274194717407227e+00
1.661283850669860840e+00 1.272072076797485352e+00 1.178115844726562500e+00
1.667549252510070801e+00 1.224740028381347656e+00 1.241973400115966797e+00
1.753451943397521973e+00 1.357141494750976562e+00 1.180963158607482910e+00
1.668804526329040527e+00 1.263874888420104980e+00 1.253761410713195801e+00
1.703780531883239746e+00 1.309778213500976562e+00 1.104714274406433105e+00
1.678874492645263672e+00 1.335657835006713867e+00 1.116976022720336914e+00
1.732492566108703613e+00 1.292734742164611816e+00 1.168139100074768066e+00
1.777681469917297363e+00 1.264520406723022461e+00 1.107871532440185547e+00
1.667491793632507324e+00 1.356168508529663086e+00 1.164282441139221191e+00
1.683944344520568848e+00 1.330125212669372559e+00 1.206731557846069336e+00
1.700302124023437500e+00 1.247932434082031250e+00 1.237908720970153809e+00
1.609931349754333496e+00 1.299447417259216309e+00 1.172739744186401367e+00
1.716153144836425781e+00 1.312198400497436523e+00 1.240301728248596191e+00
1.748053908348083496e+00 1.330803632736206055e+00 1.228439807891845703e+00
1.709412813186645508e+00 1.235987424850463867e+00 1.355488300323486328e+00
1.698479413986206055e+00 1.265928268432617188e+00 1.213677287101745605e+00
1.660047888755798340e+00 1.298673748970031738e+00 1.183573961257934570e+00
1.701982855796813965e+00 1.257030367851257324e+00 1.177928328514099121e+00
1.791830658912658691e+00 1.390193104743957520e+00 1.324587941169738770e+00
1.577338933944702148e+00 1.287716031074523926e+00 1.079132795333862305e+00
1.655184268951416016e+00 1.318003416061401367e+00 1.198686361312866211e+00
1.685593247413635254e+00 1.312469840049743652e+00 1.179463505744934082e+00
1.752596735954284668e+00 1.351955413818359375e+00 1.209047794342041016e+00
1.743078470230102539e+00 1.248848199844360352e+00 1.180898904800415039e+00
1.740225672721862793e+00 1.335950493812561035e+00 1.197926163673400879e+00
1.654734492301940918e+00 1.311170101165771484e+00 1.113750934600830078e+00
1.685260057449340820e+00 1.293772220611572266e+00 1.167014122009277344e+00
1.767667055130004883e+00 1.193879723548889160e+00 1.141138434410095215e+00
1.748411893844604492e+00 1.296767354011535645e+00 1.246574759483337402e+00
1.683573603630065918e+00 1.274395704269409180e+00 1.252385377883911133e+00
1.725123167037963867e+00 1.248967051506042480e+00 1.204882979393005371e+00
1.711387395858764648e+00 1.308294415473937988e+00 1.230280995368957520e+00
1.674949526786804199e+00 1.274686336517333984e+00 1.160826206207275391e+00
1.686706781387329102e+00 1.275937914848327637e+00 1.204818367958068848e+00
1.631967902183532715e+00 1.308456540107727051e+00 1.160062074661254883e+00
1.764633774757385254e+00 1.261046886444091797e+00 1.182747244834899902e+00
1.650970816612243652e+00 1.270622014999389648e+00 1.100835204124450684e+00
1.625256776809692383e+00 1.366719961166381836e+00 1.261985898017883301e+00
1.747634768486022949e+00 1.300046801567077637e+00 1.218831062316894531e+00
1.699944496154785156e+00 1.256471395492553711e+00 1.275676727294921875e+00
1.700800776481628418e+00 1.251279115676879883e+00 1.105085015296936035e+00
1.695017099380493164e+00 1.370851159095764160e+00 1.221803784370422363e+00
1.655043244361877441e+00 1.346704006195068359e+00 1.112302303314208984e+00
1.718981742858886719e+00 1.214356660842895508e+00 1.231288552284240723e+00
1.634012699127197266e+00 1.254296302795410156e+00 1.177828907966613770e+00
1.725577354431152344e+00 1.294080495834350586e+00 1.226111292839050293e+00
1.788488388061523438e+00 1.315607190132141113e+00 1.183039665222167969e+00
1.635628342628479004e+00 1.299482226371765137e+00 1.077777266502380371e+00
1.621792554855346680e+00 1.278329491615295410e+00 1.296526193618774414e+00
1.710002303123474121e+00 1.256396532058715820e+00 1.243567824363708496e+00
1.658365249633789062e+00 1.311957716941833496e+00 1.185787916183471680e+00
1.643480420112609863e+00 1.309350728988647461e+00 1.080161333084106445e+00
1.660411953926086426e+00 1.273064017295837402e+00 1.263401269912719727e+00
1.588668346405029297e+00 1.252816438674926758e+00 1.101986050605773926e+00
1.695828914642333984e+00 1.265942335128784180e+00 1.180704712867736816e+00
1.694122195243835449e+00 1.340867757797241211e+00 1.122642159461975098e+00
1.786987304687500000e+00 1.321275591850280762e+00 1.214630842208862305e+00
1.778601765632629395e+00 1.301107287406921387e+00 1.203635334968566895e+00
1.649745583534240723e+00 1.198755025863647461e+00 1.215013623237609863e+00
1.662019133567810059e+00 1.281706929206848145e+00 1.100534915924072266e+00
1.703103780746459961e+00 1.280502080917358398e+00 1.218196034431457520e+00
1.694354295730590820e+00 1.342716693878173828e+00 1.208874464035034180e+00
1.715788245201110840e+00 1.180528640747070312e+00 1.202734351158142090e+00
1.720353364944458008e+00 1.267439365386962891e+00 1.212043404579162598e+00
1.796517372131347656e+00 1.244182825088500977e+00 1.139165520668029785e+00
1.719913721084594727e+00 1.313198208808898926e+00 1.291493058204650879e+00
1.628661990165710449e+00 1.293138980865478516e+00 1.231548666954040527e+00
1.624487757682800293e+00 1.220772385597229004e+00 1.268496394157409668e+00
1.684200882911682129e+00 1.311253190040588379e+00 1.279591560363769531e+00
1.734146833419799805e+00 1.314783692359924316e+00 1.254207849502563477e+00
1.693804025650024414e+00 1.354285478591918945e+00 1.200302362442016602e+00
1.621838092803955078e+00 1.300595521926879883e+00 1.230838418006896973e+00
1.638460755348205566e+00 1.170752167701721191e+00 1.240219712257385254e+00
1.658956408500671387e+00 1.226241946220397949e+00 1.312582612037658691e+00
1.642214775085449219e+00 1.313505053520202637e+00 1.143074512481689453e+00
1.757391691207885742e+00 1.274763464927673340e+00 1.235590457916259766e+00
1.776924729347229004e+00 1.223983168601989746e+00 1.189030051231384277e+00
1.751304268836975098e+00 1.243144512176513672e+00 1.187386274337768555e+00
1.729138493537902832e+00 1.293861746788024902e+00 1.224865794181823730e+00
1.655897974967956543e+00 1.317424535751342773e+00 1.144082665443420410e+00
1.641965389251708984e+00 1.318712115287780762e+00 1.258042693138122559e+00
1.691401481628417969e+00 1.297598600387573242e+00 1.174727678298950195e+00
1.719597458839416504e+00 1.318620562553405762e+00 1.102584362030029297e+00
1.610913872718811035e+00 1.285193324089050293e+00 1.209065079689025879e+00
1.701089620590209961e+00 1.212261795997619629e+00 1.185087561607360840e+00
1.684313416481018066e+00 1.355493068695068359e+00 1.197060585021972656e+00
1.671338796615600586e+00 1.263792395591735840e+00 1.307095527648925781e+00
1.739208698272705078e+00 1.303087115287780762e+00 1.162187099456787109e+00
1.729726552963256836e+00 1.268973231315612793e+00 1.175259709358215332e+00
1.744706392288208008e+00 1.310450911521911621e+00 1.285935521125793457e+00
1.793230414390563965e+00 1.288709044456481934e+00 1.240128993988037109e+00
1.694303393363952637e+00 1.282210350036621094e+00 1.241111874580383301e+00
1.690575718879699707e+00 1.289571881294250488e+00 1.184562087059020996e+00
1.749373316764831543e+00 1.279761552810668945e+00 1.195225238800048828e+00
1.618349313735961914e+00 1.303047776222229004e+00 1.277778387069702148e+00
1.705838561058044434e+00 1.228743553161621094e+00 1.180969238281250000e+00
1.718720197677612305e+00 1.301610350608825684e+00 1.136194348335266113e+00
1.683274269104003906e+00 1.307674050331115723e+00 1.177592635154724121e+00
1.686514258384704590e+00 1.291988372802734375e+00 1.237321972846984863e+00
1.739245176315307617e+00 1.312450170516967773e+00 1.241881966590881348e+00
1.669031620025634766e+00 1.322049856185913086e+00 1.140870690345764160e+00
1.619456768035888672e+00 1.263591170310974121e+00 1.199857950210571289e+00
1.674864172935485840e+00 1.265865921974182129e+00 1.269366979598999023e+00
1.752306461334228516e+00 1.245613455772399902e+00 1.099908471107482910e+00
1.702295899391174316e+00 1.283056378364562988e+00 1.215688228607177734e+00
1.702587246894836426e+00 1.353226780891418457e+00 1.086342334747314453e+00
1.683969140052795410e+00 1.286572575569152832e+00 1.182386040687561035e+00
1.694230437278747559e+00 1.364244937896728516e+00 1.225096583366394043e+00
1.659711599349975586e+00 1.282701373100280762e+00 1.157572388648986816e+00
1.718000769615173340e+00 1.266998767852783203e+00 1.160010218620300293e+00
1.790237545967102051e+00 1.219987750053405762e+00 1.228322386741638184e+00
1.693131804466247559e+00 1.316940426826477051e+00 1.159785032272338867e+00
1.742747306823730469e+00 1.249640822410583496e+00 1.138542771339416504e+00
1.684084653854370117e+00 1.255131959915161133e+00 1.119663715362548828e+00
1.673978805541992188e+00 1.314364194869995117e+00 1.203860640525817871e+00
1.742128014564514160e+00 1.285896539688110352e+00 1.175303578376770020e+00
1.756976842880249023e+00 1.258665084838867188e+00 1.186724424362182617e+00
1.617294907569885254e+00 1.297733902931213379e+00 1.140462040901184082e+00
1.736362099647521973e+00 1.294812917709350586e+00 1.234159231185913086e+00
1.692500591278076172e+00 1.329569816589355469e+00 1.233374595642089844e+00
1.651659131050109863e+00 1.220471978187561035e+00 1.250044941902160645e+00
1.665260553359985352e+00 1.298853278160095215e+00 1.169548034667968750e+00
1.755945920944213867e+00 1.333183407783508301e+00 1.094139695167541504e+00
1.656426906585693359e+00 1.333653330802917480e+00 1.202558159828186035e+00
1.622208714485168457e+00 1.267006874084472656e+00 1.141025424003601074e+00
1.775013685226440430e+00 1.328651547431945801e+00 1.095634698867797852e+00
1.704667806625366211e+00 1.275312662124633789e+00 1.201527476310729980e+00
1.657260775566101074e+00 1.353592395782470703e+00 1.143582224845886230e+00
1.681281208992004395e+00 1.321344256401062012e+00 1.136135578155517578e+00
1.709158897399902344e+00 1.313378810882568359e+00 1.156054735183715820e+00
1.716139554977416992e+00 1.279860854148864746e+00 1.322960138320922852e+00
1.773653984069824219e+00 1.283597588539123535e+00 1.253263354301452637e+00
1.694652318954467773e+00 1.301492214202880859e+00 1.202492475509643555e+00
1.663634419441223145e+00 1.329569816589355469e+00 1.204969525337219238e+00
1.699143767356872559e+00 1.268501400947570801e+00 1.145588278770446777e+00
1.739094376564025879e+00 1.324058055877685547e+00 1.229496598243713379e+00
1.689180254936218262e+00 1.226386308670043945e+00 1.230926871299743652e+00
1.745639801025390625e+00 1.230920076370239258e+00 1.188058018684387207e+00
1.758054614067077637e+00 1.297788739204406738e+00 1.205344438552856445e+00
1.679042220115661621e+00 1.301101207733154297e+00 1.216728091239929199e+00
1.730291128158569336e+00 1.276985526084899902e+00 1.234409213066101074e+00
1.676544785499572754e+00 1.311092019081115723e+00 1.124951839447021484e+00
1.784340500831604004e+00 1.275502204895019531e+00 1.194123387336730957e+00
1.653279185295104980e+00 1.261734724044799805e+00 1.177415609359741211e+00
1.731881141662597656e+00 1.214831352233886719e+00 1.162678360939025879e+00
1.646322607994079590e+00 1.223058462142944336e+00 1.204393267631530762e+00
1.657687306404113770e+00 1.250733852386474609e+00 1.157978773117065430e+00
1.666317343711853027e+00 1.325948357582092285e+00 1.198047399520874023e+00
1.693956017494201660e+00 1.291434884071350098e+00 1.207020998001098633e+00
1.774991035461425781e+00 1.307151317596435547e+00 1.244282126426696777e+00
1.742232322692871094e+00 1.349085330963134766e+00 1.245035767555236816e+00
1.676944494247436523e+00 1.189128756523132324e+00 1.202338814735412598e+00
1.678002119064331055e+00 1.242885231971740723e+00 1.197452187538146973e+00
1.689099669456481934e+00 1.301679253578186035e+00 1.251527190208435059e+00
1.612311363220214844e+00 1.261102676391601562e+00 1.194423675537109375e+00
1.698751091957092285e+00 1.288335561752319336e+00 1.101868391036987305e+00
1.787391185760498047e+00 1.230652809143066406e+00 1.135714530944824219e+00
1.792542338371276855e+00 1.219598412513732910e+00 1.150332927703857422e+00
1.771070837974548340e+00 1.278766989707946777e+00 1.122071146965026855e+00
1.694723367691040039e+00 1.244118809700012207e+00 1.109216928482055664e+00
1.604064702987670898e+00 1.311862468719482422e+00 1.213543057441711426e+00
1.719679474830627441e+00 1.252634882926940918e+00 1.154996275901794434e+00
1.739583015441894531e+00 1.368740558624267578e+00 1.073240280151367188e+00
1.628162026405334473e+00 1.270665168762207031e+00 1.200945496559143066e+00
1.624112486839294434e+00 1.343807458877563477e+00 1.163211703300476074e+00
1.679265737533569336e+00 1.310632348060607910e+00 1.189185619354248047e+00
1.656796216964721680e+00 1.307343125343322754e+00 1.255201101303100586e+00
1.653814077377319336e+00 1.225004673004150391e+00 1.179084300994873047e+00
1.671643972396850586e+00 1.282337546348571777e+00 1.235463619232177734e+00
1.676070213317871094e+00 1.300133109092712402e+00 1.175268530845642090e+00
1.679580330848693848e+00 1.302413105964660645e+00 1.142468690872192383e+00
1.706519722938537598e+00 1.287462234497070312e+00 1.263962507247924805e+00
1.773490190505981445e+00 1.223670601844787598e+00 1.224163293838500977e+00
1.656710505485534668e+00 1.293941020965576172e+00 1.133574008941650391e+00
1.662462234497070312e+00 1.288945078849792480e+00 1.217502832412719727e+00
1.722319602966308594e+00 1.288700222969055176e+00 1.314501404762268066e+00
1.664496660232543945e+00 1.292304158210754395e+00 1.120142579078674316e+00
1.597327232360839844e+00 1.300080060958862305e+00 1.194838643074035645e+00
1.698299050331115723e+00 1.260088205337524414e+00 1.163840293884277344e+00
1.681358695030212402e+00 1.198675155639648438e+00 1.213608264923095703e+00
1.722693681716918945e+00 1.266008019447326660e+00 1.093780279159545898e+00
1.743856191635131836e+00 1.320325613021850586e+00 1.180454134941101074e+00
1.705140113830566406e+00 1.313968539237976074e+00 1.172824621200561523e+00
1.691984295845031738e+00 1.311607003211975098e+00 1.200391769409179688e+00
1.648184418678283691e+00 1.236700654029846191e+00 1.234627246856689453e+00
1.808710455894470215e+00 1.301294684410095215e+00 1.324717044830322266e+00
1.766600370407104492e+00 1.229075431823730469e+00 1.169620156288146973e+00
1.680425167083740234e+00 1.291503429412841797e+00 1.222275018692016602e+00
1.730579614639282227e+00 1.346530795097351074e+00 1.260344982147216797e+00
1.655482411384582520e+00 1.352332949638366699e+00 1.192290425300598145e+00
1.751790881156921387e+00 1.296239018440246582e+00 1.229455947875976562e+00
1.641862392425537109e+00 1.253430008888244629e+00 1.218120813369750977e+00
1.628841042518615723e+00 1.290538549423217773e+00 1.223474621772766113e+00
1.749712228775024414e+00 1.329935312271118164e+00 1.037524461746215820e+00
1.642666697502136230e+00 1.306870579719543457e+00 1.195793151855468750e+00
1.642917990684509277e+00 1.258913516998291016e+00 1.217946648597717285e+00
1.726776242256164551e+00 1.283265113830566406e+00 1.179926037788391113e+00
1.772925972938537598e+00 1.355114936828613281e+00 1.186772108078002930e+00
1.633977651596069336e+00 1.296946644783020020e+00 1.146147847175598145e+00
1.789466738700866699e+00 1.339953780174255371e+00 1.279220819473266602e+00
1.663709402084350586e+00 1.268335819244384766e+00 1.230280518531799316e+00
1.803281545639038086e+00 1.337211608886718750e+00 1.261594057083129883e+00
1.749554991722106934e+00 1.277687907218933105e+00 1.101946830749511719e+00
1.725194334983825684e+00 1.296625137329101562e+00 1.141823887825012207e+00
1.690355062484741211e+00 1.290418863296508789e+00 1.147586464881896973e+00
1.687878489494323730e+00 1.305384039878845215e+00 1.210241436958312988e+00
1.724749088287353516e+00 1.303339719772338867e+00 1.148294091224670410e+00
1.777752280235290527e+00 1.256722450256347656e+00 1.180554628372192383e+00
1.699217081069946289e+00 1.333224654197692871e+00 1.211443543434143066e+00
1.776722550392150879e+00 1.322926521301269531e+00 1.222256302833557129e+00
1.806993246078491211e+00 1.191840410232543945e+00 1.122141599655151367e+00
1.665219545364379883e+00 1.302917242050170898e+00 1.177620291709899902e+00
1.676257729530334473e+00 1.323995828628540039e+00 1.203774809837341309e+00
1.591800212860107422e+00 1.289184689521789551e+00 1.257130384445190430e+00
1.661185503005981445e+00 1.277251839637756348e+00 1.176221609115600586e+00
1.602698683738708496e+00 1.314645171165466309e+00 1.175703763961791992e+00
1.730444073677062988e+00 1.282057762145996094e+00 1.140499711036682129e+00
1.705562472343444824e+00 1.348020792007446289e+00 1.140217542648315430e+00
1.774724841117858887e+00 1.264711141586303711e+00 1.240063428878784180e+00
1.601375341415405273e+00 1.279999494552612305e+00 1.182453989982604980e+00
1.732348799705505371e+00 1.277725458145141602e+00 1.166528701782226562e+00
1.717045783996582031e+00 1.282247543334960938e+00 1.225383043289184570e+00
1.726654052734375000e+00 1.313661217689514160e+00 1.127754449844360352e+00
1.659843325614929199e+00 1.391507029533386230e+00 1.186988592147827148e+00
1.610800266265869141e+00 1.278738141059875488e+00 1.225221514701843262e+00
1.612118840217590332e+00 1.298343300819396973e+00 1.174473881721496582e+00
1.689783930778503418e+00 1.327462315559387207e+00 1.073343157768249512e+00
1.667119741439819336e+00 1.250757455825805664e+00 1.172540664672851562e+00
1.802525639533996582e+00 1.229696869850158691e+00 1.183827280998229980e+00
1.708842039108276367e+00 1.306148886680603027e+00 1.197646260261535645e+00
1.743616342544555664e+00 1.229135036468505859e+00 1.266968846321105957e+00
1.657584428787231445e+00 1.241282820701599121e+00 1.210838198661804199e+00
1.697974205017089844e+00 1.256095290184020996e+00 1.078512430191040039e+00
1.662345647811889648e+00 1.324735760688781738e+00 1.226690411567687988e+00
1.645466446876525879e+00 1.285854578018188477e+00 1.212364554405212402e+00
1.642037630081176758e+00 1.339099168777465820e+00 1.142407059669494629e+00
1.710247397422790527e+00 1.270335435867309570e+00 1.220677375793457031e+00
1.786011934280395508e+00 1.353111624717712402e+00 1.194489598274230957e+00
1.657687067985534668e+00 1.256865262985229492e+00 1.285377264022827148e+00
1.640932917594909668e+00 1.252866983413696289e+00 1.259419679641723633e+00
1.790685415267944336e+00 1.320456981658935547e+00 1.305065393447875977e+00
1.683198451995849609e+00 1.232130646705627441e+00 1.179254174232482910e+00
1.750079393386840820e+00 1.293647646903991699e+00 1.191861510276794434e+00
1.692711114883422852e+00 1.298627376556396484e+00 1.114808559417724609e+00
1.712397098541259766e+00 1.300629973411560059e+00 1.081671357154846191e+00
1.667227625846862793e+00 1.290461421012878418e+00 1.117323637008666992e+00
1.719507455825805664e+00 1.259073495864868164e+00 1.244916796684265137e+00
1.696833729743957520e+00 1.300883769989013672e+00 1.228705286979675293e+00
1.730929851531982422e+00 1.261702656745910645e+00 1.168117046356201172e+00
1.654022216796875000e+00 1.311330914497375488e+00 1.247311711311340332e+00
1.698010921478271484e+00 1.297627925872802734e+00 1.219160199165344238e+00
1.661243796348571777e+00 1.264119148254394531e+00 1.216617465019226074e+00
1.661900639533996582e+00 1.244405746459960938e+00 1.116309404373168945e+00
1.704810142517089844e+00 1.241929531097412109e+00 1.273185729980468750e+00
1.642991542816162109e+00 1.281520724296569824e+00 1.146317005157470703e+00
1.729302406311035156e+00 1.285726189613342285e+00 1.221721887588500977e+00
1.668476819992065430e+00 1.277361154556274414e+00 1.273576736450195312e+00
1.734830975532531738e+00 1.281232714653015137e+00 1.336502790451049805e+00
1.638141274452209473e+00 1.287190556526184082e+00 1.139749526977539062e+00
1.588097691535949707e+00 1.327769517898559570e+00 1.263257145881652832e+00
1.726369142532348633e+00 1.250417947769165039e+00 1.149980783462524414e+00
1.724765539169311523e+00 1.257792234420776367e+00 1.223759055137634277e+00
1.724050879478454590e+00 1.323976993560791016e+00 1.288844585418701172e+00
1.633221149444580078e+00 1.204794406890869141e+00 1.248126268386840820e+00
1.638479828834533691e+00 1.246803402900695801e+00 1.094108462333679199e+00
1.703331470489501953e+00 1.283721089363098145e+00 1.206514239311218262e+00
1.730724692344665527e+00 1.229995608329772949e+00 1.175582289695739746e+00
1.743074297904968262e+00 1.253042459487915039e+00 1.230906009674072266e+00
1.676661968231201172e+00 1.321298956871032715e+00 1.204950928688049316e+00
1.806840777397155762e+00 1.304035186767578125e+00 1.203984260559082031e+00
1.690888643264770508e+00 1.304947972297668457e+00 1.205166101455688477e+00
1.741434812545776367e+00 1.320396542549133301e+00 1.130534529685974121e+00
1.682749629020690918e+00 1.300283432006835938e+00 1.085769057273864746e+00
1.769078254699707031e+00 1.297310709953308105e+00 1.198360323905944824e+00
1.732743263244628906e+00 1.224670052528381348e+00 1.091720342636108398e+00
1.682947635650634766e+00 1.282894968986511230e+00 1.166892766952514648e+00
1.611586093902587891e+00 1.280961751937866211e+00 1.285174608230590820e+00
1.702904582023620605e+00 1.264727473258972168e+00 1.287726402282714844e+00
1.642461538314819336e+00 1.296440243721008301e+00 1.193472623825073242e+00
1.706101655960083008e+00 1.312590718269348145e+00 1.227195262908935547e+00
1.677795410156250000e+00 1.279026985168457031e+00 1.249269604682922363e+00
1.766181826591491699e+00 1.295274138450622559e+00 1.238476872444152832e+00
1.689272284507751465e+00 1.301766395568847656e+00 1.192262768745422363e+00
1.719178915023803711e+00 1.427066326141357422e+00 1.250983119010925293e+00
1.644388556480407715e+00 1.256865859031677246e+00 1.264793872833251953e+00
1.585859537124633789e+00 1.289402484893798828e+00 1.209901571273803711e+00
1.641495585441589355e+00 1.300788640975952148e+00 1.163787603378295898e+00
1.619339823722839355e+00 1.308969855308532715e+00 1.195950627326965332e+00
1.664233684539794922e+00 1.382544517517089844e+00 1.260744094848632812e+00
1.716820120811462402e+00 1.280501246452331543e+00 1.168944478034973145e+00
1.713246822357177734e+00 1.295467615127563477e+00 1.171448707580566406e+00
1.705711483955383301e+00 1.333261609077453613e+00 1.181462168693542480e+00
1.737979650497436523e+00 1.338443636894226074e+00 1.278298020362854004e+00
1.763321161270141602e+00 1.293326139450073242e+00 1.160856604576110840e+00
1.723921298980712891e+00 1.331834316253662109e+00 1.160754680633544922e+00
1.632362008094787598e+00 1.296267151832580566e+00 1.142744779586791992e+00
1.713363766670227051e+00 1.282856345176696777e+00 1.176915764808654785e+00
1.710993885993957520e+00 1.245919466018676758e+00 1.239515423774719238e+00
1.773192048072814941e+00 1.339810132980346680e+00 1.199156522750854492e+00
1.741537809371948242e+00 1.382498979568481445e+00 1.206217765808105469e+00
1.671767950057983398e+00 1.279400110244750977e+00 1.186307311058044434e+00
1.649986386299133301e+00 1.271756410598754883e+00 1.217958092689514160e+00
1.671134114265441895e+00 1.319394826889038086e+00 1.253233909606933594e+00
1.658531904220581055e+00 1.253014564514160156e+00 1.105439662933349609e+00
1.682676911354064941e+00 1.276123762130737305e+00 1.185137629508972168e+00
1.658164978027343750e+00 1.246801614761352539e+00 1.252788901329040527e+00
1.762426972389221191e+00 1.237404108047485352e+00 1.217249155044555664e+00
1.593167543411254883e+00 1.311862230300903320e+00 1.069021344184875488e+00
1.731046080589294434e+00 1.311268806457519531e+00 1.251301884651184082e+00
1.723124146461486816e+00 1.249678969383239746e+00 1.240005850791931152e+00
1.689826011657714844e+00 1.228430628776550293e+00 1.207489371299743652e+00
1.735242486000061035e+00 1.262194395065307617e+00 1.133102416992187500e+00
1.621045589447021484e+00 1.254912257194519043e+00 1.297096848487854004e+00
1.699061155319213867e+00 1.263340950012207031e+00 1.244145035743713379e+00
1.675559639930725098e+00 1.255443692207336426e+00 1.111525535583496094e+00
1.683781743049621582e+00 1.298730254173278809e+00 1.183528304100036621e+00
1.641974329948425293e+00 1.288869738578796387e+00 1.235890626907348633e+00
1.701716423034667969e+00 1.282807111740112305e+00 1.204643607139587402e+00
1.768947839736938477e+00 1.339362740516662598e+00 1.175588726997375488e+00
1.698191285133361816e+00 1.288052558898925781e+00 1.191331624984741211e+00
1.751017689704895020e+00 1.245367646217346191e+00 1.158042669296264648e+00
1.793734788894653320e+00 1.333355069160461426e+00 1.281834125518798828e+00
1.785380363464355469e+00 1.334182024002075195e+00 1.173889160156250000e+00
1.679925680160522461e+00 1.243895411491394043e+00 1.172733783721923828e+00
1.731789469718933105e+00 1.290445208549499512e+00 1.188095927238464355e+00
1.671170234680175781e+00 1.263388395309448242e+00 1.187970042228698730e+00
1.755859971046447754e+00 1.281003117561340332e+00 1.204381823539733887e+00
1.713607430458068848e+00 1.365537047386169434e+00 1.180815219879150391e+00
1.663491129875183105e+00 1.308993577957153320e+00 1.215271353721618652e+00
1.732818245887756348e+00 1.214189529418945312e+00 1.127583026885986328e+00
1.708404302597045898e+00 1.247338533401489258e+00 1.241421341896057129e+00
1.674002051353454590e+00 1.257305026054382324e+00 1.214544296264648438e+00
1.646467089653015137e+00 1.337465047836303711e+00 1.118476986885070801e+00
1.709149956703186035e+00 1.314083814620971680e+00 1.127822875976562500e+00
1.580855488777160645e+00 1.300312876701354980e+00 1.197813034057617188e+00
1.702818512916564941e+00 1.332309484481811523e+00 1.183996915817260742e+00
1.657260179519653320e+00 1.222202897071838379e+00 1.207677364349365234e+00
1.716599464416503906e+00 1.288038969039916992e+00 1.226172089576721191e+00
1.698685526847839355e+00 1.267356634140014648e+00 1.254979968070983887e+00
1.820677876472473145e+00 1.238844513893127441e+00 1.256549596786499023e+00
1.538362264633178711e+00 1.349209308624267578e+00 1.080158472061157227e+00
1.738442778587341309e+00 1.258863449096679688e+00 1.177313923835754395e+00
1.712690472602844238e+00 1.324784278869628906e+00 1.109484076499938965e+00
1.751522421836853027e+00 1.249974966049194336e+00 1.220938682556152344e+00
1.743401288986206055e+00 1.262988448143005371e+00 1.110361695289611816e+00
1.669231414794921875e+00 1.200165152549743652e+00 1.176108121871948242e+00
1.687172174453735352e+00 1.271654486656188965e+00 1.189366459846496582e+00
1.780230283737182617e+00 1.340975642204284668e+00 1.233161568641662598e+00
1.715998411178588867e+00 1.300197720527648926e+00 1.198464512825012207e+00
1.691597700119018555e+00 1.232494473457336426e+00 1.250623703002929688e+00
1.663550972938537598e+00 1.298164844512939453e+00 1.237538456916809082e+00
1.665757656097412109e+00 1.299436330795288086e+00 1.099587440490722656e+00
1.603450417518615723e+00 1.353966832160949707e+00 1.237700581550598145e+00
1.727125406265258789e+00 1.341323852539062500e+00 1.164959907531738281e+00
1.677911520004272461e+00 1.240204215049743652e+00 1.136048078536987305e+00
1.642504453659057617e+00 1.260423183441162109e+00 1.214234113693237305e+00
1.612504482269287109e+00 1.166508793830871582e+00 1.290926694869995117e+00
1.657363414764404297e+00 1.289335727691650391e+00 1.243084907531738281e+00
1.607778310775756836e+00 1.283860206604003906e+00 1.125961661338806152e+00
1.715013742446899414e+00 1.368966817855834961e+00 1.159584999084472656e+00
1.734332323074340820e+00 1.233141183853149414e+00 1.215981364250183105e+00
1.671658635139465332e+00 1.316443324089050293e+00 1.191989183425903320e+00
1.696332693099975586e+00 1.257364392280578613e+00 1.213108062744140625e+00
1.594555854797363281e+00 1.297155261039733887e+00 1.193420290946960449e+00
1.613461136817932129e+00 1.208844542503356934e+00 1.140181541442871094e+00
1.709185957908630371e+00 1.319040179252624512e+00 1.141171455383300781e+00
1.660467386245727539e+00 1.315213680267333984e+00 1.170053601264953613e+00
1.646299958229064941e+00 1.350461483001708984e+00 1.207460641860961914e+00
1.765005230903625488e+00 1.305609941482543945e+00 1.156003713607788086e+00
1.726097941398620605e+00 1.257448434829711914e+00 1.213018774986267090e+00
1.774992108345031738e+00 1.242720007896423340e+00 1.192942142486572266e+00
1.705616712570190430e+00 1.281943678855895996e+00 1.186948776245117188e+00
1.686248064041137695e+00 1.266630053520202637e+00 1.293254494667053223e+00
1.649311423301696777e+00 1.255986928939819336e+00 1.210229516029357910e+00
1.642650485038757324e+00 1.264306545257568359e+00 1.226912856101989746e+00
1.744148015975952148e+00 1.283148288726806641e+00 1.222872376441955566e+00
1.775733828544616699e+00 1.247247219085693359e+00 1.125619053840637207e+00
1.658388614654541016e+00 1.251321196556091309e+00 1.237782239913940430e+00
1.703171968460083008e+00 1.282189369201660156e+00 1.169594049453735352e+00
1.735765337944030762e+00 1.280296683311462402e+00 1.197628259658813477e+00
1.771577239036560059e+00 1.304661035537719727e+00 1.166165947914123535e+00
1.659279227256774902e+00 1.309091329574584961e+00 1.214866280555725098e+00
1.661890387535095215e+00 1.308617115020751953e+00 1.195301771163940430e+00
1.719469428062438965e+00 1.316569924354553223e+00 1.138826847076416016e+00
1.771220803260803223e+00 1.319577574729919434e+00 1.278545618057250977e+00
1.713498830795288086e+00 1.252721548080444336e+00 1.045935511589050293e+00
1.619595289230346680e+00 1.260451674461364746e+00 1.157941222190856934e+00
1.686231374740600586e+00 1.250725269317626953e+00 1.202909946441650391e+00
1.643395304679870605e+00 1.271691679954528809e+00 1.170055866241455078e+00
1.646465778350830078e+00 1.276295900344848633e+00 1.182289361953735352e+00
1.685878515243530273e+00 1.271252393722534180e+00 1.199699997901916504e+00
1.713573336601257324e+00 1.339128017425537109e+00 1.147081613540649414e+00
1.702882766723632812e+00 1.324080228805541992e+00 1.166398167610168457e+00
1.728538036346435547e+00 1.266314625740051270e+00 1.165344715118408203e+00
1.556794047355651855e+00 1.253715753555297852e+00 1.250829219818115234e+00
1.745192289352416992e+00 1.275521636009216309e+00 1.214702129364013672e+00
1.615084648132324219e+00 1.235293269157409668e+00 1.193059086799621582e+00
1.667965531349182129e+00 1.201671719551086426e+00 1.099564075469970703e+00
1.718064785003662109e+00 1.264224767684936523e+00 1.394738793373107910e+00
1.677172183990478516e+00 1.272479057312011719e+00 1.144969820976257324e+00
1.649704575538635254e+00 1.224091529846191406e+00 1.204453825950622559e+00
1.607588648796081543e+00 1.284547805786132812e+00 1.187874913215637207e+00
1.704953551292419434e+00 1.379304766654968262e+00 1.180071353912353516e+00
1.712219476699829102e+00 1.265069603919982910e+00 1.200775742530822754e+00
1.615730166435241699e+00 1.353885650634765625e+00 1.172535181045532227e+00
1.635146737098693848e+00 1.312299370765686035e+00 1.129980325698852539e+00
1.768150925636291504e+00 1.213982939720153809e+00 1.148449778556823730e+00
1.731190919876098633e+00 1.253607988357543945e+00 1.170561075210571289e+00
1.696426153182983398e+00 1.366358876228332520e+00 1.234664678573608398e+00
1.747975826263427734e+00 1.348754644393920898e+00 1.221771240234375000e+00
1.578492164611816406e+00 1.293905138969421387e+00 1.137598872184753418e+00
1.707860350608825684e+00 1.288827538490295410e+00 1.183812260627746582e+00
1.725405097007751465e+00 1.296212553977966309e+00 1.183477044105529785e+00
1.549852967262268066e+00 1.236263513565063477e+00 1.197866797447204590e+00
1.699482321739196777e+00 1.360258579254150391e+00 1.254863858222961426e+00
1.679371118545532227e+00 1.244936823844909668e+00 1.206213355064392090e+00
1.779759407043457031e+00 1.285412311553955078e+00 1.204636335372924805e+00
1.712132453918457031e+00 1.231330394744873047e+00 1.194992423057556152e+00
1.755178332328796387e+00 1.304764986038208008e+00 1.178316831588745117e+00
1.751142024993896484e+00 1.275565147399902344e+00 1.173226356506347656e+00
1.666017532348632812e+00 1.306019425392150879e+00 1.195356011390686035e+00
1.780167579650878906e+00 1.371854066848754883e+00 1.301779150962829590e+00
1.592248439788818359e+00 1.334502339363098145e+00 1.164368867874145508e+00
1.666254281997680664e+00 1.355526447296142578e+00 1.129483461380004883e+00
1.745562553405761719e+00 1.275332450866699219e+00 1.211766481399536133e+00
1.653169512748718262e+00 1.265499234199523926e+00 1.202191233634948730e+00
1.694886565208435059e+00 1.337425351142883301e+00 1.149299144744873047e+00
1.781364321708679199e+00 1.361664772033691406e+00 1.210286498069763184e+00
1.735911607742309570e+00 1.309327721595764160e+00 1.227807521820068359e+00
1.780711174011230469e+00 1.278016090393066406e+00 1.176432490348815918e+00
1.691132783889770508e+00 1.288715600967407227e+00 1.232364535331726074e+00
1.662165880203247070e+00 1.219118237495422363e+00 1.116519093513488770e+00
1.733034849166870117e+00 1.296210169792175293e+00 1.225011110305786133e+00
1.663599371910095215e+00 1.257223844528198242e+00 1.240692257881164551e+00
1.731801986694335938e+00 1.299686431884765625e+00 1.198269009590148926e+00
1.670841813087463379e+00 1.338841080665588379e+00 1.223917961120605469e+00
1.664477825164794922e+00 1.248847126960754395e+00 1.151554703712463379e+00
1.594832062721252441e+00 1.233516454696655273e+00 1.119368314743041992e+00
1.666139960289001465e+00 1.289743185043334961e+00 1.162832856178283691e+00
1.746108174324035645e+00 1.282875776290893555e+00 1.180906176567077637e+00
1.741369009017944336e+00 1.320860028266906738e+00 1.266325116157531738e+00
1.734213352203369141e+00 1.262330532073974609e+00 1.168574094772338867e+00
1.740203022956848145e+00 1.282137989997863770e+00 1.154413938522338867e+00
1.668228030204772949e+00 1.276812911033630371e+00 1.155421376228332520e+00
1.707901358604431152e+00 1.202785253524780273e+00 1.205386757850646973e+00
1.672494173049926758e+00 1.255195736885070801e+00 1.210734844207763672e+00
1.682387471199035645e+00 1.301624059677124023e+00 1.231245875358581543e+00
1.694349408149719238e+00 1.321919679641723633e+00 1.262917518615722656e+00
1.669298768043518066e+00 1.254652500152587891e+00 1.274451494216918945e+00
1.709969043731689453e+00 1.284280300140380859e+00 1.228048205375671387e+00
1.658438324928283691e+00 1.275396823883056641e+00 1.241543173789978027e+00
1.676674842834472656e+00 1.312196612358093262e+00 1.234198570251464844e+00
1.732480883598327637e+00 1.300529837608337402e+00 1.271604537963867188e+00
1.605077266693115234e+00 1.297006249427795410e+00 1.277587175369262695e+00
1.698307275772094727e+00 1.242687225341796875e+00 1.221665501594543457e+00
1.683509469032287598e+00 1.340825438499450684e+00 1.242527723312377930e+00
1.729223251342773438e+00 1.268418192863464355e+00 1.180098176002502441e+00
1.664118289947509766e+00 1.361527442932128906e+00 1.101955413818359375e+00
1.652109861373901367e+00 1.262834429740905762e+00 1.214647173881530762e+00
1.737319111824035645e+00 1.256251096725463867e+00 1.157022237777709961e+00
1.700068473815917969e+00 1.341769099235534668e+00 1.206223249435424805e+00
1.639336109161376953e+00 1.265884757041931152e+00 1.210794329643249512e+00
1.690455675125122070e+00 1.378503322601318359e+00 1.256942868232727051e+00
1.723367333412170410e+00 1.300522327423095703e+00 1.193565726280212402e+00
1.717105031013488770e+00 1.311225533485412598e+00 1.196948647499084473e+00
1.673707842826843262e+00 1.298087596893310547e+00 1.235476851463317871e+00
1.689745306968688965e+00 1.304901599884033203e+00 1.141831874847412109e+00
1.726280093193054199e+00 1.257342934608459473e+00 1.218751192092895508e+00
1.738366842269897461e+00 1.255856990814208984e+00 1.110454201698303223e+00
1.634689450263977051e+00 1.326264142990112305e+00 1.259191513061523438e+00
1.696182370185852051e+00 1.355209112167358398e+00 1.271356225013732910e+00
1.701524019241333008e+00 1.314483761787414551e+00 1.245130658149719238e+00
1.695706009864807129e+00 1.305326223373413086e+00 1.139403343200683594e+00
1.659082531929016113e+00 1.251820206642150879e+00 1.280406475067138672e+00
1.710227608680725098e+00 1.311324715614318848e+00 1.208388805389404297e+00
1.775996804237365723e+00 1.297359228134155273e+00 1.180679440498352051e+00
1.748364329338073730e+00 1.268863320350646973e+00 1.168573021888732910e+00
1.656201243400573730e+00 1.290667653083801270e+00 1.216410517692565918e+00
1.761935949325561523e+00 1.312370419502258301e+00 1.171289801597595215e+00
1.779479980468750000e+00 1.322768330574035645e+00 1.196310758590698242e+00
1.696803927421569824e+00 1.283405661582946777e+00 1.220970392227172852e+00
1.750844001770019531e+00 1.327144503593444824e+00 1.124772548675537109e+00
1.605235219001770020e+00 1.326054453849792480e+00 1.170022130012512207e+00
1.681535959243774414e+00 1.257094144821166992e+00 1.208802580833435059e+00
1.632606863975524902e+00 1.189006567001342773e+00 1.158773422241210938e+00
1.622888565063476562e+00 1.350399374961853027e+00 1.163006782531738281e+00
1.694163203239440918e+00 1.334578394889831543e+00 1.297272920608520508e+00
1.772084951400756836e+00 1.293379783630371094e+00 1.235092759132385254e+00
1.647866845130920410e+00 1.253150939941406250e+00 1.155177950859069824e+00
1.619217872619628906e+00 1.190228462219238281e+00 1.255379438400268555e+00
1.698958158493041992e+00 1.343442559242248535e+00 1.208074569702148438e+00
1.731083750724792480e+00 1.280507564544677734e+00 1.197068691253662109e+00
1.649251699447631836e+00 1.261933445930480957e+00 1.147882699966430664e+00
1.709241867065429688e+00 1.289378881454467773e+00 1.295708179473876953e+00
1.760447502136230469e+00 1.274722695350646973e+00 1.209486365318298340e+00
1.736218214035034180e+00 1.251711010932922363e+00 1.208517670631408691e+00
1.757920265197753906e+00 1.230902075767517090e+00 1.337330579757690430e+00
1.767332911491394043e+00 1.292153000831604004e+00 1.141528129577636719e+00
1.687844872474670410e+00 1.233413577079772949e+00 1.250365138053894043e+00
1.612565875053405762e+00 1.279150247573852539e+00 1.210911750793457031e+00
1.680804133415222168e+00 1.308874607086181641e+00 1.183965206146240234e+00
1.716123938560485840e+00 1.224442720413208008e+00 1.276715993881225586e+00
1.653746008872985840e+00 1.293142795562744141e+00 1.151315569877624512e+00
1.683869123458862305e+00 1.286117672920227051e+00 1.079635977745056152e+00
1.716614246368408203e+00 1.284202933311462402e+00 1.215707659721374512e+00
1.758022546768188477e+00 1.345718264579772949e+00 1.199689865112304688e+00
1.758787870407104492e+00 1.276206493377685547e+00 1.196526646614074707e+00
1.724397301673889160e+00 1.323415279388427734e+00 1.202622413635253906e+00
1.665408611297607422e+00 1.292584896087646484e+00 1.267546176910400391e+00
1.627269148826599121e+00 1.280203461647033691e+00 1.125180363655090332e+00
1.749075651168823242e+00 1.274443864822387695e+00 1.190795063972473145e+00
1.750340700149536133e+00 1.250447630882263184e+00 1.119172930717468262e+00
1.669587254524230957e+00 1.252002358436584473e+00 1.209870696067810059e+00
1.653996825218200684e+00 1.244795203208923340e+00 1.190858960151672363e+00
1.669122338294982910e+00 1.265652775764465332e+00 1.176182508468627930e+00
1.621383309364318848e+00 1.277763962745666504e+00 1.140553355216979980e+00
1.631838321685791016e+00 1.219597339630126953e+00 1.182698130607604980e+00
1.768733024597167969e+00 1.302366614341735840e+00 1.194296479225158691e+00
1.664565801620483398e+00 1.254618287086486816e+00 1.245541334152221680e+00
1.733391880989074707e+00 1.224360585212707520e+00 1.086356639862060547e+00
1.610305070877075195e+00 1.304643750190734863e+00 1.187678933143615723e+00
1.805513381958007812e+00 1.328544259071350098e+00 1.176794648170471191e+00
1.692929625511169434e+00 1.270561456680297852e+00 1.190202116966247559e+00
1.732833623886108398e+00 1.209005117416381836e+00 1.131292462348937988e+00
1.744095206260681152e+00 1.257411718368530273e+00 1.213922500610351562e+00
1.759816884994506836e+00 1.312745928764343262e+00 1.097081422805786133e+00
1.698128581047058105e+00 1.332720518112182617e+00 1.241556882858276367e+00
1.672466635704040527e+00 1.262268304824829102e+00 1.263621926307678223e+00
1.606568336486816406e+00 1.278913736343383789e+00 1.138691902160644531e+00
1.682312488555908203e+00 1.232307434082031250e+00 1.156366467475891113e+00
1.697499155998229980e+00 1.367739677429199219e+00 1.297819495201110840e+00
1.705721974372863770e+00 1.316577315330505371e+00 1.225412726402282715e+00
1.731165885925292969e+00 1.358176469802856445e+00 1.160876989364624023e+00
1.643778324127197266e+00 1.362941384315490723e+00 1.224347472190856934e+00
1.662663221359252930e+00 1.308416843414306641e+00 1.199194788932800293e+00
1.676771402359008789e+00 1.303332686424255371e+00 1.181327104568481445e+00
1.704039096832275391e+00 1.291002631187438965e+00 1.202525615692138672e+00
1.753498673439025879e+00 1.264666080474853516e+00 1.197762370109558105e+00
1.681396603584289551e+00 1.255115866661071777e+00 1.206854224205017090e+00
1.738843798637390137e+00 1.178849101066589355e+00 1.300683856010437012e+00
1.726740002632141113e+00 1.303238272666931152e+00 1.211349368095397949e+00
1.732311129570007324e+00 1.226562023162841797e+00 1.236466884613037109e+00
1.699758052825927734e+00 1.299409866333007812e+00 1.198394894599914551e+00
1.679337978363037109e+00 1.276719689369201660e+00 1.087340712547302246e+00
1.674731016159057617e+00 1.285236716270446777e+00 1.247073292732238770e+00
1.729886054992675781e+00 1.236605644226074219e+00 1.151892066001892090e+00
1.730251193046569824e+00 1.228414297103881836e+00 1.203065156936645508e+00
1.719364047050476074e+00 1.277002930641174316e+00 1.198701858520507812e+00
1.718785047531127930e+00 1.307614088058471680e+00 1.221930027008056641e+00
1.656708121299743652e+00 1.290645003318786621e+00 1.214425921440124512e+00
1.735960125923156738e+00 1.235714077949523926e+00 1.224947452545166016e+00
1.678227186203002930e+00 1.268158674240112305e+00 1.189335227012634277e+00
1.687565088272094727e+00 1.269644021987915039e+00 1.218380689620971680e+00
1.814777731895446777e+00 1.325010061264038086e+00 1.195617914199829102e+00
1.723155975341796875e+00 1.295688748359680176e+00 1.147979140281677246e+00
1.571470975875854492e+00 1.281736254692077637e+00 1.237986207008361816e+00
1.733174562454223633e+00 1.311233639717102051e+00 1.095629692077636719e+00
1.660624861717224121e+00 1.291592597961425781e+00 1.214960813522338867e+00
1.673784971237182617e+00 1.265093803405761719e+00 1.163986325263977051e+00
1.692162394523620605e+00 1.361077904701232910e+00 1.169636726379394531e+00
1.696636080741882324e+00 1.267300367355346680e+00 1.210566043853759766e+00
1.688001632690429688e+00 1.240387320518493652e+00 1.109278559684753418e+00
1.674026608467102051e+00 1.345300197601318359e+00 1.229782581329345703e+00
1.730401992797851562e+00 1.245484471321105957e+00 1.142027139663696289e+00
1.693808913230895996e+00 1.275288343429565430e+00 1.236237168312072754e+00
1.758657336235046387e+00 1.261085510253906250e+00 1.207636356353759766e+00
1.702273130416870117e+00 1.280970573425292969e+00 1.098607182502746582e+00
1.778308510780334473e+00 1.311506986618041992e+00 1.147787332534790039e+00
1.601389765739440918e+00 1.384803175926208496e+00 1.198985457420349121e+00
1.658014059066772461e+00 1.231295824050903320e+00 1.212650299072265625e+00
1.663994193077087402e+00 1.365448832511901855e+00 1.250068426132202148e+00
1.608755111694335938e+00 1.298146963119506836e+00 1.255300998687744141e+00
1.726284146308898926e+00 1.246862649917602539e+00 1.131162762641906738e+00
1.716362714767456055e+00 1.248499035835266113e+00 1.275547266006469727e+00
1.664356470108032227e+00 1.318605184555053711e+00 1.243345856666564941e+00
1.605998635292053223e+00 1.312982320785522461e+00 1.263798713684082031e+00
1.726951003074645996e+00 1.241223931312561035e+00 1.274594783782958984e+00
1.646585464477539062e+00 1.308514595031738281e+00 1.146838188171386719e+00
1.749136090278625488e+00 1.320918679237365723e+00 1.111311793327331543e+00
1.735350131988525391e+00 1.268293619155883789e+00 1.248420715332031250e+00
1.698244810104370117e+00 1.329460859298706055e+00 1.228595733642578125e+00
1.682872772216796875e+00 1.313588142395019531e+00 1.199427843093872070e+00
1.804455995559692383e+00 1.288354158401489258e+00 1.205546021461486816e+00
1.700650095939636230e+00 1.318008422851562500e+00 1.217864394187927246e+00
1.727972626686096191e+00 1.271128654479980469e+00 1.216933727264404297e+00
1.721366405487060547e+00 1.282485008239746094e+00 1.234517812728881836e+00
1.717882394790649414e+00 1.268698096275329590e+00 1.180836796760559082e+00
1.674382925033569336e+00 1.307931184768676758e+00 1.276246309280395508e+00
1.737738847732543945e+00 1.264880418777465820e+00 1.150380969047546387e+00
1.711648702621459961e+00 1.300618171691894531e+00 1.147735714912414551e+00
1.669164299964904785e+00 1.285780906677246094e+00 1.219852328300476074e+00
1.717165470123291016e+00 1.283458471298217773e+00 1.250882744789123535e+00
1.724730610847473145e+00 1.305694937705993652e+00 1.207258105278015137e+00
1.715232014656066895e+00 1.245793223381042480e+00 1.107867121696472168e+00
1.673052787780761719e+00 1.247579932212829590e+00 1.141196250915527344e+00
1.779813051223754883e+00 1.303739547729492188e+00 1.155613183975219727e+00
1.659960150718688965e+00 1.322710275650024414e+00 1.272994279861450195e+00
1.725504636764526367e+00 1.208875656127929688e+00 1.197501301765441895e+00
1.754867196083068848e+00 1.346245169639587402e+00 1.180443644523620605e+00
1.648264288902282715e+00 1.309099078178405762e+00 1.186712861061096191e+00
1.663783431053161621e+00 1.251517772674560547e+00 1.220687389373779297e+00
1.697659254074096680e+00 1.276940226554870605e+00 1.184070110321044922e+00
1.654853582382202148e+00 1.294650077819824219e+00 1.117405056953430176e+00
1.690723299980163574e+00 1.260956406593322754e+00 1.186926722526550293e+00
1.705914497375488281e+00 1.238416790962219238e+00 1.158520102500915527e+00
1.759023785591125488e+00 1.306795954704284668e+00 1.248494625091552734e+00
1.699261069297790527e+00 1.256001710891723633e+00 1.157311916351318359e+00
1.681573867797851562e+00 1.295015335083007812e+00 1.212846517562866211e+00
1.674028038978576660e+00 1.276674628257751465e+00 1.197994470596313477e+00
1.701252818107604980e+00 1.225042223930358887e+00 1.189964890480041504e+00
1.695130467414855957e+00 1.298535346984863281e+00 1.165130257606506348e+00
1.678619265556335449e+00 1.286254048347473145e+00 1.111443996429443359e+00
1.657595872879028320e+00 1.273978829383850098e+00 1.134259462356567383e+00
1.768373847007751465e+00 1.275688886642456055e+00 1.154132127761840820e+00
1.709825038909912109e+00 1.343814492225646973e+00 1.093817114830017090e+00
1.702564358711242676e+00 1.248692750930786133e+00 1.167940497398376465e+00
1.711495995521545410e+00 1.275617718696594238e+00 1.197334051132202148e+00
1.686575412750244141e+00 1.312357425689697266e+00 1.160215854644775391e+00
1.680431604385375977e+00 1.258394837379455566e+00 1.106475710868835449e+00
1.637810468673706055e+00 1.263314723968505859e+00 1.254472613334655762e+00
1.691960692405700684e+00 1.266303777694702148e+00 1.194507718086242676e+00
1.712162137031555176e+00 1.227480769157409668e+00 1.227823495864868164e+00
1.679557561874389648e+00 1.353600740432739258e+00 1.188023209571838379e+00
1.729063510894775391e+00 1.317083239555358887e+00 1.159895420074462891e+00
1.660374045372009277e+00 1.312478065490722656e+00 1.257879734039306641e+00
1.600590109825134277e+00 1.281530380249023438e+00 1.151102542877197266e+00
1.639854073524475098e+00 1.303068637847900391e+00 1.272487401962280273e+00
1.650185704231262207e+00 1.266178965568542480e+00 1.228507041931152344e+00
1.741789221763610840e+00 1.253503084182739258e+00 1.125417709350585938e+00
1.700566649436950684e+00 1.264979720115661621e+00 1.153362989425659180e+00
1.768109679222106934e+00 1.329703807830810547e+00 1.216561079025268555e+00
1.615281462669372559e+00 1.224669575691223145e+00 1.173130393028259277e+00
1.651045203208923340e+00 1.301384568214416504e+00 1.228440999984741211e+00
1.740492820739746094e+00 1.308182001113891602e+00 1.264406561851501465e+00
1.674856424331665039e+00 1.330772280693054199e+00 1.284028887748718262e+00
1.745914459228515625e+00 1.294855594635009766e+00 1.204493641853332520e+00
1.690862298011779785e+00 1.217563986778259277e+00 1.145717501640319824e+00
1.702678918838500977e+00 1.389652013778686523e+00 1.190821290016174316e+00
1.704545021057128906e+00 1.307677984237670898e+00 1.210144281387329102e+00
1.635636329650878906e+00 1.225472450256347656e+00 1.186319231986999512e+00
1.727402687072753906e+00 1.227127194404602051e+00 1.306207180023193359e+00
1.715242862701416016e+00 1.232857346534729004e+00 1.175365090370178223e+00
1.817355036735534668e+00 1.252920031547546387e+00 1.155886769294738770e+00
1.705480456352233887e+00 1.325372695922851562e+00 1.244909763336181641e+00
1.734434843063354492e+00 1.270305871963500977e+00 1.193951010704040527e+00
1.609128594398498535e+00 1.313291907310485840e+00 1.241342425346374512e+00
1.626684665679931641e+00 1.235126972198486328e+00 1.244404673576354980e+00
1.686890244483947754e+00 1.296745181083679199e+00 1.133375525474548340e+00
1.661516666412353516e+00 1.343093037605285645e+00 1.192156553268432617e+00
1.688291668891906738e+00 1.281743526458740234e+00 1.150128722190856934e+00
1.654367804527282715e+00 1.251089930534362793e+00 1.168821930885314941e+00
1.701954722404479980e+00 1.270113945007324219e+00 1.147068858146667480e+00
1.695819854736328125e+00 1.325899958610534668e+00 1.264134168624877930e+00
1.651255130767822266e+00 1.244005560874938965e+00 1.188042759895324707e+00
1.757676124572753906e+00 1.346150040626525879e+00 1.207326054573059082e+00
1.644380331039428711e+00 1.274909615516662598e+00 1.249810576438903809e+00
1.705649375915527344e+00 1.227315425872802734e+00 1.216107249259948730e+00
1.583765864372253418e+00 1.313990712165832520e+00 1.103475451469421387e+00
1.689300060272216797e+00 1.231295704841613770e+00 1.237980604171752930e+00
1.676559925079345703e+00 1.269514083862304688e+00 1.169935703277587891e+00
1.713138818740844727e+00 1.345243573188781738e+00 1.202841520309448242e+00
1.737818837165832520e+00 1.284540057182312012e+00 1.276823639869689941e+00
1.704391598701477051e+00 1.315799593925476074e+00 1.146727442741394043e+00
1.705265164375305176e+00 1.301903247833251953e+00 1.192986011505126953e+00
1.716957807540893555e+00 1.310709953308105469e+00 1.228013515472412109e+00
1.755911707878112793e+00 1.212424755096435547e+00 1.183533191680908203e+00
1.605970382690429688e+00 1.274921417236328125e+00 1.162873268127441406e+00
1.660413622856140137e+00 1.317874073982238770e+00 1.128634572029113770e+00
1.591079473495483398e+00 1.283695578575134277e+00 1.161970019340515137e+00
1.664833188056945801e+00 1.326549410820007324e+00 1.120302915573120117e+00
1.709034085273742676e+00 1.337897300720214844e+00 1.246253371238708496e+00
1.627809166908264160e+00 1.294005870819091797e+00 1.213423728942871094e+00
1.687326550483703613e+00 1.322919726371765137e+00 1.253953218460083008e+00
1.686392307281494141e+00 1.225908398628234863e+00 1.198882222175598145e+00
1.703600049018859863e+00 1.313005089759826660e+00 1.139181375503540039e+00
1.708544611930847168e+00 1.320013523101806641e+00 1.178879618644714355e+00
1.755921244621276855e+00 1.311898469924926758e+00 1.265147328376770020e+00
1.595518112182617188e+00 1.273392796516418457e+00 1.160936355590820312e+00
1.632355093955993652e+00 1.296105861663818359e+00 1.295435309410095215e+00
1.632392287254333496e+00 1.226341485977172852e+00 1.160742282867431641e+00
1.764087557792663574e+00 1.241718053817749023e+00 1.183448195457458496e+00
1.628468632698059082e+00 1.233819246292114258e+00 1.152325868606567383e+00
1.689761638641357422e+00 1.289327263832092285e+00 1.186303496360778809e+00
1.791338682174682617e+00 1.274919271469116211e+00 1.241459846496582031e+00
1.729896545410156250e+00 1.177995562553405762e+00 1.195406436920166016e+00
1.780583262443542480e+00 1.264455556869506836e+00 1.164544224739074707e+00
1.653611063957214355e+00 1.326341032981872559e+00 1.129426240921020508e+00
1.681336283683776855e+00 1.272823333740234375e+00 1.174038052558898926e+00
1.718215227127075195e+00 1.293764472007751465e+00 1.163404703140258789e+00
1.669309735298156738e+00 1.357638835906982422e+00 1.224262595176696777e+00
1.721810698509216309e+00 1.280097484588623047e+00 1.160611867904663086e+00
1.664334535598754883e+00 1.290398478507995605e+00 1.186599135398864746e+00
1.656551837921142578e+00 1.247472643852233887e+00 1.204442143440246582e+00
1.737235784530639648e+00 1.344532847404479980e+00 1.219604015350341797e+00
1.714214205741882324e+00 1.269328474998474121e+00 1.176121711730957031e+00
1.681988835334777832e+00 1.312303423881530762e+00 1.250491380691528320e+00
1.723325014114379883e+00 1.264977931976318359e+00 1.189014554023742676e+00
1.689762711524963379e+00 1.289169430732727051e+00 1.212404489517211914e+00
1.742680191993713379e+00 1.350442886352539062e+00 1.232534766197204590e+00
1.688939690589904785e+00 1.297970414161682129e+00 1.128518700599670410e+00
1.755293965339660645e+00 1.352308392524719238e+00 1.183654785156250000e+00
1.646870613098144531e+00 1.280921816825866699e+00 1.192409157752990723e+00
1.628125905990600586e+00 1.348682284355163574e+00 1.176061153411865234e+00
1.573321938514709473e+00 1.350566625595092773e+00 1.240628957748413086e+00
1.762826323509216309e+00 1.194484591484069824e+00 1.267983317375183105e+00
1.594482183456420898e+00 1.238806843757629395e+00 1.205505609512329102e+00
1.721067309379577637e+00 1.259856462478637695e+00 1.248088955879211426e+00
1.725029706954956055e+00 1.303220152854919434e+00 1.173212528228759766e+00
1.786325216293334961e+00 1.288790225982666016e+00 1.166330575942993164e+00
1.629343628883361816e+00 1.362033963203430176e+00 1.211213111877441406e+00
1.658968448638916016e+00 1.337863326072692871e+00 1.184730172157287598e+00
1.708956599235534668e+00 1.260918736457824707e+00 1.142417073249816895e+00
1.726750373840332031e+00 1.321737647056579590e+00 1.220134854316711426e+00
1.645598769187927246e+00 1.326006770133972168e+00 1.255175471305847168e+00
1.734317064285278320e+00 1.317974567413330078e+00 1.183204412460327148e+00
1.647011041641235352e+00 1.334794402122497559e+00 1.197558283805847168e+00
1.656062602996826172e+00 1.247976422309875488e+00 1.189455389976501465e+00
1.666924595832824707e+00 1.264239788055419922e+00 1.259407281875610352e+00
1.720147848129272461e+00 1.329114198684692383e+00 1.256812095642089844e+00
1.696434974670410156e+00 1.311465144157409668e+00 1.229797124862670898e+00
1.785156011581420898e+00 1.284605622291564941e+00 1.213374018669128418e+00
1.685829758644104004e+00 1.287659049034118652e+00 1.207919359207153320e+00
1.760207891464233398e+00 1.271872639656066895e+00 1.150474071502685547e+00
1.742628931999206543e+00 1.305938243865966797e+00 1.226545691490173340e+00
1.751993417739868164e+00 1.358762741088867188e+00 1.246756315231323242e+00
1.672808885574340820e+00 1.306339502334594727e+00 1.194879174232482910e+00
1.738298654556274414e+00 1.240647315979003906e+00 1.127090215682983398e+00
1.657825350761413574e+00 1.188177108764648438e+00 1.215627551078796387e+00
1.641577839851379395e+00 1.254476785659790039e+00 1.221887588500976562e+00
1.743376135826110840e+00 1.304503560066223145e+00 1.135542273521423340e+00
1.688201308250427246e+00 1.353757381439208984e+00 1.220564603805541992e+00
1.723073363304138184e+00 1.370268702507019043e+00 1.144663214683532715e+00
1.702142357826232910e+00 1.394703507423400879e+00 1.188909769058227539e+00
1.691409945487976074e+00 1.309935808181762695e+00 1.179469585418701172e+00
1.695695161819458008e+00 1.331732749938964844e+00 1.196007251739501953e+00
1.725193500518798828e+00 1.276495099067687988e+00 1.213720560073852539e+00
1.723556637763977051e+00 1.296024560928344727e+00 1.220628976821899414e+00
1.719649195671081543e+00 1.291121006011962891e+00 1.144008636474609375e+00
1.712205648422241211e+00 1.212604522705078125e+00 1.206586241722106934e+00
1.697568058967590332e+00 1.290172338485717773e+00 1.192049503326416016e+00
1.706579923629760742e+00 1.264099597930908203e+00 1.234109878540039062e+00
1.665748000144958496e+00 1.294276595115661621e+00 1.192306518554687500e+00
1.709552884101867676e+00 1.336123228073120117e+00 1.213459849357604980e+00
1.688849687576293945e+00 1.326686620712280273e+00 1.103911995887756348e+00
1.751696348190307617e+00 1.201074361801147461e+00 1.241307258605957031e+00
1.697952151298522949e+00 1.388108372688293457e+00 1.097676515579223633e+00
1.611800909042358398e+00 1.332772612571716309e+00 1.264364838600158691e+00
1.610709905624389648e+00 1.297348022460937500e+00 1.119988322257995605e+00
1.645013332366943359e+00 1.300055503845214844e+00 1.197028040885925293e+00
1.698565125465393066e+00 1.282026886940002441e+00 1.213902592658996582e+00
1.720742821693420410e+00 1.339601635932922363e+00 1.303706169128417969e+00
1.685904145240783691e+00 1.328964829444885254e+00 1.175327420234680176e+00
1.641815423965454102e+00 1.350051403045654297e+00 1.165701031684875488e+00
1.666720271110534668e+00 1.287825226783752441e+00 1.171543478965759277e+00
1.609483957290649414e+00 1.278086900711059570e+00 1.219747900962829590e+00
1.669881105422973633e+00 1.280251860618591309e+00 1.141611814498901367e+00
1.774909734725952148e+00 1.295617938041687012e+00 1.154233574867248535e+00
1.735866904258728027e+00 1.352540135383605957e+00 1.174947142601013184e+00
1.654814720153808594e+00 1.272218465805053711e+00 1.314492583274841309e+00
1.711333513259887695e+00 1.300984263420104980e+00 1.171599864959716797e+00
1.684449434280395508e+00 1.265714526176452637e+00 1.220128417015075684e+00
1.623441815376281738e+00 1.303520560264587402e+00 1.164043903350830078e+00
1.749652147293090820e+00 1.275297760963439941e+00 1.240946173667907715e+00
1.749746322631835938e+00 1.282870411872863770e+00 1.127235651016235352e+00
1.756375074386596680e+00 1.238041043281555176e+00 1.169997215270996094e+00
1.624367594718933105e+00 1.229058980941772461e+00 1.211664438247680664e+00
1.767987966537475586e+00 1.314005851745605469e+00 1.187100291252136230e+00
1.644504427909851074e+00 1.299066185951232910e+00 1.210287928581237793e+00
1.658382177352905273e+00 1.178718924522399902e+00 1.162061929702758789e+00
1.710793852806091309e+00 1.297425866127014160e+00 1.156735777854919434e+00
1.666795492172241211e+00 1.250755906105041504e+00 1.218397021293640137e+00
1.663412928581237793e+00 1.306072235107421875e+00 1.160031676292419434e+00
1.689907908439636230e+00 1.302646875381469727e+00 1.230509400367736816e+00
1.694677829742431641e+00 1.313167095184326172e+00 1.121786355972290039e+00
1.708614826202392578e+00 1.240902543067932129e+00 1.196390509605407715e+00
1.651031494140625000e+00 1.333933949470520020e+00 1.214742660522460938e+00
1.762207865715026855e+00 1.348603248596191406e+00 1.151684165000915527e+00
1.683060288429260254e+00 1.304380178451538086e+00 1.161426901817321777e+00
1.684463858604431152e+00 1.306734800338745117e+00 1.173812389373779297e+00
1.740445971488952637e+00 1.279395341873168945e+00 1.289322018623352051e+00
1.733871579170227051e+00 1.284011483192443848e+00 1.258708238601684570e+00
1.696769237518310547e+00 1.333081483840942383e+00 1.169254541397094727e+00
1.783006191253662109e+00 1.277394056320190430e+00 1.165908336639404297e+00
1.712584614753723145e+00 1.310996532440185547e+00 1.175981521606445312e+00
1.684435486793518066e+00 1.231948494911193848e+00 1.176576733589172363e+00
1.630303621292114258e+00 1.236978411674499512e+00 1.206005930900573730e+00
1.759777069091796875e+00 1.306831479072570801e+00 1.160656452178955078e+00
1.707704424858093262e+00 1.292852401733398438e+00 1.236943006515502930e+00
1.606919050216674805e+00 1.352205634117126465e+00 1.211682558059692383e+00
1.660105228424072266e+00 1.248237252235412598e+00 1.162075281143188477e+00
1.662696361541748047e+00 1.344741463661193848e+00 1.230970621109008789e+00
1.681896924972534180e+00 1.317905664443969727e+00 1.124220728874206543e+00
1.686939477920532227e+00 1.299344420433044434e+00 1.250989556312561035e+00
1.740563869476318359e+00 1.326976537704467773e+00 1.230906248092651367e+00
1.763990879058837891e+00 1.360626459121704102e+00 1.198223352432250977e+00
1.678576946258544922e+00 1.293317198753356934e+00 1.181692242622375488e+00
1.642633795738220215e+00 1.243360757827758789e+00 1.222507238388061523e+00
1.720666766166687012e+00 1.307541251182556152e+00 1.120110392570495605e+00
1.616459012031555176e+00 1.275040626525878906e+00 1.141598224639892578e+00
1.798359394073486328e+00 1.286202073097229004e+00 1.195607423782348633e+00
1.674781918525695801e+00 1.320382833480834961e+00 1.222032546997070312e+00
1.586535453796386719e+00 1.258361101150512695e+00 1.150309681892395020e+00
1.716536760330200195e+00 1.165400743484497070e+00 1.117701649665832520e+00
1.714714646339416504e+00 1.318647384643554688e+00 1.160649180412292480e+00
1.694582581520080566e+00 1.324610590934753418e+00 1.214592218399047852e+00
1.719036340713500977e+00 1.319112181663513184e+00 1.227465987205505371e+00
1.746272683143615723e+00 1.311386823654174805e+00 1.245804429054260254e+00
1.730645656585693359e+00 1.301896095275878906e+00 1.194080591201782227e+00
1.659257650375366211e+00 1.337572574615478516e+00 1.237338900566101074e+00
1.715047955513000488e+00 1.213426947593688965e+00 1.202164292335510254e+00
1.596223950386047363e+00 1.252878427505493164e+00 1.139957427978515625e+00
1.720278024673461914e+00 1.213917613029479980e+00 1.165653228759765625e+00
1.806888341903686523e+00 1.328253269195556641e+00 1.145942211151123047e+00
1.706147551536560059e+00 1.302904844284057617e+00 1.270528912544250488e+00
1.653278231620788574e+00 1.345741629600524902e+00 1.181422948837280273e+00
1.708814978599548340e+00 1.289194822311401367e+00 1.201154708862304688e+00
1.791914224624633789e+00 1.347993969917297363e+00 1.232095003128051758e+00
1.643575668334960938e+00 1.302383661270141602e+00 1.194408893585205078e+00
1.721588253974914551e+00 1.230259418487548828e+00 1.195180654525756836e+00
1.640354514122009277e+00 1.325865387916564941e+00 1.244963288307189941e+00
1.654727101325988770e+00 1.225368261337280273e+00 1.249451875686645508e+00
1.622879505157470703e+00 1.276402592658996582e+00 1.237319231033325195e+00
1.643843889236450195e+00 1.231894373893737793e+00 1.197678685188293457e+00
1.676972746849060059e+00 1.280514717102050781e+00 1.167937874794006348e+00
1.806316137313842773e+00 1.300203680992126465e+00 1.199847817420959473e+00
1.712251543998718262e+00 1.237467646598815918e+00 1.215014219284057617e+00
1.774856209754943848e+00 1.246044635772705078e+00 1.165428757667541504e+00
1.666436076164245605e+00 1.310174822807312012e+00 1.180929780006408691e+00
1.731525182723999023e+00 1.307650566101074219e+00 1.164291143417358398e+00
1.758646607398986816e+00 1.317980885505676270e+00 1.213110327720642090e+00
1.707979798316955566e+00 1.290004730224609375e+00 1.232956171035766602e+00
1.699689745903015137e+00 1.302454710006713867e+00 1.197952985763549805e+00
1.681784868240356445e+00 1.285571098327636719e+00 1.141286492347717285e+00
1.704005599021911621e+00 1.300021529197692871e+00 1.214258551597595215e+00
1.640145063400268555e+00 1.323349475860595703e+00 1.213254809379577637e+00
1.662772417068481445e+00 1.271206140518188477e+00 1.117276430130004883e+00
1.743778586387634277e+00 1.221542716026306152e+00 1.156619906425476074e+00
1.779684901237487793e+00 1.213668584823608398e+00 1.215109348297119141e+00
1.699921369552612305e+00 1.281505823135375977e+00 1.117927432060241699e+00
1.794002652168273926e+00 1.311567902565002441e+00 1.187256574630737305e+00
1.770962953567504883e+00 1.218727588653564453e+00 1.184148907661437988e+00
1.678814411163330078e+00 1.311971306800842285e+00 1.157634139060974121e+00
1.624612212181091309e+00 1.288822650909423828e+00 1.277457118034362793e+00
1.683392643928527832e+00 1.324057102203369141e+00 1.170478343963623047e+00
1.660269737243652344e+00 1.270685315132141113e+00 1.200394988059997559e+00
1.723811507225036621e+00 1.286835908889770508e+00 1.247877001762390137e+00
1.701629877090454102e+00 1.308775067329406738e+00 1.157040834426879883e+00
1.809551715850830078e+00 1.274368762969970703e+00 1.175795555114746094e+00
1.731925368309020996e+00 1.369312524795532227e+00 1.229136824607849121e+00
1.742751359939575195e+00 1.370782375335693359e+00 1.192047476768493652e+00
1.772014856338500977e+00 1.362728238105773926e+00 1.178870439529418945e+00
1.718518376350402832e+00 1.267315149307250977e+00 1.300117731094360352e+00
1.706444263458251953e+00 1.254055976867675781e+00 1.155140757560729980e+00
1.729100584983825684e+00 1.339255213737487793e+00 1.171160578727722168e+00
1.643786549568176270e+00 1.190391540527343750e+00 1.322697639465332031e+00
1.696878314018249512e+00 1.340244174003601074e+00 1.183477163314819336e+00
1.696884870529174805e+00 1.205284237861633301e+00 1.237727761268615723e+00
1.660416483879089355e+00 1.290659904479980469e+00 1.132467150688171387e+00
1.724307298660278320e+00 1.227389335632324219e+00 1.209615826606750488e+00
1.702623963356018066e+00 1.327442646026611328e+00 1.302192091941833496e+00
1.714385628700256348e+00 1.319702863693237305e+00 1.226022243499755859e+00
1.748578786849975586e+00 1.253262996673583984e+00 1.159199595451354980e+00
1.772408962249755859e+00 1.330096364021301270e+00 1.228086352348327637e+00
1.667415022850036621e+00 1.237725615501403809e+00 1.190947771072387695e+00
1.791195154190063477e+00 1.293692231178283691e+00 1.143220901489257812e+00
1.821957826614379883e+00 1.296075344085693359e+00 1.202895045280456543e+00
1.731596350669860840e+00 1.225450992584228516e+00 1.129494905471801758e+00
1.767060279846191406e+00 1.297056198120117188e+00 1.144080042839050293e+00
1.626918554306030273e+00 1.266265153884887695e+00 1.230787992477416992e+00
1.678764104843139648e+00 1.316499233245849609e+00 1.248634219169616699e+00
1.591571211814880371e+00 1.278371810913085938e+00 1.193584799766540527e+00
1.649931788444519043e+00 1.224674940109252930e+00 1.232513546943664551e+00
1.584325313568115234e+00 1.332930684089660645e+00 1.210622429847717285e+00
1.702551722526550293e+00 1.344031095504760742e+00 1.249236226081848145e+00
1.770881891250610352e+00 1.273564219474792480e+00 1.160924553871154785e+00
1.634945034980773926e+00 1.275577783584594727e+00 1.239071846008300781e+00
1.717063307762145996e+00 1.237550973892211914e+00 1.196593046188354492e+00
1.640914797782897949e+00 1.253088831901550293e+00 1.177536725997924805e+00
1.670191049575805664e+00 1.264829039573669434e+00 1.167151212692260742e+00
1.693008780479431152e+00 1.236468911170959473e+00 1.207010269165039062e+00
1.663084983825683594e+00 1.268571138381958008e+00 1.195822834968566895e+00
1.648905992507934570e+00 1.223289608955383301e+00 1.157021403312683105e+00
1.780347108840942383e+00 1.267382740974426270e+00 1.289749145507812500e+00
1.692123413085937500e+00 1.258085727691650391e+00 1.173996210098266602e+00
1.675796270370483398e+00 1.266316175460815430e+00 1.244842886924743652e+00
1.672020912170410156e+00 1.282919406890869141e+00 1.146713137626647949e+00
1.696915149688720703e+00 1.284067988395690918e+00 1.249115705490112305e+00
1.670448899269104004e+00 1.326123476028442383e+00 1.261020064353942871e+00
1.669068217277526855e+00 1.257513761520385742e+00 1.249997496604919434e+00
1.709458947181701660e+00 1.298929095268249512e+00 1.219022035598754883e+00
1.708623647689819336e+00 1.289877295494079590e+00 1.159832715988159180e+00
1.680633783340454102e+00 1.250719785690307617e+00 1.163387775421142578e+00
1.651815176010131836e+00 1.372691869735717773e+00 1.140647172927856445e+00
1.780214548110961914e+00 1.273929715156555176e+00 1.129686594009399414e+00
1.717873692512512207e+00 1.318574547767639160e+00 1.193052649497985840e+00
1.718626379966735840e+00 1.269036173820495605e+00 1.179563879966735840e+00
1.631982684135437012e+00 1.228503227233886719e+00 1.237235665321350098e+00
1.649256706237792969e+00 1.273624897003173828e+00 1.236140966415405273e+00
1.765773057937622070e+00 1.303370833396911621e+00 1.220379829406738281e+00
1.614990234375000000e+00 1.287597298622131348e+00 1.192587018013000488e+00
1.728515267372131348e+00 1.323683738708496094e+00 1.100676417350769043e+00
1.781275153160095215e+00 1.261626243591308594e+00 1.122742176055908203e+00
1.640783309936523438e+00 1.295561909675598145e+00 1.190497756004333496e+00
1.736880064010620117e+00 1.286146521568298340e+00 1.227681875228881836e+00
1.664029479026794434e+00 1.288361430168151855e+00 1.202638745307922363e+00
1.737764477729797363e+00 1.334999680519104004e+00 1.176218271255493164e+00
1.685389280319213867e+00 1.302941679954528809e+00 1.223351359367370605e+00
1.773036599159240723e+00 1.327057242393493652e+00 1.350608110427856445e+00
1.643354177474975586e+00 1.369526505470275879e+00 1.296600937843322754e+00
1.739583730697631836e+00 1.294766664505004883e+00 1.190207958221435547e+00
1.676496863365173340e+00 1.298834681510925293e+00 1.217297554016113281e+00
1.712432146072387695e+00 1.300423502922058105e+00 1.254264235496520996e+00
1.687383651733398438e+00 1.270959138870239258e+00 1.101243257522583008e+00
1.665459871292114258e+00 1.294952034950256348e+00 1.142826080322265625e+00
1.679366230964660645e+00 1.291240930557250977e+00 1.228042721748352051e+00
1.768946528434753418e+00 1.262158274650573730e+00 1.208630204200744629e+00
1.681937098503112793e+00 1.288058876991271973e+00 1.232006430625915527e+00
1.718211293220520020e+00 1.286233901977539062e+00 1.292562007904052734e+00
1.708691596984863281e+00 1.329563617706298828e+00 1.178586363792419434e+00
1.685965061187744141e+00 1.255721449851989746e+00 1.190456628799438477e+00
1.672908902168273926e+00 1.353219985961914062e+00 1.168415665626525879e+00
1.642337083816528320e+00 1.257817745208740234e+00 1.217259883880615234e+00
1.708369493484497070e+00 1.300123929977416992e+00 1.223868846893310547e+00
1.710515260696411133e+00 1.259888172149658203e+00 1.138444662094116211e+00
1.687622427940368652e+00 1.241629600524902344e+00 1.211469054222106934e+00
1.778432965278625488e+00 1.264965891838073730e+00 1.193388581275939941e+00
1.751861929893493652e+00 1.291615843772888184e+00 1.198197841644287109e+00
1.686255097389221191e+00 1.340119838714599609e+00 1.177080631256103516e+00
1.771380543708801270e+00 1.313340306282043457e+00 1.160785794258117676e+00
1.697420835494995117e+00 1.352465867996215820e+00 1.162626266479492188e+00
1.685107111930847168e+00 1.218495488166809082e+00 1.235579967498779297e+00
1.727718234062194824e+00 1.278960704803466797e+00 1.272403240203857422e+00
1.756588578224182129e+00 1.304157257080078125e+00 1.229104518890380859e+00
1.758690714836120605e+00 1.216554045677185059e+00 1.142605066299438477e+00
1.740828871726989746e+00 1.260337591171264648e+00 1.250365376472473145e+00
1.676272988319396973e+00 1.243106603622436523e+00 1.101844787597656250e+00
1.679603695869445801e+00 1.324853777885437012e+00 1.167435407638549805e+00
1.643110752105712891e+00 1.303572654724121094e+00 1.140381097793579102e+00
1.634142637252807617e+00 1.316290140151977539e+00 1.154762506484985352e+00
1.774666786193847656e+00 1.322888374328613281e+00 1.345584034919738770e+00
1.685379981994628906e+00 1.306397080421447754e+00 1.117589950561523438e+00
1.724072337150573730e+00 1.264486074447631836e+00 1.132954359054565430e+00
1.761871218681335449e+00 1.290497064590454102e+00 1.216472744941711426e+00
1.691851615905761719e+00 1.312850594520568848e+00 1.281108856201171875e+00
1.648741245269775391e+00 1.388174176216125488e+00 1.168960809707641602e+00
1.725548386573791504e+00 1.307071447372436523e+00 1.178202033042907715e+00
1.715705037117004395e+00 1.299010515213012695e+00 1.181912064552307129e+00
1.808644175529479980e+00 1.383101224899291992e+00 1.208194136619567871e+00
1.709076523780822754e+00 1.318513989448547363e+00 1.115350246429443359e+00
1.735125541687011719e+00 1.258512139320373535e+00 1.162735104560852051e+00
1.670768141746520996e+00 1.241205811500549316e+00 1.191002726554870605e+00
1.652815461158752441e+00 1.299189329147338867e+00 1.223783731460571289e+00
1.666736602783203125e+00 1.243389844894409180e+00 1.140651464462280273e+00
1.729591131210327148e+00 1.299356698989868164e+00 1.171215415000915527e+00
1.739234447479248047e+00 1.288704752922058105e+00 1.241799592971801758e+00
1.756573557853698730e+00 1.245548725128173828e+00 1.194259524345397949e+00
1.618815183639526367e+00 1.308877229690551758e+00 1.272209644317626953e+00
1.673664569854736328e+00 1.406560659408569336e+00 1.172646522521972656e+00
1.749270915985107422e+00 1.171508669853210449e+00 1.107082843780517578e+00
1.756177067756652832e+00 1.379992246627807617e+00 1.225019335746765137e+00
1.665468215942382812e+00 1.281518459320068359e+00 1.260807037353515625e+00
1.616520762443542480e+00 1.296790599822998047e+00 1.120218396186828613e+00
1.732927322387695312e+00 1.256438374519348145e+00 1.278231143951416016e+00
1.796626567840576172e+00 1.239583253860473633e+00 1.180685997009277344e+00
1.693907618522644043e+00 1.369698166847229004e+00 1.196981549263000488e+00
1.631012797355651855e+00 1.298845410346984863e+00 1.237668275833129883e+00
1.679929375648498535e+00 1.264113068580627441e+00 1.200319170951843262e+00
1.615623831748962402e+00 1.317917466163635254e+00 1.305324912071228027e+00
1.759196519851684570e+00 1.424393296241760254e+00 1.185329556465148926e+00
1.758390426635742188e+00 1.293277025222778320e+00 1.174285054206848145e+00
1.696060538291931152e+00 1.252187728881835938e+00 1.144466519355773926e+00
1.717262625694274902e+00 1.282068729400634766e+00 1.136775374412536621e+00
1.629003882408142090e+00 1.342711210250854492e+00 1.200511336326599121e+00
1.672586083412170410e+00 1.302331566810607910e+00 1.201332330703735352e+00
1.716279268264770508e+00 1.333984017372131348e+00 1.147353649139404297e+00
1.644696831703186035e+00 1.263940095901489258e+00 1.233142137527465820e+00
1.731167435646057129e+00 1.274068951606750488e+00 1.214716196060180664e+00
1.661127567291259766e+00 1.301759481430053711e+00 1.167556881904602051e+00
1.710691928863525391e+00 1.279743313789367676e+00 1.155791401863098145e+00
1.665263414382934570e+00 1.287605166435241699e+00 1.129165768623352051e+00
1.648160338401794434e+00 1.290030241012573242e+00 1.204865813255310059e+00
1.709549188613891602e+00 1.303851127624511719e+00 1.051713466644287109e+00
1.698929309844970703e+00 1.343352437019348145e+00 1.193214297294616699e+00
1.812108039855957031e+00 1.278369069099426270e+00 1.227884769439697266e+00
1.640750527381896973e+00 1.258571624755859375e+00 1.182339191436767578e+00
1.715044975280761719e+00 1.288895964622497559e+00 1.126701593399047852e+00
1.696129560470581055e+00 1.286362648010253906e+00 1.079980731010437012e+00
1.688063859939575195e+00 1.346107602119445801e+00 1.206140160560607910e+00
1.680175542831420898e+00 1.316915750503540039e+00 1.094126820564270020e+00
1.718374967575073242e+00 1.323186278343200684e+00 1.227010369300842285e+00
1.659379720687866211e+00 1.288558483123779297e+00 1.205715656280517578e+00
1.716690659523010254e+00 1.314010500907897949e+00 1.176876544952392578e+00
1.675362825393676758e+00 1.398154258728027344e+00 1.235174298286437988e+00
1.650869846343994141e+00 1.224990963935852051e+00 1.181987524032592773e+00
1.740541577339172363e+00 1.285760164260864258e+00 1.223083853721618652e+00
1.694882988929748535e+00 1.422904849052429199e+00 1.256417393684387207e+00
1.748278021812438965e+00 1.295810937881469727e+00 1.233426928520202637e+00
1.772862434387207031e+00 1.310616612434387207e+00 1.300132870674133301e+00
1.737534999847412109e+00 1.337787151336669922e+00 1.208247900009155273e+00
1.664233326911926270e+00 1.261079549789428711e+00 1.180391192436218262e+00
1.673340559005737305e+00 1.330313682556152344e+00 1.199663996696472168e+00
1.747086644172668457e+00 1.275840640068054199e+00 1.206396937370300293e+00
1.673081755638122559e+00 1.300541639328002930e+00 1.212129712104797363e+00
1.712949633598327637e+00 1.290919542312622070e+00 1.248042345046997070e+00
1.730314135551452637e+00 1.274438261985778809e+00 1.265371799468994141e+00
1.731063485145568848e+00 1.273704767227172852e+00 1.226614594459533691e+00
1.769855737686157227e+00 1.285525321960449219e+00 1.229610919952392578e+00
1.685022354125976562e+00 1.274203181266784668e+00 1.219247937202453613e+00
1.657772779464721680e+00 1.279340863227844238e+00 1.221856951713562012e+00
1.681187272071838379e+00 1.248208284378051758e+00 1.149227619171142578e+00
1.665792942047119141e+00 1.279862642288208008e+00 1.212990641593933105e+00
1.639112472534179688e+00 1.324077486991882324e+00 1.195325970649719238e+00
1.736251115798950195e+00 1.278772115707397461e+00 1.183164715766906738e+00
1.747559309005737305e+00 1.302056193351745605e+00 1.112023830413818359e+00
1.675180673599243164e+00 1.289009213447570801e+00 1.243802666664123535e+00
1.547784686088562012e+00 1.280716896057128906e+00 1.277824521064758301e+00
1.672259926795959473e+00 1.335305213928222656e+00 1.204024791717529297e+00
1.719917893409729004e+00 1.366810798645019531e+00 1.213184952735900879e+00
